{
  "type": "FeatureCollection",
  "features": [
    {
      "type": "Feature",
      "properties": {
        "node": "n_geo_valle_d_aosta",
        "name": "Valle d’Aosta",
        "point_role": "explicit gazetteer or settlement reference; not legal wine-area boundary",
        "point_place_name": "Aosta Valley",
        "point_description": "Italian mountainous semi-autonomous region in the North-West",
        "wikidata_id": "Q1222",
        "source_coordinate_claim": "q1222$9209C0DC-B424-4E9E-B68D-9C6688F4FE47",
        "source_coordinate_url": "https://www.wikidata.org/wiki/Special:EntityData/Q1222.json",
        "source_url": "https://www.wikidata.org/wiki/Q1222",
        "retrieved_on": "2026-09-26",
        "coordinate_precision": 0.016666666666667,
        "license": "CC0 1.0",
        "label_note": "Reference: Aosta Valley. Point is not the area's legal boundary."
      },
      "geometry": {
        "type": "Point",
        "coordinates": [
          7.3666666666667,
          45.716666666667
        ]
      }
    },
    {
      "type": "Feature",
      "properties": {
        "node": "n_geo_liguria",
        "name": "Liguria",
        "point_role": "explicit gazetteer or settlement reference; not legal wine-area boundary",
        "point_place_name": "Liguria",
        "point_description": "Italian region",
        "wikidata_id": "Q1256",
        "source_coordinate_claim": "q1256$A133991C-9780-4A3F-B3BA-CAA919CB802E",
        "source_coordinate_url": "https://www.wikidata.org/wiki/Special:EntityData/Q1256.json",
        "source_url": "https://www.wikidata.org/wiki/Q1256",
        "retrieved_on": "2026-09-26",
        "coordinate_precision": 0.00027777777777778,
        "license": "CC0 1.0",
        "label_note": "Reference: Liguria. Point is not the area's legal boundary."
      },
      "geometry": {
        "type": "Point",
        "coordinates": [
          8.7666666666667,
          44.45
        ]
      }
    },
    {
      "type": "Feature",
      "properties": {
        "node": "n_geo_trentino_alto_adige",
        "name": "Trentino-Alto Adige",
        "point_role": "explicit gazetteer or settlement reference; not legal wine-area boundary",
        "point_place_name": "Trentino-South Tyrol",
        "point_description": "autonomous region in Northern Italy",
        "wikidata_id": "Q1237",
        "source_coordinate_claim": "q1237$3F269E7A-781E-4D49-9069-15FEF8CD9B87",
        "source_coordinate_url": "https://www.wikidata.org/wiki/Special:EntityData/Q1237.json",
        "source_url": "https://www.wikidata.org/wiki/Q1237",
        "retrieved_on": "2026-09-26",
        "coordinate_precision": 0.016666666666667,
        "license": "CC0 1.0",
        "label_note": "Reference: Trentino-South Tyrol. Point is not the area's legal boundary."
      },
      "geometry": {
        "type": "Point",
        "coordinates": [
          11.416666666667,
          46.383333333333
        ]
      }
    },
    {
      "type": "Feature",
      "properties": {
        "node": "n_geo_emilia_romagna",
        "name": "Emilia-Romagna",
        "point_role": "explicit gazetteer or settlement reference; not legal wine-area boundary",
        "point_place_name": "Emilia-Romagna",
        "point_description": "region of Italy",
        "wikidata_id": "Q1263",
        "source_coordinate_claim": "q1263$13FD6AC5-1430-4B02-B6CC-49683925750E",
        "source_coordinate_url": "https://www.wikidata.org/wiki/Special:EntityData/Q1263.json",
        "source_url": "https://www.wikidata.org/wiki/Q1263",
        "retrieved_on": "2026-09-26",
        "coordinate_precision": 0.0166667,
        "license": "CC0 1.0",
        "label_note": "Reference: Emilia-Romagna. Point is not the area's legal boundary."
      },
      "geometry": {
        "type": "Point",
        "coordinates": [
          11,
          44.75
        ]
      }
    },
    {
      "type": "Feature",
      "properties": {
        "node": "n_geo_umbria",
        "name": "Umbria",
        "point_role": "explicit gazetteer or settlement reference; not legal wine-area boundary",
        "point_place_name": "Umbria",
        "point_description": "region of Italy",
        "wikidata_id": "Q1280",
        "source_coordinate_claim": "q1280$C691787F-A9FA-484E-9659-ADB22583E0B8",
        "source_coordinate_url": "https://www.wikidata.org/wiki/Special:EntityData/Q1280.json",
        "source_url": "https://www.wikidata.org/wiki/Q1280",
        "retrieved_on": "2026-09-26",
        "coordinate_precision": 0.016666666666667,
        "license": "CC0 1.0",
        "label_note": "Reference: Umbria. Point is not the area's legal boundary."
      },
      "geometry": {
        "type": "Point",
        "coordinates": [
          12.566666666667,
          42.983333333333
        ]
      }
    },
    {
      "type": "Feature",
      "properties": {
        "node": "n_geo_lazio",
        "name": "Lazio",
        "point_role": "explicit gazetteer or settlement reference; not legal wine-area boundary",
        "point_place_name": "Lazio",
        "point_description": "region of Italy",
        "wikidata_id": "Q1282",
        "source_coordinate_claim": "q1282$1E136BDA-1BCA-4558-A056-E962C59B4FB7",
        "source_coordinate_url": "https://www.wikidata.org/wiki/Special:EntityData/Q1282.json",
        "source_url": "https://www.wikidata.org/wiki/Q1282",
        "retrieved_on": "2026-09-26",
        "coordinate_precision": null,
        "license": "CC0 1.0",
        "label_note": "Reference: Lazio. Point is not the area's legal boundary."
      },
      "geometry": {
        "type": "Point",
        "coordinates": [
          12.716666666667,
          41.9
        ]
      }
    },
    {
      "type": "Feature",
      "properties": {
        "node": "n_geo_abruzzo",
        "name": "Abruzzo",
        "point_role": "explicit gazetteer or settlement reference; not legal wine-area boundary",
        "point_place_name": "Abruzzo",
        "point_description": "region in Italy",
        "wikidata_id": "Q1284",
        "source_coordinate_claim": "q1284$0856FF9E-5ACB-445C-9583-F049BEBED6C1",
        "source_coordinate_url": "https://www.wikidata.org/wiki/Special:EntityData/Q1284.json",
        "source_url": "https://www.wikidata.org/wiki/Q1284",
        "retrieved_on": "2026-09-26",
        "coordinate_precision": 0.016666666666667,
        "license": "CC0 1.0",
        "label_note": "Reference: Abruzzo. Point is not the area's legal boundary."
      },
      "geometry": {
        "type": "Point",
        "coordinates": [
          13.833333333333,
          42.216666666667
        ]
      }
    },
    {
      "type": "Feature",
      "properties": {
        "node": "n_geo_molise",
        "name": "Molise",
        "point_role": "explicit gazetteer or settlement reference; not legal wine-area boundary",
        "point_place_name": "Molise",
        "point_description": "region in Italy",
        "wikidata_id": "Q1443",
        "source_coordinate_claim": "q1443$9AB24DAA-B802-4E91-8FE0-35923737CD53",
        "source_coordinate_url": "https://www.wikidata.org/wiki/Special:EntityData/Q1443.json",
        "source_url": "https://www.wikidata.org/wiki/Q1443",
        "retrieved_on": "2026-09-26",
        "coordinate_precision": 0.016666666666666666,
        "license": "CC0 1.0",
        "label_note": "Reference: Molise. Point is not the area's legal boundary."
      },
      "geometry": {
        "type": "Point",
        "coordinates": [
          14.616666666666667,
          41.7
        ]
      }
    },
    {
      "type": "Feature",
      "properties": {
        "node": "n_geo_puglia",
        "name": "Puglia",
        "point_role": "explicit gazetteer or settlement reference; not legal wine-area boundary",
        "point_place_name": "Apulia",
        "point_description": "region of Italy",
        "wikidata_id": "Q1447",
        "source_coordinate_claim": "q1447$BD8308A0-BB48-4B43-862D-75746E5FD633",
        "source_coordinate_url": "https://www.wikidata.org/wiki/Special:EntityData/Q1447.json",
        "source_url": "https://www.wikidata.org/wiki/Q1447",
        "retrieved_on": "2026-09-26",
        "coordinate_precision": 0.0002777777777777778,
        "license": "CC0 1.0",
        "label_note": "Reference: Apulia. Point is not the area's legal boundary."
      },
      "geometry": {
        "type": "Point",
        "coordinates": [
          16.512777777778,
          41.008611111111
        ]
      }
    },
    {
      "type": "Feature",
      "properties": {
        "node": "n_geo_basilicata",
        "name": "Basilicata",
        "point_role": "explicit gazetteer or settlement reference; not legal wine-area boundary",
        "point_place_name": "Basilicata",
        "point_description": "region of Italy",
        "wikidata_id": "Q1452",
        "source_coordinate_claim": "q1452$E1FE3900-AA4E-4D54-96EC-8503BE667756",
        "source_coordinate_url": "https://www.wikidata.org/wiki/Special:EntityData/Q1452.json",
        "source_url": "https://www.wikidata.org/wiki/Q1452",
        "retrieved_on": "2026-09-26",
        "coordinate_precision": 0.0166667,
        "license": "CC0 1.0",
        "label_note": "Reference: Basilicata. Point is not the area's legal boundary."
      },
      "geometry": {
        "type": "Point",
        "coordinates": [
          16.5,
          40.5
        ]
      }
    },
    {
      "type": "Feature",
      "properties": {
        "node": "n_geo_calabria",
        "name": "Calabria",
        "point_role": "explicit gazetteer or settlement reference; not legal wine-area boundary",
        "point_place_name": "Calabria",
        "point_description": "region of Italy",
        "wikidata_id": "Q1458",
        "source_coordinate_claim": "q1458$C216ADA9-B168-43B2-9205-3C2C1EB2EB09",
        "source_coordinate_url": "https://www.wikidata.org/wiki/Special:EntityData/Q1458.json",
        "source_url": "https://www.wikidata.org/wiki/Q1458",
        "retrieved_on": "2026-09-26",
        "coordinate_precision": 0.0166667,
        "license": "CC0 1.0",
        "label_note": "Reference: Calabria. Point is not the area's legal boundary."
      },
      "geometry": {
        "type": "Point",
        "coordinates": [
          16.5,
          39
        ]
      }
    },
    {
      "type": "Feature",
      "properties": {
        "node": "n_geo_sardinia",
        "name": "Sardinia",
        "point_role": "explicit gazetteer or settlement reference; not legal wine-area boundary",
        "point_place_name": "Sardinia",
        "point_description": "island and autonomous region of Italy",
        "wikidata_id": "Q1462",
        "source_coordinate_claim": "q1462$963BC2D6-9719-4EE6-A7C5-E24ACE07AD31",
        "source_coordinate_url": "https://www.wikidata.org/wiki/Special:EntityData/Q1462.json",
        "source_url": "https://www.wikidata.org/wiki/Q1462",
        "retrieved_on": "2026-09-26",
        "coordinate_precision": 0.0002777777777777778,
        "license": "CC0 1.0",
        "label_note": "Reference: Sardinia. Point is not the area's legal boundary."
      },
      "geometry": {
        "type": "Point",
        "coordinates": [
          9,
          40
        ]
      }
    },
    {
      "type": "Feature",
      "properties": {
        "node": "n_geo_barolo_commune",
        "name": "Barolo (commune)",
        "point_role": "named locality reference point; not municipality or appellation boundary",
        "point_place_name": "Barolo",
        "point_description": "Italian comune",
        "wikidata_id": "Q18356",
        "source_coordinate_claim": "q18356$41A4AEC6-FD92-4E64-AF67-457F1F2538F6",
        "source_coordinate_url": "https://www.wikidata.org/wiki/Special:EntityData/Q18356.json",
        "source_url": "https://www.wikidata.org/wiki/Q18356",
        "retrieved_on": "2026-09-26",
        "coordinate_precision": 0.00027777777777778,
        "license": "CC0 1.0",
        "label_note": "Reference: Barolo. Point is not the area's legal boundary."
      },
      "geometry": {
        "type": "Point",
        "coordinates": [
          7.9333333333333,
          44.616666666667
        ]
      }
    },
    {
      "type": "Feature",
      "properties": {
        "node": "n_geo_castiglione_falletto",
        "name": "Castiglione Falletto",
        "point_role": "named locality reference point; not municipality or appellation boundary",
        "point_place_name": "Castiglione Falletto",
        "point_description": "Italian comune",
        "wikidata_id": "Q19918",
        "source_coordinate_claim": "q19918$80BBFD2D-55AB-4A3B-A5B4-E80A455F789E",
        "source_coordinate_url": "https://www.wikidata.org/wiki/Special:EntityData/Q19918.json",
        "source_url": "https://www.wikidata.org/wiki/Q19918",
        "retrieved_on": "2026-09-26",
        "coordinate_precision": 0.000027777777777778,
        "license": "CC0 1.0",
        "label_note": "Reference: Castiglione Falletto. Point is not the area's legal boundary."
      },
      "geometry": {
        "type": "Point",
        "coordinates": [
          7.9786666666667,
          44.623972222222
        ]
      }
    },
    {
      "type": "Feature",
      "properties": {
        "node": "n_geo_serralunga_d_alba",
        "name": "Serralunga d’Alba",
        "point_role": "named locality reference point; not municipality or appellation boundary",
        "point_place_name": "Serralunga d'Alba",
        "point_description": "Italian comune",
        "wikidata_id": "Q20495",
        "source_coordinate_claim": "q20495$5EBC918F-E2F6-4D92-A64B-CE50D0886AB8",
        "source_coordinate_url": "https://www.wikidata.org/wiki/Special:EntityData/Q20495.json",
        "source_url": "https://www.wikidata.org/wiki/Q20495",
        "retrieved_on": "2026-09-26",
        "coordinate_precision": 0.00027777777777778,
        "license": "CC0 1.0",
        "label_note": "Reference: Serralunga d'Alba. Point is not the area's legal boundary."
      },
      "geometry": {
        "type": "Point",
        "coordinates": [
          8,
          44.616666666667
        ]
      }
    },
    {
      "type": "Feature",
      "properties": {
        "node": "n_geo_la_morra",
        "name": "La Morra",
        "point_role": "named locality reference point; not municipality or appellation boundary",
        "point_place_name": "La Morra",
        "point_description": "Italian comune",
        "wikidata_id": "Q20109",
        "source_coordinate_claim": "q20109$0A86F163-CADC-453B-BC7D-FFA12E13DBEC",
        "source_coordinate_url": "https://www.wikidata.org/wiki/Special:EntityData/Q20109.json",
        "source_url": "https://www.wikidata.org/wiki/Q20109",
        "retrieved_on": "2026-09-26",
        "coordinate_precision": 0.00027777777777778,
        "license": "CC0 1.0",
        "label_note": "Reference: La Morra. Point is not the area's legal boundary."
      },
      "geometry": {
        "type": "Point",
        "coordinates": [
          7.9333333333333,
          44.633333333333
        ]
      }
    },
    {
      "type": "Feature",
      "properties": {
        "node": "n_geo_monforte_d_alba",
        "name": "Monforte d’Alba",
        "point_role": "named locality reference point; not municipality or appellation boundary",
        "point_place_name": "Monforte d'Alba",
        "point_description": "Italian comune",
        "wikidata_id": "Q20191",
        "source_coordinate_claim": "q20191$48DC6AE1-4005-4DF0-A2BA-36CFF28A8C6A",
        "source_coordinate_url": "https://www.wikidata.org/wiki/Special:EntityData/Q20191.json",
        "source_url": "https://www.wikidata.org/wiki/Q20191",
        "retrieved_on": "2026-09-26",
        "coordinate_precision": 0.00027777777777778,
        "license": "CC0 1.0",
        "label_note": "Reference: Monforte d'Alba. Point is not the area's legal boundary."
      },
      "geometry": {
        "type": "Point",
        "coordinates": [
          7.9666666666667,
          44.583333333333
        ]
      }
    },
    {
      "type": "Feature",
      "properties": {
        "node": "n_geo_verduno",
        "name": "Verduno",
        "point_role": "named locality reference point; not municipality or appellation boundary",
        "point_place_name": "Verduno",
        "point_description": "Italian comune",
        "wikidata_id": "Q20530",
        "source_coordinate_claim": "q20530$2544AD7E-BB82-4687-B5EB-009F7D305B2A",
        "source_coordinate_url": "https://www.wikidata.org/wiki/Special:EntityData/Q20530.json",
        "source_url": "https://www.wikidata.org/wiki/Q20530",
        "retrieved_on": "2026-09-26",
        "coordinate_precision": 0.00027777777777778,
        "license": "CC0 1.0",
        "label_note": "Reference: Verduno. Point is not the area's legal boundary."
      },
      "geometry": {
        "type": "Point",
        "coordinates": [
          7.9333333333333,
          44.666666666667
        ]
      }
    },
    {
      "type": "Feature",
      "properties": {
        "node": "n_geo_novello",
        "name": "Novello",
        "point_role": "named locality reference point; not municipality or appellation boundary",
        "point_place_name": "Novello",
        "point_description": "Italian comune",
        "wikidata_id": "Q20268",
        "source_coordinate_claim": "q20268$DBAFACAC-A8C2-444D-84E0-A25E2E05B6EC",
        "source_coordinate_url": "https://www.wikidata.org/wiki/Special:EntityData/Q20268.json",
        "source_url": "https://www.wikidata.org/wiki/Q20268",
        "retrieved_on": "2026-09-26",
        "coordinate_precision": 0.00027777777777778,
        "license": "CC0 1.0",
        "label_note": "Reference: Novello. Point is not the area's legal boundary."
      },
      "geometry": {
        "type": "Point",
        "coordinates": [
          7.9333333333333,
          44.583333333333
        ]
      }
    },
    {
      "type": "Feature",
      "properties": {
        "node": "n_geo_grinzane_cavour",
        "name": "Grinzane Cavour",
        "point_role": "named locality reference point; not municipality or appellation boundary",
        "point_place_name": "Grinzane Cavour",
        "point_description": "Italian comune",
        "wikidata_id": "Q20099",
        "source_coordinate_claim": "Q20099$A591C65C-6655-4C4A-9D5C-2C153479C4BC",
        "source_coordinate_url": "https://www.wikidata.org/wiki/Special:EntityData/Q20099.json",
        "source_url": "https://www.wikidata.org/wiki/Q20099",
        "retrieved_on": "2026-09-26",
        "coordinate_precision": 0.000001,
        "license": "CC0 1.0",
        "label_note": "Reference: Grinzane Cavour. Point is not the area's legal boundary."
      },
      "geometry": {
        "type": "Point",
        "coordinates": [
          7.9964739,
          44.66097535
        ]
      }
    },
    {
      "type": "Feature",
      "properties": {
        "node": "n_geo_diano_d_alba",
        "name": "Diano d’Alba",
        "point_role": "named locality reference point; not municipality or appellation boundary",
        "point_place_name": "Diano d'Alba",
        "point_description": "Italian comune",
        "wikidata_id": "Q20017",
        "source_coordinate_claim": "q20017$56094052-4690-4992-BD38-18FE17008BFC",
        "source_coordinate_url": "https://www.wikidata.org/wiki/Special:EntityData/Q20017.json",
        "source_url": "https://www.wikidata.org/wiki/Q20017",
        "retrieved_on": "2026-09-26",
        "coordinate_precision": 0.00027777777777778,
        "license": "CC0 1.0",
        "label_note": "Reference: Diano d'Alba. Point is not the area's legal boundary."
      },
      "geometry": {
        "type": "Point",
        "coordinates": [
          8.0333333333333,
          44.65
        ]
      }
    },
    {
      "type": "Feature",
      "properties": {
        "node": "n_geo_cherasco",
        "name": "Cherasco",
        "point_role": "named locality reference point; not municipality or appellation boundary",
        "point_place_name": "Cherasco",
        "point_description": "Italian comune",
        "wikidata_id": "Q19946",
        "source_coordinate_claim": "q19946$3F6EDC52-C897-4076-BAB8-C19DC81775E1",
        "source_coordinate_url": "https://www.wikidata.org/wiki/Special:EntityData/Q19946.json",
        "source_url": "https://www.wikidata.org/wiki/Q19946",
        "retrieved_on": "2026-09-26",
        "coordinate_precision": 0.00027777777777778,
        "license": "CC0 1.0",
        "label_note": "Reference: Cherasco. Point is not the area's legal boundary."
      },
      "geometry": {
        "type": "Point",
        "coordinates": [
          7.8666666666667,
          44.65
        ]
      }
    },
    {
      "type": "Feature",
      "properties": {
        "node": "n_geo_roddi",
        "name": "Roddi",
        "point_role": "named locality reference point; not municipality or appellation boundary",
        "point_place_name": "Roddi",
        "point_description": "Italian comune",
        "wikidata_id": "Q20425",
        "source_coordinate_claim": "q20425$E0BE4694-3CDC-42BC-87F4-BD3383131CC2",
        "source_coordinate_url": "https://www.wikidata.org/wiki/Special:EntityData/Q20425.json",
        "source_url": "https://www.wikidata.org/wiki/Q20425",
        "retrieved_on": "2026-09-26",
        "coordinate_precision": 0.00027777777777778,
        "license": "CC0 1.0",
        "label_note": "Reference: Roddi. Point is not the area's legal boundary."
      },
      "geometry": {
        "type": "Point",
        "coordinates": [
          7.9666666666667,
          44.683333333333
        ]
      }
    },
    {
      "type": "Feature",
      "properties": {
        "node": "n_geo_barbaresco_commune",
        "name": "Barbaresco (commune)",
        "point_role": "named locality reference point; not municipality or appellation boundary",
        "point_place_name": "Barbaresco",
        "point_description": "Italian comune",
        "wikidata_id": "Q18353",
        "source_coordinate_claim": "q18353$4D1DA0F6-7AD5-41AA-88A6-3F04267A6AE4",
        "source_coordinate_url": "https://www.wikidata.org/wiki/Special:EntityData/Q18353.json",
        "source_url": "https://www.wikidata.org/wiki/Q18353",
        "retrieved_on": "2026-09-26",
        "coordinate_precision": 0.00027777777777778,
        "license": "CC0 1.0",
        "label_note": "Reference: Barbaresco. Point is not the area's legal boundary."
      },
      "geometry": {
        "type": "Point",
        "coordinates": [
          8.0833333333333,
          44.716666666667
        ]
      }
    },
    {
      "type": "Feature",
      "properties": {
        "node": "n_geo_neive",
        "name": "Neive",
        "point_role": "named locality reference point; not municipality or appellation boundary",
        "point_place_name": "Neive",
        "point_description": "Italian comune",
        "wikidata_id": "Q20251",
        "source_coordinate_claim": "q20251$99390D11-DECC-4854-A974-66C6D2705731",
        "source_coordinate_url": "https://www.wikidata.org/wiki/Special:EntityData/Q20251.json",
        "source_url": "https://www.wikidata.org/wiki/Q20251",
        "retrieved_on": "2026-09-26",
        "coordinate_precision": 0.00027777777777778,
        "license": "CC0 1.0",
        "label_note": "Reference: Neive. Point is not the area's legal boundary."
      },
      "geometry": {
        "type": "Point",
        "coordinates": [
          8.1166666666667,
          44.716666666667
        ]
      }
    },
    {
      "type": "Feature",
      "properties": {
        "node": "n_geo_treiso",
        "name": "Treiso",
        "point_role": "named locality reference point; not municipality or appellation boundary",
        "point_place_name": "Treiso",
        "point_description": "Italian comune",
        "wikidata_id": "Q20517",
        "source_coordinate_claim": "q20517$1852EB9C-3159-483B-A8D6-379E0CDF1820",
        "source_coordinate_url": "https://www.wikidata.org/wiki/Special:EntityData/Q20517.json",
        "source_url": "https://www.wikidata.org/wiki/Q20517",
        "retrieved_on": "2026-09-26",
        "coordinate_precision": 0.000027777777777778,
        "license": "CC0 1.0",
        "label_note": "Reference: Treiso. Point is not the area's legal boundary."
      },
      "geometry": {
        "type": "Point",
        "coordinates": [
          8.0869722222222,
          44.689222222222
        ]
      }
    },
    {
      "type": "Feature",
      "properties": {
        "node": "n_geo_san_rocco_seno_d_elvio",
        "name": "San Rocco Seno d’Elvio",
        "point_role": "named locality reference point; not municipality or appellation boundary",
        "point_place_name": "San Rocco Seno d'Elvio",
        "point_description": "human settlement in Alba, Province of Cuneo, Piedmont, Italy",
        "wikidata_id": "Q18440721",
        "source_coordinate_claim": "Q18440721$F84A39C6-8575-4274-97AA-728C0D471E2A",
        "source_coordinate_url": "https://www.wikidata.org/wiki/Special:EntityData/Q18440721.json",
        "source_url": "https://www.wikidata.org/wiki/Q18440721",
        "retrieved_on": "2026-09-26",
        "coordinate_precision": 0.00001,
        "license": "CC0 1.0",
        "label_note": "Reference: San Rocco Seno d'Elvio. Point is not the area's legal boundary."
      },
      "geometry": {
        "type": "Point",
        "coordinates": [
          8.06532,
          44.6814
        ]
      }
    },
    {
      "type": "Feature",
      "properties": {
        "node": "n_geo_castellina_uga",
        "name": "Castellina",
        "point_role": "explicit gazetteer or settlement reference; not legal wine-area boundary",
        "point_place_name": "Castellina in Chianti",
        "point_description": "Italian comune",
        "wikidata_id": "Q91134",
        "source_coordinate_claim": "q91134$08823FDA-39AB-47F5-83AC-0DDEDCAFFB0E",
        "source_coordinate_url": "https://www.wikidata.org/wiki/Special:EntityData/Q91134.json",
        "source_url": "https://www.wikidata.org/wiki/Q91134",
        "retrieved_on": "2026-09-26",
        "coordinate_precision": 0.00027777777777778,
        "license": "CC0 1.0",
        "label_note": "Reference: Castellina in Chianti. Point is not the area's legal boundary."
      },
      "geometry": {
        "type": "Point",
        "coordinates": [
          11.288611111111,
          43.469166666667
        ]
      }
    },
    {
      "type": "Feature",
      "properties": {
        "node": "n_geo_castelnuovo_berardenga_uga",
        "name": "Castelnuovo Berardenga",
        "point_role": "explicit gazetteer or settlement reference; not legal wine-area boundary",
        "point_place_name": "Castelnuovo Berardenga",
        "point_description": "Italian comune, province Siena, Tuscany, Italy",
        "wikidata_id": "Q91142",
        "source_coordinate_claim": "q91142$D0B4D450-7CA7-4320-95D3-C3AD16934A31",
        "source_coordinate_url": "https://www.wikidata.org/wiki/Special:EntityData/Q91142.json",
        "source_url": "https://www.wikidata.org/wiki/Q91142",
        "retrieved_on": "2026-09-26",
        "coordinate_precision": 0.00027777777777778,
        "license": "CC0 1.0",
        "label_note": "Reference: Castelnuovo Berardenga. Point is not the area's legal boundary."
      },
      "geometry": {
        "type": "Point",
        "coordinates": [
          11.504166666667,
          43.347222222222
        ]
      }
    },
    {
      "type": "Feature",
      "properties": {
        "node": "n_geo_gaiole_uga",
        "name": "Gaiole",
        "point_role": "explicit gazetteer or settlement reference; not legal wine-area boundary",
        "point_place_name": "Gaiole in Chianti",
        "point_description": "Italian comune",
        "wikidata_id": "Q91199",
        "source_coordinate_claim": "q91199$C8190BCD-D3F2-45D0-8FDC-167F7833D7C1",
        "source_coordinate_url": "https://www.wikidata.org/wiki/Special:EntityData/Q91199.json",
        "source_url": "https://www.wikidata.org/wiki/Q91199",
        "retrieved_on": "2026-09-26",
        "coordinate_precision": 0.00027777777777778,
        "license": "CC0 1.0",
        "label_note": "Reference: Gaiole in Chianti. Point is not the area's legal boundary."
      },
      "geometry": {
        "type": "Point",
        "coordinates": [
          11.433333333333,
          43.466666666667
        ]
      }
    },
    {
      "type": "Feature",
      "properties": {
        "node": "n_geo_greve_uga",
        "name": "Greve",
        "point_role": "explicit gazetteer or settlement reference; not legal wine-area boundary",
        "point_place_name": "Greve in Chianti",
        "point_description": "Italian comune",
        "wikidata_id": "Q82707",
        "source_coordinate_claim": "q82707$C11AFBB6-729B-4033-AB67-C4A85A7652CD",
        "source_coordinate_url": "https://www.wikidata.org/wiki/Special:EntityData/Q82707.json",
        "source_url": "https://www.wikidata.org/wiki/Q82707",
        "retrieved_on": "2026-09-26",
        "coordinate_precision": 0.00027777777777778,
        "license": "CC0 1.0",
        "label_note": "Reference: Greve in Chianti. Point is not the area's legal boundary."
      },
      "geometry": {
        "type": "Point",
        "coordinates": [
          11.316666666667,
          43.583333333333
        ]
      }
    },
    {
      "type": "Feature",
      "properties": {
        "node": "n_geo_lamole_uga",
        "name": "Lamole",
        "point_role": "explicit gazetteer or settlement reference; not legal wine-area boundary",
        "point_place_name": "Lamole",
        "point_description": "human settlement in Greve in Chianti",
        "wikidata_id": "Q18487026",
        "source_coordinate_claim": "Q18487026$F1B496DF-8CA5-4917-A74F-C717380FEE69",
        "source_coordinate_url": "https://www.wikidata.org/wiki/Special:EntityData/Q18487026.json",
        "source_url": "https://www.wikidata.org/wiki/Q18487026",
        "retrieved_on": "2026-09-26",
        "coordinate_precision": 0.00001,
        "license": "CC0 1.0",
        "label_note": "Reference: Lamole. Point is not the area's legal boundary."
      },
      "geometry": {
        "type": "Point",
        "coordinates": [
          11.35603,
          43.54932
        ]
      }
    },
    {
      "type": "Feature",
      "properties": {
        "node": "n_geo_montefioralle_uga",
        "name": "Montefioralle",
        "point_role": "explicit gazetteer or settlement reference; not legal wine-area boundary",
        "point_place_name": "Montefioralle",
        "point_description": "human settlement in Greve in Chianti, Metropolitan City of Florence, Tuscany, Italy",
        "wikidata_id": "Q1131395",
        "source_coordinate_claim": "Q1131395$A4592500-5869-4E46-BEFB-92FB20E50C65",
        "source_coordinate_url": "https://www.wikidata.org/wiki/Special:EntityData/Q1131395.json",
        "source_url": "https://www.wikidata.org/wiki/Q1131395",
        "retrieved_on": "2026-09-26",
        "coordinate_precision": 0.00027777777777778,
        "license": "CC0 1.0",
        "label_note": "Reference: Montefioralle. Point is not the area's legal boundary."
      },
      "geometry": {
        "type": "Point",
        "coordinates": [
          11.302778,
          43.580833
        ]
      }
    },
    {
      "type": "Feature",
      "properties": {
        "node": "n_geo_panzano_uga",
        "name": "Panzano",
        "point_role": "explicit gazetteer or settlement reference; not legal wine-area boundary",
        "point_place_name": "Panzano",
        "point_description": "hamlet of Greve in Chianti, Italy",
        "wikidata_id": "Q3893502",
        "source_coordinate_claim": "Q3893502$CE40148E-AF54-40FF-A38E-A012461EF705",
        "source_coordinate_url": "https://www.wikidata.org/wiki/Special:EntityData/Q3893502.json",
        "source_url": "https://www.wikidata.org/wiki/Q3893502",
        "retrieved_on": "2026-09-26",
        "coordinate_precision": 0.0000027777777777778,
        "license": "CC0 1.0",
        "label_note": "Reference: Panzano. Point is not the area's legal boundary."
      },
      "geometry": {
        "type": "Point",
        "coordinates": [
          11.313605555556,
          43.545730555556
        ]
      }
    },
    {
      "type": "Feature",
      "properties": {
        "node": "n_geo_radda_uga",
        "name": "Radda",
        "point_role": "explicit gazetteer or settlement reference; not legal wine-area boundary",
        "point_place_name": "Radda in Chianti",
        "point_description": "Italian comune",
        "wikidata_id": "Q91360",
        "source_coordinate_claim": "q91360$09150C1D-4F80-4B90-B3D5-CEF4BB29C375",
        "source_coordinate_url": "https://www.wikidata.org/wiki/Special:EntityData/Q91360.json",
        "source_url": "https://www.wikidata.org/wiki/Q91360",
        "retrieved_on": "2026-09-26",
        "coordinate_precision": 0.00027777777777778,
        "license": "CC0 1.0",
        "label_note": "Reference: Radda in Chianti. Point is not the area's legal boundary."
      },
      "geometry": {
        "type": "Point",
        "coordinates": [
          11.383333333333,
          43.483333333333
        ]
      }
    },
    {
      "type": "Feature",
      "properties": {
        "node": "n_geo_san_casciano_uga",
        "name": "San Casciano",
        "point_role": "explicit gazetteer or settlement reference; not legal wine-area boundary",
        "point_place_name": "San Casciano in Val di Pesa",
        "point_description": "Italian comune",
        "wikidata_id": "Q82822",
        "source_coordinate_claim": "q82822$5984B11B-329D-4662-8ECC-85A919BF0C49",
        "source_coordinate_url": "https://www.wikidata.org/wiki/Special:EntityData/Q82822.json",
        "source_url": "https://www.wikidata.org/wiki/Q82822",
        "retrieved_on": "2026-09-26",
        "coordinate_precision": 0.00027777777777778,
        "license": "CC0 1.0",
        "label_note": "Reference: San Casciano in Val di Pesa. Point is not the area's legal boundary."
      },
      "geometry": {
        "type": "Point",
        "coordinates": [
          11.185833333333,
          43.656944444444
        ]
      }
    },
    {
      "type": "Feature",
      "properties": {
        "node": "n_geo_san_donato_in_poggio_uga",
        "name": "San Donato in Poggio",
        "point_role": "explicit gazetteer or settlement reference; not legal wine-area boundary",
        "point_place_name": "San Donato in Poggio",
        "point_description": "Hamlet of Tavarnelle Val di Pesa",
        "wikidata_id": "Q3947022",
        "source_coordinate_claim": "Q3947022$1D07C2EB-75B4-448E-80A9-D6C2F3E64A9F",
        "source_coordinate_url": "https://www.wikidata.org/wiki/Special:EntityData/Q3947022.json",
        "source_url": "https://www.wikidata.org/wiki/Q3947022",
        "retrieved_on": "2026-09-26",
        "coordinate_precision": 0.000001,
        "license": "CC0 1.0",
        "label_note": "Reference: San Donato in Poggio. Point is not the area's legal boundary."
      },
      "geometry": {
        "type": "Point",
        "coordinates": [
          11.235574543607,
          43.535593771281
        ]
      }
    },
    {
      "type": "Feature",
      "properties": {
        "node": "n_geo_vagliagli_uga",
        "name": "Vagliagli",
        "point_role": "explicit gazetteer or settlement reference; not legal wine-area boundary",
        "point_place_name": "Vagliagli",
        "point_description": "hamlet of Castelnuovo Berardenga",
        "wikidata_id": "Q4007233",
        "source_coordinate_claim": "Q4007233$87435613-D76A-4DB8-ADC6-87C5B0C1FA9B",
        "source_coordinate_url": "https://www.wikidata.org/wiki/Special:EntityData/Q4007233.json",
        "source_url": "https://www.wikidata.org/wiki/Q4007233",
        "retrieved_on": "2026-09-26",
        "coordinate_precision": 0.0000027777777777778,
        "license": "CC0 1.0",
        "label_note": "Reference: Vagliagli. Point is not the area's legal boundary."
      },
      "geometry": {
        "type": "Point",
        "coordinates": [
          11.34735,
          43.420853
        ]
      }
    },
    {
      "type": "Feature",
      "properties": {
        "node": "n_geo_chianti_colli_aretini",
        "name": "Chianti Colli Aretini",
        "point_role": "explicit gazetteer or settlement reference; not legal wine-area boundary",
        "point_place_name": "Arezzo",
        "point_description": "Italian comune",
        "wikidata_id": "Q13378",
        "source_coordinate_claim": "Q13378$84FFC4AD-84A6-4836-9F71-B9D776738DD4",
        "source_coordinate_url": "https://www.wikidata.org/wiki/Special:EntityData/Q13378.json",
        "source_url": "https://www.wikidata.org/wiki/Q13378",
        "retrieved_on": "2026-09-26",
        "coordinate_precision": 0.00027777777777778,
        "license": "CC0 1.0",
        "label_note": "Reference: Arezzo. Point is not the area's legal boundary."
      },
      "geometry": {
        "type": "Point",
        "coordinates": [
          11.878055555556,
          43.463055555556
        ]
      }
    },
    {
      "type": "Feature",
      "properties": {
        "node": "n_geo_chianti_colli_fiorentini",
        "name": "Chianti Colli Fiorentini",
        "point_role": "explicit gazetteer or settlement reference; not legal wine-area boundary",
        "point_place_name": "Impruneta",
        "point_description": "Italian comune",
        "wikidata_id": "Q82712",
        "source_coordinate_claim": "Q82712$565977CD-F07B-4B73-89F7-39DC98D71657",
        "source_coordinate_url": "https://www.wikidata.org/wiki/Special:EntityData/Q82712.json",
        "source_url": "https://www.wikidata.org/wiki/Q82712",
        "retrieved_on": "2026-09-26",
        "coordinate_precision": 0.00000277777777778,
        "license": "CC0 1.0",
        "label_note": "Reference: Impruneta. Point is not the area's legal boundary."
      },
      "geometry": {
        "type": "Point",
        "coordinates": [
          11.254394444444,
          43.685425
        ]
      }
    },
    {
      "type": "Feature",
      "properties": {
        "node": "n_geo_chianti_colli_senesi",
        "name": "Chianti Colli Senesi",
        "point_role": "explicit gazetteer or settlement reference; not legal wine-area boundary",
        "point_place_name": "Siena",
        "point_description": "city in Tuscany, Italy and capital of the province of Siena",
        "wikidata_id": "Q2751",
        "source_coordinate_claim": "Q2751$DAE287CA-8A58-4316-9090-9CFFC7EE931C",
        "source_coordinate_url": "https://www.wikidata.org/wiki/Special:EntityData/Q2751.json",
        "source_url": "https://www.wikidata.org/wiki/Q2751",
        "retrieved_on": "2026-09-26",
        "coordinate_precision": 0.00027777777777778,
        "license": "CC0 1.0",
        "label_note": "Reference: Siena. Point is not the area's legal boundary."
      },
      "geometry": {
        "type": "Point",
        "coordinates": [
          11.331388888889,
          43.318333333333
        ]
      }
    },
    {
      "type": "Feature",
      "properties": {
        "node": "n_geo_chianti_colline_pisane",
        "name": "Chianti Colline Pisane",
        "point_role": "explicit gazetteer or settlement reference; not legal wine-area boundary",
        "point_place_name": "Terricciola",
        "point_description": "Italian comune",
        "wikidata_id": "Q103279",
        "source_coordinate_claim": "q103279$F797EDEC-B6F9-4111-9FA2-BE9E05B22750",
        "source_coordinate_url": "https://www.wikidata.org/wiki/Special:EntityData/Q103279.json",
        "source_url": "https://www.wikidata.org/wiki/Q103279",
        "retrieved_on": "2026-09-26",
        "coordinate_precision": 0.00027777777777778,
        "license": "CC0 1.0",
        "label_note": "Reference: Terricciola. Point is not the area's legal boundary."
      },
      "geometry": {
        "type": "Point",
        "coordinates": [
          10.680833333333,
          43.525555555556
        ]
      }
    },
    {
      "type": "Feature",
      "properties": {
        "node": "n_geo_chianti_montalbano",
        "name": "Chianti Montalbano",
        "point_role": "explicit gazetteer or settlement reference; not legal wine-area boundary",
        "point_place_name": "Carmignano",
        "point_description": "Italian comune",
        "wikidata_id": "Q20385",
        "source_coordinate_claim": "Q20385$43BC6EA4-9DFC-4E22-A879-EB8777E2A474",
        "source_coordinate_url": "https://www.wikidata.org/wiki/Special:EntityData/Q20385.json",
        "source_url": "https://www.wikidata.org/wiki/Q20385",
        "retrieved_on": "2026-09-26",
        "coordinate_precision": 0.00001,
        "license": "CC0 1.0",
        "label_note": "Reference: Carmignano. Point is not the area's legal boundary."
      },
      "geometry": {
        "type": "Point",
        "coordinates": [
          11.01494,
          43.81027
        ]
      }
    },
    {
      "type": "Feature",
      "properties": {
        "node": "n_geo_chianti_montespertoli",
        "name": "Chianti Montespertoli",
        "point_role": "explicit gazetteer or settlement reference; not legal wine-area boundary",
        "point_place_name": "Montespertoli",
        "point_description": "Italian comune",
        "wikidata_id": "Q82783",
        "source_coordinate_claim": "q82783$9B7680D8-E930-4DE5-9AFA-69582E034D14",
        "source_coordinate_url": "https://www.wikidata.org/wiki/Special:EntityData/Q82783.json",
        "source_url": "https://www.wikidata.org/wiki/Q82783",
        "retrieved_on": "2026-09-26",
        "coordinate_precision": 0.00027777777777778,
        "license": "CC0 1.0",
        "label_note": "Reference: Montespertoli. Point is not the area's legal boundary."
      },
      "geometry": {
        "type": "Point",
        "coordinates": [
          11.083333333333,
          43.65
        ]
      }
    },
    {
      "type": "Feature",
      "properties": {
        "node": "n_geo_chianti_rufina",
        "name": "Chianti Rufina",
        "point_role": "explicit gazetteer or settlement reference; not legal wine-area boundary",
        "point_place_name": "Rufina",
        "point_description": "Italian comune",
        "wikidata_id": "Q82817",
        "source_coordinate_claim": "q82817$2D9E31E5-EC19-4512-82BD-6AF601079D89",
        "source_coordinate_url": "https://www.wikidata.org/wiki/Special:EntityData/Q82817.json",
        "source_url": "https://www.wikidata.org/wiki/Q82817",
        "retrieved_on": "2026-09-26",
        "coordinate_precision": 0.00027777777777778,
        "license": "CC0 1.0",
        "label_note": "Reference: Rufina. Point is not the area's legal boundary."
      },
      "geometry": {
        "type": "Point",
        "coordinates": [
          11.483333333333,
          43.816666666667
        ]
      }
    },
    {
      "type": "Feature",
      "properties": {
        "node": "n_geo_chianti_terre_di_vinci",
        "name": "Chianti Terre di Vinci",
        "point_role": "explicit gazetteer or settlement reference; not legal wine-area boundary",
        "point_place_name": "Vinci",
        "point_description": "Italian comune in Tuscany",
        "wikidata_id": "Q82884",
        "source_coordinate_claim": "q82884$A9A5398D-8772-4F4A-945B-EF9507B95CE7",
        "source_coordinate_url": "https://www.wikidata.org/wiki/Special:EntityData/Q82884.json",
        "source_url": "https://www.wikidata.org/wiki/Q82884",
        "retrieved_on": "2026-09-26",
        "coordinate_precision": 0.00001,
        "license": "CC0 1.0",
        "label_note": "Reference: Vinci. Point is not the area's legal boundary."
      },
      "geometry": {
        "type": "Point",
        "coordinates": [
          10.916667,
          43.783333
        ]
      }
    },
    {
      "type": "Feature",
      "properties": {
        "node": "n_geo_valpolicella_classico",
        "name": "Valpolicella Classico",
        "point_role": "explicit gazetteer or settlement reference; not legal wine-area boundary",
        "point_place_name": "Fumane",
        "point_description": "Italian comune",
        "wikidata_id": "Q47121",
        "source_coordinate_claim": "q47121$DD9ECF5F-EA55-4971-A815-DDB63F46F81F",
        "source_coordinate_url": "https://www.wikidata.org/wiki/Special:EntityData/Q47121.json",
        "source_url": "https://www.wikidata.org/wiki/Q47121",
        "retrieved_on": "2026-09-26",
        "coordinate_precision": 0.000027777777777778,
        "license": "CC0 1.0",
        "label_note": "Reference: Fumane. Point is not the area's legal boundary."
      },
      "geometry": {
        "type": "Point",
        "coordinates": [
          10.881777777778,
          45.543166666667
        ]
      }
    },
    {
      "type": "Feature",
      "properties": {
        "node": "n_geo_valpantena",
        "name": "Valpantena",
        "point_role": "explicit gazetteer or settlement reference; not legal wine-area boundary",
        "point_place_name": "Valpantena",
        "point_description": "valle del Veneto",
        "wikidata_id": "Q4008315",
        "source_coordinate_claim": "Q4008315$C5A5A0B5-7FC2-4500-847A-F587966D7432",
        "source_coordinate_url": "https://www.wikidata.org/wiki/Special:EntityData/Q4008315.json",
        "source_url": "https://www.wikidata.org/wiki/Q4008315",
        "retrieved_on": "2026-09-26",
        "coordinate_precision": 0.00001,
        "license": "CC0 1.0",
        "label_note": "Reference: Valpantena. Point is not the area's legal boundary."
      },
      "geometry": {
        "type": "Point",
        "coordinates": [
          11,
          45.53333
        ]
      }
    },
    {
      "type": "Feature",
      "properties": {
        "node": "n_geo_fumane",
        "name": "Fumane",
        "point_role": "named locality reference point; not municipality or appellation boundary",
        "point_place_name": "Fumane",
        "point_description": "Italian comune",
        "wikidata_id": "Q47121",
        "source_coordinate_claim": "q47121$DD9ECF5F-EA55-4971-A815-DDB63F46F81F",
        "source_coordinate_url": "https://www.wikidata.org/wiki/Special:EntityData/Q47121.json",
        "source_url": "https://www.wikidata.org/wiki/Q47121",
        "retrieved_on": "2026-09-26",
        "coordinate_precision": 0.000027777777777778,
        "license": "CC0 1.0",
        "label_note": "Reference: Fumane. Point is not the area's legal boundary."
      },
      "geometry": {
        "type": "Point",
        "coordinates": [
          10.881777777778,
          45.543166666667
        ]
      }
    },
    {
      "type": "Feature",
      "properties": {
        "node": "n_geo_marano_di_valpolicella",
        "name": "Marano di Valpolicella",
        "point_role": "named locality reference point; not municipality or appellation boundary",
        "point_place_name": "Marano di Valpolicella",
        "point_description": "Italian comune",
        "wikidata_id": "Q55929",
        "source_coordinate_claim": "q55929$9FFF1314-38FD-48D1-B5C6-E109C0249399",
        "source_coordinate_url": "https://www.wikidata.org/wiki/Special:EntityData/Q55929.json",
        "source_url": "https://www.wikidata.org/wiki/Q55929",
        "retrieved_on": "2026-09-26",
        "coordinate_precision": 0.00027777777777778,
        "license": "CC0 1.0",
        "label_note": "Reference: Marano di Valpolicella. Point is not the area's legal boundary."
      },
      "geometry": {
        "type": "Point",
        "coordinates": [
          10.916666666667,
          45.55
        ]
      }
    },
    {
      "type": "Feature",
      "properties": {
        "node": "n_geo_negrar",
        "name": "Negrar di Valpolicella",
        "point_role": "named locality reference point; not municipality or appellation boundary",
        "point_place_name": "Negrar di Valpolicella",
        "point_description": "Italian comune",
        "wikidata_id": "Q46941",
        "source_coordinate_claim": "q46941$B5685B21-CBA8-45A0-A496-CBE616FBD14B",
        "source_coordinate_url": "https://www.wikidata.org/wiki/Special:EntityData/Q46941.json",
        "source_url": "https://www.wikidata.org/wiki/Q46941",
        "retrieved_on": "2026-09-26",
        "coordinate_precision": 0.00001,
        "license": "CC0 1.0",
        "label_note": "Reference: Negrar di Valpolicella. Point is not the area's legal boundary."
      },
      "geometry": {
        "type": "Point",
        "coordinates": [
          10.93825,
          45.53044
        ]
      }
    },
    {
      "type": "Feature",
      "properties": {
        "node": "n_geo_sant_ambrogio_di_valpolicella",
        "name": "Sant’Ambrogio di Valpolicella",
        "point_role": "named locality reference point; not municipality or appellation boundary",
        "point_place_name": "Sant'Ambrogio di Valpolicella",
        "point_description": "Italian comune",
        "wikidata_id": "Q47513",
        "source_coordinate_claim": "Q47513$B1801C93-33F0-4DA1-9EC8-866674CD34D1",
        "source_coordinate_url": "https://www.wikidata.org/wiki/Special:EntityData/Q47513.json",
        "source_url": "https://www.wikidata.org/wiki/Q47513",
        "retrieved_on": "2026-09-26",
        "coordinate_precision": 0.00001,
        "license": "CC0 1.0",
        "label_note": "Reference: Sant'Ambrogio di Valpolicella. Point is not the area's legal boundary."
      },
      "geometry": {
        "type": "Point",
        "coordinates": [
          10.83618,
          45.52089
        ]
      }
    },
    {
      "type": "Feature",
      "properties": {
        "node": "n_geo_san_pietro_in_cariano",
        "name": "San Pietro in Cariano",
        "point_role": "named locality reference point; not municipality or appellation boundary",
        "point_place_name": "San Pietro in Cariano",
        "point_description": "Italian comune",
        "wikidata_id": "Q47881",
        "source_coordinate_claim": "q47881$AFE02F5A-02ED-4882-B92B-E71AA447E56D",
        "source_coordinate_url": "https://www.wikidata.org/wiki/Special:EntityData/Q47881.json",
        "source_url": "https://www.wikidata.org/wiki/Q47881",
        "retrieved_on": "2026-09-26",
        "coordinate_precision": 0.00027777777777778,
        "license": "CC0 1.0",
        "label_note": "Reference: San Pietro in Cariano. Point is not the area's legal boundary."
      },
      "geometry": {
        "type": "Point",
        "coordinates": [
          10.883333333333,
          45.516666666667
        ]
      }
    },
    {
      "type": "Feature",
      "properties": {
        "node": "n_geo_soave_classico",
        "name": "Soave Classico",
        "point_role": "explicit gazetteer or settlement reference; not legal wine-area boundary",
        "point_place_name": "Soave",
        "point_description": "Italian comune",
        "wikidata_id": "Q47876",
        "source_coordinate_claim": "Q47876$838799E4-DFE5-4456-8A13-DEB3D0620F8F",
        "source_coordinate_url": "https://www.wikidata.org/wiki/Special:EntityData/Q47876.json",
        "source_url": "https://www.wikidata.org/wiki/Q47876",
        "retrieved_on": "2026-09-26",
        "coordinate_precision": 0.00001,
        "license": "CC0 1.0",
        "label_note": "Reference: Soave. Point is not the area's legal boundary."
      },
      "geometry": {
        "type": "Point",
        "coordinates": [
          11.24594,
          45.41955
        ]
      }
    },
    {
      "type": "Feature",
      "properties": {
        "node": "n_geo_soave_colli_scaligeri",
        "name": "Soave Colli Scaligeri",
        "point_role": "explicit gazetteer or settlement reference; not legal wine-area boundary",
        "point_place_name": "Colognola ai Colli",
        "point_description": "Italian comune",
        "wikidata_id": "Q46701",
        "source_coordinate_claim": "q46701$EE1141F2-51A4-4611-AB57-2E1F96E782D0",
        "source_coordinate_url": "https://www.wikidata.org/wiki/Special:EntityData/Q46701.json",
        "source_url": "https://www.wikidata.org/wiki/Q46701",
        "retrieved_on": "2026-09-26",
        "coordinate_precision": 0.00001,
        "license": "CC0 1.0",
        "label_note": "Reference: Colognola ai Colli. Point is not the area's legal boundary."
      },
      "geometry": {
        "type": "Point",
        "coordinates": [
          11.1867,
          45.43463
        ]
      }
    },
    {
      "type": "Feature",
      "properties": {
        "node": "n_geo_soave_commune",
        "name": "Soave (commune)",
        "point_role": "named locality reference point; not municipality or appellation boundary",
        "point_place_name": "Soave",
        "point_description": "Italian comune",
        "wikidata_id": "Q47876",
        "source_coordinate_claim": "Q47876$838799E4-DFE5-4456-8A13-DEB3D0620F8F",
        "source_coordinate_url": "https://www.wikidata.org/wiki/Special:EntityData/Q47876.json",
        "source_url": "https://www.wikidata.org/wiki/Q47876",
        "retrieved_on": "2026-09-26",
        "coordinate_precision": 0.00001,
        "license": "CC0 1.0",
        "label_note": "Reference: Soave. Point is not the area's legal boundary."
      },
      "geometry": {
        "type": "Point",
        "coordinates": [
          11.24594,
          45.41955
        ]
      }
    },
    {
      "type": "Feature",
      "properties": {
        "node": "n_geo_monteforte_d_alpone",
        "name": "Monteforte d’Alpone",
        "point_role": "named locality reference point; not municipality or appellation boundary",
        "point_place_name": "Monteforte d'Alpone",
        "point_description": "Italian comune",
        "wikidata_id": "Q48021",
        "source_coordinate_claim": "q48021$F325DF50-6917-42CC-B4D7-B3D86015D042",
        "source_coordinate_url": "https://www.wikidata.org/wiki/Special:EntityData/Q48021.json",
        "source_url": "https://www.wikidata.org/wiki/Q48021",
        "retrieved_on": "2026-09-26",
        "coordinate_precision": 0.00027777777777778,
        "license": "CC0 1.0",
        "label_note": "Reference: Monteforte d'Alpone. Point is not the area's legal boundary."
      },
      "geometry": {
        "type": "Point",
        "coordinates": [
          11.283333333333,
          45.416666666667
        ]
      }
    },
    {
      "type": "Feature",
      "properties": {
        "node": "n_geo_cartizze",
        "name": "Cartizze",
        "point_role": "explicit gazetteer or settlement reference; not legal wine-area boundary",
        "point_place_name": "Santo Stefano",
        "point_description": "human settlement in Valdobbiadene, Italy",
        "wikidata_id": "Q18502495",
        "source_coordinate_claim": "Q18502495$E17185DD-E3C9-45E0-BED1-A04898FFF4F4",
        "source_coordinate_url": "https://www.wikidata.org/wiki/Special:EntityData/Q18502495.json",
        "source_url": "https://www.wikidata.org/wiki/Q18502495",
        "retrieved_on": "2026-09-26",
        "coordinate_precision": 0.00001,
        "license": "CC0 1.0",
        "label_note": "Reference: Santo Stefano. Point is not the area's legal boundary."
      },
      "geometry": {
        "type": "Point",
        "coordinates": [
          12.03816,
          45.90242
        ]
      }
    },
    {
      "type": "Feature",
      "properties": {
        "node": "n_geo_conegliano",
        "name": "Conegliano",
        "point_role": "named locality reference point; not municipality or appellation boundary",
        "point_place_name": "Conegliano",
        "point_description": "Italian comune",
        "wikidata_id": "Q47224",
        "source_coordinate_claim": "Q47224$92E477B8-9383-4CB6-AD4E-48578C72E56D",
        "source_coordinate_url": "https://www.wikidata.org/wiki/Special:EntityData/Q47224.json",
        "source_url": "https://www.wikidata.org/wiki/Q47224",
        "retrieved_on": "2026-09-26",
        "coordinate_precision": 0.00027777777777778,
        "license": "CC0 1.0",
        "label_note": "Reference: Conegliano. Point is not the area's legal boundary."
      },
      "geometry": {
        "type": "Point",
        "coordinates": [
          12.296944444444,
          45.887222222222
        ]
      }
    },
    {
      "type": "Feature",
      "properties": {
        "node": "n_geo_valdobbiadene",
        "name": "Valdobbiadene",
        "point_role": "named locality reference point; not municipality or appellation boundary",
        "point_place_name": "Valdobbiadene",
        "point_description": "Italian comune",
        "wikidata_id": "Q47428",
        "source_coordinate_claim": "Q47428$282D3D17-9094-4090-9FDA-A1651262A9D1",
        "source_coordinate_url": "https://www.wikidata.org/wiki/Special:EntityData/Q47428.json",
        "source_url": "https://www.wikidata.org/wiki/Q47428",
        "retrieved_on": "2026-09-26",
        "coordinate_precision": 0.000001,
        "license": "CC0 1.0",
        "label_note": "Reference: Valdobbiadene. Point is not the area's legal boundary."
      },
      "geometry": {
        "type": "Point",
        "coordinates": [
          12.01416545,
          45.91629995
        ]
      }
    },
    {
      "type": "Feature",
      "properties": {
        "node": "n_geo_alto_adige",
        "name": "Alto Adige / Südtirol",
        "point_role": "explicit gazetteer or settlement reference; not legal wine-area boundary",
        "point_place_name": "South Tyrol",
        "point_description": "autonomous province of Italy",
        "wikidata_id": "Q15124",
        "source_coordinate_claim": "Q15124$4C1D3A24-61E7-454C-8C01-FD863FBE4BF7",
        "source_coordinate_url": "https://www.wikidata.org/wiki/Special:EntityData/Q15124.json",
        "source_url": "https://www.wikidata.org/wiki/Q15124",
        "retrieved_on": "2026-09-26",
        "coordinate_precision": 0.016666666666667,
        "license": "CC0 1.0",
        "label_note": "Reference: South Tyrol. Point is not the area's legal boundary."
      },
      "geometry": {
        "type": "Point",
        "coordinates": [
          11.33333334,
          46.50000001
        ]
      }
    },
    {
      "type": "Feature",
      "properties": {
        "node": "n_geo_alto_adige_valle_isarco",
        "name": "Valle Isarco / Eisacktal",
        "point_role": "explicit gazetteer or settlement reference; not legal wine-area boundary",
        "point_place_name": "Brixen",
        "point_description": "commune in South Tyrol, Italy",
        "wikidata_id": "Q185541",
        "source_coordinate_claim": "q185541$0CDE609A-2518-4032-9135-DF16CBEB5FAD",
        "source_coordinate_url": "https://www.wikidata.org/wiki/Special:EntityData/Q185541.json",
        "source_url": "https://www.wikidata.org/wiki/Q185541",
        "retrieved_on": "2026-09-26",
        "coordinate_precision": 0.000001,
        "license": "CC0 1.0",
        "label_note": "Reference: Brixen. Point is not the area's legal boundary."
      },
      "geometry": {
        "type": "Point",
        "coordinates": [
          11.657851,
          46.716549
        ]
      }
    },
    {
      "type": "Feature",
      "properties": {
        "node": "n_geo_alto_adige_val_venosta",
        "name": "Val Venosta / Vinschgau",
        "point_role": "explicit gazetteer or settlement reference; not legal wine-area boundary",
        "point_place_name": "Schlanders",
        "point_description": "municipality in South Tyrol, Italy",
        "wikidata_id": "Q494313",
        "source_coordinate_claim": "Q494313$3BE0F995-F20F-42FE-B040-726376C146F8",
        "source_coordinate_url": "https://www.wikidata.org/wiki/Special:EntityData/Q494313.json",
        "source_url": "https://www.wikidata.org/wiki/Q494313",
        "retrieved_on": "2026-09-26",
        "coordinate_precision": 0.000001,
        "license": "CC0 1.0",
        "label_note": "Reference: Schlanders. Point is not the area's legal boundary."
      },
      "geometry": {
        "type": "Point",
        "coordinates": [
          10.773477,
          46.628069
        ]
      }
    },
    {
      "type": "Feature",
      "properties": {
        "node": "n_geo_alto_adige_terlano",
        "name": "Terlano / Terlan",
        "point_role": "explicit gazetteer or settlement reference; not legal wine-area boundary",
        "point_place_name": "Terlan",
        "point_description": "municipality in South Tyrol, Italy",
        "wikidata_id": "Q494814",
        "source_coordinate_claim": "Q494814$3DD4C6CE-1575-4238-ADEA-DCCF4830BE0F",
        "source_coordinate_url": "https://www.wikidata.org/wiki/Special:EntityData/Q494814.json",
        "source_url": "https://www.wikidata.org/wiki/Q494814",
        "retrieved_on": "2026-09-26",
        "coordinate_precision": 1e-7,
        "license": "CC0 1.0",
        "label_note": "Reference: Terlan. Point is not the area's legal boundary."
      },
      "geometry": {
        "type": "Point",
        "coordinates": [
          11.248678,
          46.529301
        ]
      }
    },
    {
      "type": "Feature",
      "properties": {
        "node": "n_geo_alto_adige_merano",
        "name": "Merano / Meraner",
        "point_role": "explicit gazetteer or settlement reference; not legal wine-area boundary",
        "point_place_name": "Merano",
        "point_description": "municipality in South Tyrol, Italy",
        "wikidata_id": "Q131605",
        "source_coordinate_claim": "q131605$6C430B4B-F358-495E-9D0D-BE7D41660B7C",
        "source_coordinate_url": "https://www.wikidata.org/wiki/Special:EntityData/Q131605.json",
        "source_url": "https://www.wikidata.org/wiki/Q131605",
        "retrieved_on": "2026-09-26",
        "coordinate_precision": 0.000001,
        "license": "CC0 1.0",
        "label_note": "Reference: Merano. Point is not the area's legal boundary."
      },
      "geometry": {
        "type": "Point",
        "coordinates": [
          11.159419,
          46.669555
        ]
      }
    },
    {
      "type": "Feature",
      "properties": {
        "node": "n_geo_alto_adige_colli_bolzano",
        "name": "Colli di Bolzano / Bozner Leiten",
        "point_role": "explicit gazetteer or settlement reference; not legal wine-area boundary",
        "point_place_name": "Rentsch",
        "point_description": "neighbourhood in Bolzano, South Tyrol",
        "wikidata_id": "Q95982107",
        "source_coordinate_claim": "Q95982107$e62d7afb-45a4-7b02-57c7-af36ac0204ca",
        "source_coordinate_url": "https://www.wikidata.org/wiki/Special:EntityData/Q95982107.json",
        "source_url": "https://www.wikidata.org/wiki/Q95982107",
        "retrieved_on": "2026-09-26",
        "coordinate_precision": 0.00001,
        "license": "CC0 1.0",
        "label_note": "Reference: Rentsch. Point is not the area's legal boundary."
      },
      "geometry": {
        "type": "Point",
        "coordinates": [
          11.37516,
          46.49882
        ]
      }
    },
    {
      "type": "Feature",
      "properties": {
        "node": "n_geo_alto_adige_santa_maddalena",
        "name": "Santa Maddalena / St. Magdalener",
        "point_role": "explicit gazetteer or settlement reference; not legal wine-area boundary",
        "point_place_name": "St. Magdalena",
        "point_description": "human settlement in Bolzano, South Tyrol, Trentino-South Tyrol, Italy",
        "wikidata_id": "Q2320441",
        "source_coordinate_claim": "Q2320441$DA86F41F-9FFE-4A1C-91BF-FBA32835E426",
        "source_coordinate_url": "https://www.wikidata.org/wiki/Special:EntityData/Q2320441.json",
        "source_url": "https://www.wikidata.org/wiki/Q2320441",
        "retrieved_on": "2026-09-26",
        "coordinate_precision": 0.00000277777777778,
        "license": "CC0 1.0",
        "label_note": "Reference: St. Magdalena. Point is not the area's legal boundary."
      },
      "geometry": {
        "type": "Point",
        "coordinates": [
          11.37218,
          46.502233
        ]
      }
    },
    {
      "type": "Feature",
      "properties": {
        "node": "n_geo_friuli_colli_orientali",
        "name": "Friuli Colli Orientali",
        "point_role": "explicit gazetteer or settlement reference; not legal wine-area boundary",
        "point_place_name": "Cividale del Friuli",
        "point_description": "Italian comune",
        "wikidata_id": "Q53245",
        "source_coordinate_claim": "Q53245$4EBD0F52-1CCE-4BFF-BE70-2B695979E2B0",
        "source_coordinate_url": "https://www.wikidata.org/wiki/Special:EntityData/Q53245.json",
        "source_url": "https://www.wikidata.org/wiki/Q53245",
        "retrieved_on": "2026-09-26",
        "coordinate_precision": 0.00000277777777778,
        "license": "CC0 1.0",
        "label_note": "Reference: Cividale del Friuli. Point is not the area's legal boundary."
      },
      "geometry": {
        "type": "Point",
        "coordinates": [
          13.435,
          46.0905
        ]
      }
    },
    {
      "type": "Feature",
      "properties": {
        "node": "n_geo_friuli_cialla",
        "name": "Cialla",
        "point_role": "explicit gazetteer or settlement reference; not legal wine-area boundary",
        "point_place_name": "Cialla",
        "point_description": "human settlement in Italy",
        "wikidata_id": "Q18450962",
        "source_coordinate_claim": "Q18450962$7F18C04A-A4BB-4F7F-A6EF-393A89D163CB",
        "source_coordinate_url": "https://www.wikidata.org/wiki/Special:EntityData/Q18450962.json",
        "source_url": "https://www.wikidata.org/wiki/Q18450962",
        "retrieved_on": "2026-09-26",
        "coordinate_precision": 0.00001,
        "license": "CC0 1.0",
        "label_note": "Reference: Cialla. Point is not the area's legal boundary."
      },
      "geometry": {
        "type": "Point",
        "coordinates": [
          13.48008,
          46.0792
        ]
      }
    },
    {
      "type": "Feature",
      "properties": {
        "node": "n_geo_friuli_rosazzo_subzones",
        "name": "Rosazzo (Colli Orientali subzones)",
        "point_role": "explicit gazetteer or settlement reference; not legal wine-area boundary",
        "point_place_name": "monastery of Rosazzo",
        "point_description": "abbey in Manzano, Italy",
        "wikidata_id": "Q3603202",
        "source_coordinate_claim": "Q3603202$827BDBAD-7758-4529-B906-53914184E830",
        "source_coordinate_url": "https://www.wikidata.org/wiki/Special:EntityData/Q3603202.json",
        "source_url": "https://www.wikidata.org/wiki/Q3603202",
        "retrieved_on": "2026-09-26",
        "coordinate_precision": 0.000001,
        "license": "CC0 1.0",
        "label_note": "Reference: monastery of Rosazzo. Point is not the area's legal boundary."
      },
      "geometry": {
        "type": "Point",
        "coordinates": [
          13.421331,
          46.008125
        ]
      }
    },
    {
      "type": "Feature",
      "properties": {
        "node": "n_geo_friuli_schioppettino_prepotto",
        "name": "Schioppettino di Prepotto",
        "point_role": "explicit gazetteer or settlement reference; not legal wine-area boundary",
        "point_place_name": "Prepotto",
        "point_description": "Italian comune",
        "wikidata_id": "Q53320",
        "source_coordinate_claim": "Q53320$93C66826-B802-47D2-B21B-4986A64FE288",
        "source_coordinate_url": "https://www.wikidata.org/wiki/Special:EntityData/Q53320.json",
        "source_url": "https://www.wikidata.org/wiki/Q53320",
        "retrieved_on": "2026-09-26",
        "coordinate_precision": 0.00001,
        "license": "CC0 1.0",
        "label_note": "Reference: Prepotto. Point is not the area's legal boundary."
      },
      "geometry": {
        "type": "Point",
        "coordinates": [
          13.47921,
          46.04522
        ]
      }
    },
    {
      "type": "Feature",
      "properties": {
        "node": "n_geo_friuli_savorgnano",
        "name": "Savorgnano",
        "point_role": "explicit gazetteer or settlement reference; not legal wine-area boundary",
        "point_place_name": "Savorgnano del Torre",
        "point_description": "human settlement in Italy",
        "wikidata_id": "Q18452525",
        "source_coordinate_claim": "Q18452525$93BA64F9-C481-41D9-A01D-F2395C93F05A",
        "source_coordinate_url": "https://www.wikidata.org/wiki/Special:EntityData/Q18452525.json",
        "source_url": "https://www.wikidata.org/wiki/Q18452525",
        "retrieved_on": "2026-09-26",
        "coordinate_precision": 0.00001,
        "license": "CC0 1.0",
        "label_note": "Reference: Savorgnano del Torre. Point is not the area's legal boundary."
      },
      "geometry": {
        "type": "Point",
        "coordinates": [
          13.27222,
          46.165
        ]
      }
    },
    {
      "type": "Feature",
      "properties": {
        "node": "n_geo_friuli_refosco_faedis",
        "name": "Refosco di Faedis",
        "point_role": "explicit gazetteer or settlement reference; not legal wine-area boundary",
        "point_place_name": "Faedis",
        "point_description": "Italian comune",
        "wikidata_id": "Q53256",
        "source_coordinate_claim": "q53256$ACF46B3E-DCF0-4598-8CB1-CD1931180CF1",
        "source_coordinate_url": "https://www.wikidata.org/wiki/Special:EntityData/Q53256.json",
        "source_url": "https://www.wikidata.org/wiki/Q53256",
        "retrieved_on": "2026-09-26",
        "coordinate_precision": 0.0166667,
        "license": "CC0 1.0",
        "label_note": "Reference: Faedis. Point is not the area's legal boundary."
      },
      "geometry": {
        "type": "Point",
        "coordinates": [
          13.35,
          46.15
        ]
      }
    },
    {
      "type": "Feature",
      "properties": {
        "node": "n_geo_alto_piemonte",
        "name": "Alto Piemonte (wine area)",
        "point_role": "explicit gazetteer or settlement reference; not legal wine-area boundary",
        "point_place_name": "Ghemme",
        "point_description": "Italian comune",
        "wikidata_id": "Q22458",
        "source_coordinate_claim": "q22458$2476EA93-B9BF-4921-8616-3F08F4F8B9BC",
        "source_coordinate_url": "https://www.wikidata.org/wiki/Special:EntityData/Q22458.json",
        "source_url": "https://www.wikidata.org/wiki/Q22458",
        "retrieved_on": "2026-09-26",
        "coordinate_precision": 0.00027777777777778,
        "license": "CC0 1.0",
        "label_note": "Reference: Ghemme. Point is not the area's legal boundary."
      },
      "geometry": {
        "type": "Point",
        "coordinates": [
          8.4166666666667,
          45.6
        ]
      }
    },
    {
      "type": "Feature",
      "properties": {
        "node": "n_geo_nebbiolo_d_alba",
        "name": "Nebbiolo d’Alba",
        "point_role": "explicit gazetteer or settlement reference; not legal wine-area boundary",
        "point_place_name": "Alba",
        "point_description": "Italian comune",
        "wikidata_id": "Q18341",
        "source_coordinate_claim": "Q18341$7BB92904-A290-4062-96FD-5F7A12E47AD5",
        "source_coordinate_url": "https://www.wikidata.org/wiki/Special:EntityData/Q18341.json",
        "source_url": "https://www.wikidata.org/wiki/Q18341",
        "retrieved_on": "2026-09-26",
        "coordinate_precision": 0.000001,
        "license": "CC0 1.0",
        "label_note": "Reference: Alba. Point is not the area's legal boundary."
      },
      "geometry": {
        "type": "Point",
        "coordinates": [
          8.025636,
          44.691542
        ]
      }
    },
    {
      "type": "Feature",
      "properties": {
        "node": "n_geo_barbera_del_monferrato",
        "name": "Barbera del Monferrato",
        "point_role": "explicit gazetteer or settlement reference; not legal wine-area boundary",
        "point_place_name": "Nizza Monferrato",
        "point_description": "Italian comune",
        "wikidata_id": "Q17839",
        "source_coordinate_claim": "q17839$51CE2DD2-A510-4A49-A2DE-8C07CFF3097C",
        "source_coordinate_url": "https://www.wikidata.org/wiki/Special:EntityData/Q17839.json",
        "source_url": "https://www.wikidata.org/wiki/Q17839",
        "retrieved_on": "2026-09-26",
        "coordinate_precision": 0.00027777777777778,
        "license": "CC0 1.0",
        "label_note": "Reference: Nizza Monferrato. Point is not the area's legal boundary."
      },
      "geometry": {
        "type": "Point",
        "coordinates": [
          8.355,
          44.774722222222
        ]
      }
    },
    {
      "type": "Feature",
      "properties": {
        "node": "n_geo_brachetto_d_acqui",
        "name": "Brachetto d’Acqui",
        "point_role": "explicit gazetteer or settlement reference; not legal wine-area boundary",
        "point_place_name": "Acqui Terme",
        "point_description": "Italian comune",
        "wikidata_id": "Q17244",
        "source_coordinate_claim": "Q17244$37BE4B13-EA63-4291-AD06-DFF0B50C9419",
        "source_coordinate_url": "https://www.wikidata.org/wiki/Special:EntityData/Q17244.json",
        "source_url": "https://www.wikidata.org/wiki/Q17244",
        "retrieved_on": "2026-09-26",
        "coordinate_precision": 0.00027777777777778,
        "license": "CC0 1.0",
        "label_note": "Reference: Acqui Terme. Point is not the area's legal boundary."
      },
      "geometry": {
        "type": "Point",
        "coordinates": [
          8.4686111111111,
          44.676111111111
        ]
      }
    },
    {
      "type": "Feature",
      "properties": {
        "node": "n_geo_boca",
        "name": "Boca",
        "point_role": "explicit gazetteer or settlement reference; not legal wine-area boundary",
        "point_place_name": "Boca",
        "point_description": "Italian comune in Novara",
        "wikidata_id": "Q22079",
        "source_coordinate_claim": "q22079$8F9F3C38-03D3-4DC7-8108-878E57DEF2A0",
        "source_coordinate_url": "https://www.wikidata.org/wiki/Special:EntityData/Q22079.json",
        "source_url": "https://www.wikidata.org/wiki/Q22079",
        "retrieved_on": "2026-09-26",
        "coordinate_precision": 0.00027777777777778,
        "license": "CC0 1.0",
        "label_note": "Reference: Boca. Point is not the area's legal boundary."
      },
      "geometry": {
        "type": "Point",
        "coordinates": [
          8.4166666666667,
          45.683333333333
        ]
      }
    },
    {
      "type": "Feature",
      "properties": {
        "node": "n_geo_fara",
        "name": "Fara",
        "point_role": "explicit gazetteer or settlement reference; not legal wine-area boundary",
        "point_place_name": "Fara Novarese",
        "point_description": "Italian comune",
        "wikidata_id": "Q22226",
        "source_coordinate_claim": "q22226$CD84851E-B974-48FD-AFF6-89826D3E2A74",
        "source_coordinate_url": "https://www.wikidata.org/wiki/Special:EntityData/Q22226.json",
        "source_url": "https://www.wikidata.org/wiki/Q22226",
        "retrieved_on": "2026-09-26",
        "coordinate_precision": 0.00027777777777778,
        "license": "CC0 1.0",
        "label_note": "Reference: Fara Novarese. Point is not the area's legal boundary."
      },
      "geometry": {
        "type": "Point",
        "coordinates": [
          8.4666666666667,
          45.55
        ]
      }
    },
    {
      "type": "Feature",
      "properties": {
        "node": "n_geo_lessona",
        "name": "Lessona",
        "point_role": "explicit gazetteer or settlement reference; not legal wine-area boundary",
        "point_place_name": "Lessona",
        "point_description": "Italian comune",
        "wikidata_id": "Q18077",
        "source_coordinate_claim": "Q18077$F13A7842-D222-40A0-B3C9-4716B6C71B07",
        "source_coordinate_url": "https://www.wikidata.org/wiki/Special:EntityData/Q18077.json",
        "source_url": "https://www.wikidata.org/wiki/Q18077",
        "retrieved_on": "2026-09-26",
        "coordinate_precision": 0.00000277777777778,
        "license": "CC0 1.0",
        "label_note": "Reference: Lessona. Point is not the area's legal boundary."
      },
      "geometry": {
        "type": "Point",
        "coordinates": [
          8.1964444444444,
          45.586263888889
        ]
      }
    },
    {
      "type": "Feature",
      "properties": {
        "node": "n_geo_bramaterra",
        "name": "Bramaterra",
        "point_role": "explicit gazetteer or settlement reference; not legal wine-area boundary",
        "point_place_name": "Brusnengo",
        "point_description": "Italian comune",
        "wikidata_id": "Q18027",
        "source_coordinate_claim": "Q18027$0e56ec6a-4957-aac0-07a0-35baf40546ed",
        "source_coordinate_url": "https://www.wikidata.org/wiki/Special:EntityData/Q18027.json",
        "source_url": "https://www.wikidata.org/wiki/Q18027",
        "retrieved_on": "2026-09-26",
        "coordinate_precision": 0.00027777777777778,
        "license": "CC0 1.0",
        "label_note": "Reference: Brusnengo. Point is not the area's legal boundary."
      },
      "geometry": {
        "type": "Point",
        "coordinates": [
          8.2522222222222,
          45.59
        ]
      }
    },
    {
      "type": "Feature",
      "properties": {
        "node": "n_geo_sizzano",
        "name": "Sizzano",
        "point_role": "explicit gazetteer or settlement reference; not legal wine-area boundary",
        "point_place_name": "Sizzano",
        "point_description": "Italian comune",
        "wikidata_id": "Q22630",
        "source_coordinate_claim": "q22630$2644E02F-5E93-42F5-B93C-69F549F195C3",
        "source_coordinate_url": "https://www.wikidata.org/wiki/Special:EntityData/Q22630.json",
        "source_url": "https://www.wikidata.org/wiki/Q22630",
        "retrieved_on": "2026-09-26",
        "coordinate_precision": 0.00027777777777778,
        "license": "CC0 1.0",
        "label_note": "Reference: Sizzano. Point is not the area's legal boundary."
      },
      "geometry": {
        "type": "Point",
        "coordinates": [
          8.4333333333333,
          45.583333333333
        ]
      }
    },
    {
      "type": "Feature",
      "properties": {
        "node": "n_geo_monferrato",
        "name": "Monferrato",
        "point_role": "explicit gazetteer or settlement reference; not legal wine-area boundary",
        "point_place_name": "Casale Monferrato",
        "point_description": "town in the Piedmont region in Italy",
        "wikidata_id": "Q16333",
        "source_coordinate_claim": "Q16333$869DD819-D08A-486F-BD43-50AB1A512175",
        "source_coordinate_url": "https://www.wikidata.org/wiki/Special:EntityData/Q16333.json",
        "source_url": "https://www.wikidata.org/wiki/Q16333",
        "retrieved_on": "2026-09-26",
        "coordinate_precision": 0.00027777777777778,
        "license": "CC0 1.0",
        "label_note": "Reference: Casale Monferrato. Point is not the area's legal boundary."
      },
      "geometry": {
        "type": "Point",
        "coordinates": [
          8.4583333333333,
          45.134166666667
        ]
      }
    },
    {
      "type": "Feature",
      "properties": {
        "node": "n_geo_rosso_di_montalcino",
        "name": "Rosso di Montalcino",
        "point_role": "explicit gazetteer or settlement reference; not legal wine-area boundary",
        "point_place_name": "Montalcino",
        "point_description": "Italian comune",
        "wikidata_id": "Q91208",
        "source_coordinate_claim": "Q91208$D85E739A-2698-451C-96BA-0FBB7F21E629",
        "source_coordinate_url": "https://www.wikidata.org/wiki/Special:EntityData/Q91208.json",
        "source_url": "https://www.wikidata.org/wiki/Q91208",
        "retrieved_on": "2026-09-26",
        "coordinate_precision": 0.00027777777777778,
        "license": "CC0 1.0",
        "label_note": "Reference: Montalcino. Point is not the area's legal boundary."
      },
      "geometry": {
        "type": "Point",
        "coordinates": [
          11.489166666667,
          43.059166666667
        ]
      }
    },
    {
      "type": "Feature",
      "properties": {
        "node": "n_geo_bolgheri_sassicaia",
        "name": "Bolgheri Sassicaia",
        "point_role": "explicit gazetteer or settlement reference; not legal wine-area boundary",
        "point_place_name": "Castagneto Carducci",
        "point_description": "Italian comune",
        "wikidata_id": "Q157745",
        "source_coordinate_claim": "q157745$1AB7B763-8A80-4B3C-9F88-4C704E5CED9B",
        "source_coordinate_url": "https://www.wikidata.org/wiki/Special:EntityData/Q157745.json",
        "source_url": "https://www.wikidata.org/wiki/Q157745",
        "retrieved_on": "2026-09-26",
        "coordinate_precision": 0.00027777777777778,
        "license": "CC0 1.0",
        "label_note": "Reference: Castagneto Carducci. Point is not the area's legal boundary."
      },
      "geometry": {
        "type": "Point",
        "coordinates": [
          10.6,
          43.166666666667
        ]
      }
    },
    {
      "type": "Feature",
      "properties": {
        "node": "n_geo_maremma_toscana",
        "name": "Maremma Toscana",
        "point_role": "explicit gazetteer or settlement reference; not legal wine-area boundary",
        "point_place_name": "Grosseto",
        "point_description": "Italian city",
        "wikidata_id": "Q6716",
        "source_coordinate_claim": "Q6716$37E3DED4-E98D-43FA-837E-7627BFF8DC3D",
        "source_coordinate_url": "https://www.wikidata.org/wiki/Special:EntityData/Q6716.json",
        "source_url": "https://www.wikidata.org/wiki/Q6716",
        "retrieved_on": "2026-09-26",
        "coordinate_precision": 0.00027777777777778,
        "license": "CC0 1.0",
        "label_note": "Reference: Grosseto. Point is not the area's legal boundary."
      },
      "geometry": {
        "type": "Point",
        "coordinates": [
          11.108888888889,
          42.772222222222
        ]
      }
    },
    {
      "type": "Feature",
      "properties": {
        "node": "n_geo_bardolino",
        "name": "Bardolino",
        "point_role": "explicit gazetteer or settlement reference; not legal wine-area boundary",
        "point_place_name": "Bardolino",
        "point_description": "Italian comune",
        "wikidata_id": "Q46870",
        "source_coordinate_claim": "Q46870$9C47C166-9E7A-4B16-8546-99A9A9D1DA47",
        "source_coordinate_url": "https://www.wikidata.org/wiki/Special:EntityData/Q46870.json",
        "source_url": "https://www.wikidata.org/wiki/Q46870",
        "retrieved_on": "2026-09-26",
        "coordinate_precision": 0.00027777777777778,
        "license": "CC0 1.0",
        "label_note": "Reference: Bardolino. Point is not the area's legal boundary."
      },
      "geometry": {
        "type": "Point",
        "coordinates": [
          10.721388888889,
          45.551666666667
        ]
      }
    },
    {
      "type": "Feature",
      "properties": {
        "node": "n_geo_lugana",
        "name": "Lugana",
        "point_role": "explicit gazetteer or settlement reference; not legal wine-area boundary",
        "point_place_name": "Sirmione",
        "point_description": "Italian comune",
        "wikidata_id": "Q112019",
        "source_coordinate_claim": "Q112019$8A920E50-E17C-41FC-90C6-4F57A5697570",
        "source_coordinate_url": "https://www.wikidata.org/wiki/Special:EntityData/Q112019.json",
        "source_url": "https://www.wikidata.org/wiki/Q112019",
        "retrieved_on": "2026-09-26",
        "coordinate_precision": 0.00027777777777778,
        "license": "CC0 1.0",
        "label_note": "Reference: Sirmione. Point is not the area's legal boundary."
      },
      "geometry": {
        "type": "Point",
        "coordinates": [
          10.606111111111,
          45.469444444444
        ]
      }
    },
    {
      "type": "Feature",
      "properties": {
        "node": "n_geo_gambellara",
        "name": "Gambellara",
        "point_role": "explicit gazetteer or settlement reference; not legal wine-area boundary",
        "point_place_name": "Gambellara",
        "point_description": "Italian comune",
        "wikidata_id": "Q46324",
        "source_coordinate_claim": "Q46324$7AEE590D-E0AA-4B5A-B9AA-C13ED80CA54B",
        "source_coordinate_url": "https://www.wikidata.org/wiki/Special:EntityData/Q46324.json",
        "source_url": "https://www.wikidata.org/wiki/Q46324",
        "retrieved_on": "2026-09-26",
        "coordinate_precision": 1e-7,
        "license": "CC0 1.0",
        "label_note": "Reference: Gambellara. Point is not the area's legal boundary."
      },
      "geometry": {
        "type": "Point",
        "coordinates": [
          11.3398403,
          45.4625095
        ]
      }
    },
    {
      "type": "Feature",
      "properties": {
        "node": "n_geo_breganze",
        "name": "Breganze",
        "point_role": "explicit gazetteer or settlement reference; not legal wine-area boundary",
        "point_place_name": "Breganze",
        "point_description": "Italian comune",
        "wikidata_id": "Q46357",
        "source_coordinate_claim": "q46357$EC7F5FB6-ECEF-4136-86E6-AB2933A7450B",
        "source_coordinate_url": "https://www.wikidata.org/wiki/Special:EntityData/Q46357.json",
        "source_url": "https://www.wikidata.org/wiki/Q46357",
        "retrieved_on": "2026-09-26",
        "coordinate_precision": 0.00027777777777778,
        "license": "CC0 1.0",
        "label_note": "Reference: Breganze. Point is not the area's legal boundary."
      },
      "geometry": {
        "type": "Point",
        "coordinates": [
          11.566666666667,
          45.7
        ]
      }
    },
    {
      "type": "Feature",
      "properties": {
        "node": "n_geo_prosecco",
        "name": "Prosecco",
        "point_role": "explicit gazetteer or settlement reference; not legal wine-area boundary",
        "point_place_name": "Treviso",
        "point_description": "comune in Veneto, Italy",
        "wikidata_id": "Q5475",
        "source_coordinate_claim": "Q5475$BCDC4C85-39F4-4A30-8CEC-D2E0A197BDBC",
        "source_coordinate_url": "https://www.wikidata.org/wiki/Special:EntityData/Q5475.json",
        "source_url": "https://www.wikidata.org/wiki/Q5475",
        "retrieved_on": "2026-09-26",
        "coordinate_precision": 0.0002777777777777778,
        "license": "CC0 1.0",
        "label_note": "Reference: Treviso. Point is not the area's legal boundary."
      },
      "geometry": {
        "type": "Point",
        "coordinates": [
          12.245555555555555,
          45.66583333333333
        ]
      }
    },
    {
      "type": "Feature",
      "properties": {
        "node": "n_geo_trentino",
        "name": "Trentino",
        "point_role": "explicit gazetteer or settlement reference; not legal wine-area boundary",
        "point_place_name": "Trento",
        "point_description": "Italian city in the northeast of the country",
        "wikidata_id": "Q3376",
        "source_coordinate_claim": "Q3376$B2E10896-8A2E-4161-BE6B-1AE56893D9E2",
        "source_coordinate_url": "https://www.wikidata.org/wiki/Special:EntityData/Q3376.json",
        "source_url": "https://www.wikidata.org/wiki/Q3376",
        "retrieved_on": "2026-09-26",
        "coordinate_precision": 0.12947365386563,
        "license": "CC0 1.0",
        "label_note": "Reference: Trento. Point is not the area's legal boundary."
      },
      "geometry": {
        "type": "Point",
        "coordinates": [
          11.11666667,
          46.06666667
        ]
      }
    },
    {
      "type": "Feature",
      "properties": {
        "node": "n_geo_trento_doc",
        "name": "Trento",
        "point_role": "explicit gazetteer or settlement reference; not legal wine-area boundary",
        "point_place_name": "Rovereto",
        "point_description": "comune in Trentino-Alto Adige/Südtirol, Italy",
        "wikidata_id": "Q279373",
        "source_coordinate_claim": "Q279373$8DF75141-CFA0-41F3-964B-D471BD6DACBA",
        "source_coordinate_url": "https://www.wikidata.org/wiki/Special:EntityData/Q279373.json",
        "source_url": "https://www.wikidata.org/wiki/Q279373",
        "retrieved_on": "2026-09-26",
        "coordinate_precision": 0.00027777777777778,
        "license": "CC0 1.0",
        "label_note": "Reference: Rovereto. Point is not the area's legal boundary."
      },
      "geometry": {
        "type": "Point",
        "coordinates": [
          11.034166666667,
          45.883333333333
        ]
      }
    },
    {
      "type": "Feature",
      "properties": {
        "node": "n_geo_teroldego_rotaliano",
        "name": "Teroldego Rotaliano",
        "point_role": "explicit gazetteer or settlement reference; not legal wine-area boundary",
        "point_place_name": "Mezzolombardo",
        "point_description": "Italian comune",
        "wikidata_id": "Q295602",
        "source_coordinate_claim": "Q295602$F0392C76-5563-423E-8DC0-CA3939F6AD6C",
        "source_coordinate_url": "https://www.wikidata.org/wiki/Special:EntityData/Q295602.json",
        "source_url": "https://www.wikidata.org/wiki/Q295602",
        "retrieved_on": "2026-09-26",
        "coordinate_precision": 0.00027777777777778,
        "license": "CC0 1.0",
        "label_note": "Reference: Mezzolombardo. Point is not the area's legal boundary."
      },
      "geometry": {
        "type": "Point",
        "coordinates": [
          11.097777777778,
          46.209722222222
        ]
      }
    },
    {
      "type": "Feature",
      "properties": {
        "node": "n_geo_lago_di_caldaro",
        "name": "Lago di Caldaro / Kalterersee",
        "point_role": "explicit gazetteer or settlement reference; not legal wine-area boundary",
        "point_place_name": "Kaltern an der Weinstraße",
        "point_description": "municipality in South Tyrol, Italy",
        "wikidata_id": "Q278942",
        "source_coordinate_claim": "Q278942$18806033-FBF4-4F4A-84E0-D4FE9973CF43",
        "source_coordinate_url": "https://www.wikidata.org/wiki/Special:EntityData/Q278942.json",
        "source_url": "https://www.wikidata.org/wiki/Q278942",
        "retrieved_on": "2026-09-26",
        "coordinate_precision": 0.000001,
        "license": "CC0 1.0",
        "label_note": "Reference: Kaltern an der Weinstraße. Point is not the area's legal boundary."
      },
      "geometry": {
        "type": "Point",
        "coordinates": [
          11.246203,
          46.413259
        ]
      }
    },
    {
      "type": "Feature",
      "properties": {
        "node": "n_geo_valtellina_superiore",
        "name": "Valtellina Superiore",
        "point_role": "explicit gazetteer or settlement reference; not legal wine-area boundary",
        "point_place_name": "Teglio",
        "point_description": "Italian comune",
        "wikidata_id": "Q39794",
        "source_coordinate_claim": "q39794$B54C8EC6-35C6-4EC7-9915-2495B59B93CC",
        "source_coordinate_url": "https://www.wikidata.org/wiki/Special:EntityData/Q39794.json",
        "source_url": "https://www.wikidata.org/wiki/Q39794",
        "retrieved_on": "2026-09-26",
        "coordinate_precision": 0.00027777777777778,
        "license": "CC0 1.0",
        "label_note": "Reference: Teglio. Point is not the area's legal boundary."
      },
      "geometry": {
        "type": "Point",
        "coordinates": [
          10.066666666667,
          46.166666666667
        ]
      }
    },
    {
      "type": "Feature",
      "properties": {
        "node": "n_geo_sforzato_valtellina",
        "name": "Sforzato di Valtellina",
        "point_role": "explicit gazetteer or settlement reference; not legal wine-area boundary",
        "point_place_name": "Sondrio",
        "point_description": "Italian city in Valtellina",
        "wikidata_id": "Q6274",
        "source_coordinate_claim": "Q6274$5B0E9409-D447-4587-8CFB-159D60051167",
        "source_coordinate_url": "https://www.wikidata.org/wiki/Special:EntityData/Q6274.json",
        "source_url": "https://www.wikidata.org/wiki/Q6274",
        "retrieved_on": "2026-09-26",
        "coordinate_precision": 0.000277778,
        "license": "CC0 1.0",
        "label_note": "Reference: Sondrio. Point is not the area's legal boundary."
      },
      "geometry": {
        "type": "Point",
        "coordinates": [
          9.87,
          46.169719444444
        ]
      }
    },
    {
      "type": "Feature",
      "properties": {
        "node": "n_geo_oltrepo_pavese",
        "name": "Oltrepò Pavese",
        "point_role": "explicit gazetteer or settlement reference; not legal wine-area boundary",
        "point_place_name": "Casteggio",
        "point_description": "Italian comune",
        "wikidata_id": "Q40611",
        "source_coordinate_claim": "q40611$7B850476-984B-4ECA-9E96-F4A2CCB13B7E",
        "source_coordinate_url": "https://www.wikidata.org/wiki/Special:EntityData/Q40611.json",
        "source_url": "https://www.wikidata.org/wiki/Q40611",
        "retrieved_on": "2026-09-26",
        "coordinate_precision": 0.00027777777777778,
        "license": "CC0 1.0",
        "label_note": "Reference: Casteggio. Point is not the area's legal boundary."
      },
      "geometry": {
        "type": "Point",
        "coordinates": [
          9.1333333333333,
          45.016666666667
        ]
      }
    },
    {
      "type": "Feature",
      "properties": {
        "node": "n_geo_ramandolo",
        "name": "Ramandolo",
        "point_role": "explicit gazetteer or settlement reference; not legal wine-area boundary",
        "point_place_name": "Nimis",
        "point_description": "Italian comune",
        "wikidata_id": "Q53296",
        "source_coordinate_claim": "q53296$19913F9D-2DB9-493D-AB92-A50F9F621176",
        "source_coordinate_url": "https://www.wikidata.org/wiki/Special:EntityData/Q53296.json",
        "source_url": "https://www.wikidata.org/wiki/Q53296",
        "retrieved_on": "2026-09-26",
        "coordinate_precision": 0.0002777777777777778,
        "license": "CC0 1.0",
        "label_note": "Reference: Nimis. Point is not the area's legal boundary."
      },
      "geometry": {
        "type": "Point",
        "coordinates": [
          13.265,
          46.20027777777778
        ]
      }
    },
    {
      "type": "Feature",
      "properties": {
        "node": "n_geo_rosazzo",
        "name": "Rosazzo",
        "point_role": "explicit gazetteer or settlement reference; not legal wine-area boundary",
        "point_place_name": "Manzano",
        "point_description": "Italian comune",
        "wikidata_id": "Q53279",
        "source_coordinate_claim": "q53279$282276F8-6E37-4DB4-8DCE-9D87CE07DFAC",
        "source_coordinate_url": "https://www.wikidata.org/wiki/Special:EntityData/Q53279.json",
        "source_url": "https://www.wikidata.org/wiki/Q53279",
        "retrieved_on": "2026-09-26",
        "coordinate_precision": 0.00027777777777778,
        "license": "CC0 1.0",
        "label_note": "Reference: Manzano. Point is not the area's legal boundary."
      },
      "geometry": {
        "type": "Point",
        "coordinates": [
          13.383333333333,
          45.983333333333
        ]
      }
    },
    {
      "type": "Feature",
      "properties": {
        "node": "n_geo_friuli_grave",
        "name": "Friuli Grave",
        "point_role": "explicit gazetteer or settlement reference; not legal wine-area boundary",
        "point_place_name": "Codroipo",
        "point_description": "Italian comune",
        "wikidata_id": "Q53246",
        "source_coordinate_claim": "q53246$6329CC49-2A9E-4E7B-8E46-FE3D01D09E21",
        "source_coordinate_url": "https://www.wikidata.org/wiki/Special:EntityData/Q53246.json",
        "source_url": "https://www.wikidata.org/wiki/Q53246",
        "retrieved_on": "2026-09-26",
        "coordinate_precision": 0.0000027777777777778,
        "license": "CC0 1.0",
        "label_note": "Reference: Codroipo. Point is not the area's legal boundary."
      },
      "geometry": {
        "type": "Point",
        "coordinates": [
          12.977386111111,
          45.961425
        ]
      }
    },
    {
      "type": "Feature",
      "properties": {
        "node": "n_geo_colli_orientali_picolit",
        "name": "Colli Orientali del Friuli Picolit",
        "point_role": "explicit gazetteer or settlement reference; not legal wine-area boundary",
        "point_place_name": "Corno di Rosazzo",
        "point_description": "Italian comune",
        "wikidata_id": "Q53250",
        "source_coordinate_claim": "q53250$1D4F4FFF-08A4-496A-BFEE-D108CDDAFBB0",
        "source_coordinate_url": "https://www.wikidata.org/wiki/Special:EntityData/Q53250.json",
        "source_url": "https://www.wikidata.org/wiki/Q53250",
        "retrieved_on": "2026-09-26",
        "coordinate_precision": 0.00027777777777778,
        "license": "CC0 1.0",
        "label_note": "Reference: Corno di Rosazzo. Point is not the area's legal boundary."
      },
      "geometry": {
        "type": "Point",
        "coordinates": [
          13.45,
          45.983333333333
        ]
      }
    },
    {
      "type": "Feature",
      "properties": {
        "node": "n_geo_lambrusco_sorbara",
        "name": "Lambrusco di Sorbara",
        "point_role": "explicit gazetteer or settlement reference; not legal wine-area boundary",
        "point_place_name": "Bomporto",
        "point_description": "Italian comune",
        "wikidata_id": "Q100038",
        "source_coordinate_claim": "q100038$B7059FC8-034B-4A22-92A8-F07B9D9C8A29",
        "source_coordinate_url": "https://www.wikidata.org/wiki/Special:EntityData/Q100038.json",
        "source_url": "https://www.wikidata.org/wiki/Q100038",
        "retrieved_on": "2026-09-26",
        "coordinate_precision": 0.00027777777777778,
        "license": "CC0 1.0",
        "label_note": "Reference: Bomporto. Point is not the area's legal boundary."
      },
      "geometry": {
        "type": "Point",
        "coordinates": [
          11.033333333333,
          44.733333333333
        ]
      }
    },
    {
      "type": "Feature",
      "properties": {
        "node": "n_geo_lambrusco_grasparossa",
        "name": "Lambrusco Grasparossa di Castelvetro",
        "point_role": "explicit gazetteer or settlement reference; not legal wine-area boundary",
        "point_place_name": "Castelvetro di Modena",
        "point_description": "Italian comune",
        "wikidata_id": "Q100045",
        "source_coordinate_claim": "Q100045$D281A18B-D54B-4FA1-84B2-B71BDFF98BAD",
        "source_coordinate_url": "https://www.wikidata.org/wiki/Special:EntityData/Q100045.json",
        "source_url": "https://www.wikidata.org/wiki/Q100045",
        "retrieved_on": "2026-09-26",
        "coordinate_precision": 0.00027777777777778,
        "license": "CC0 1.0",
        "label_note": "Reference: Castelvetro di Modena. Point is not the area's legal boundary."
      },
      "geometry": {
        "type": "Point",
        "coordinates": [
          10.947222222222,
          44.506666666667
        ]
      }
    },
    {
      "type": "Feature",
      "properties": {
        "node": "n_geo_lambrusco_salamino",
        "name": "Lambrusco Salamino di Santa Croce",
        "point_role": "explicit gazetteer or settlement reference; not legal wine-area boundary",
        "point_place_name": "Carpi",
        "point_description": "Italian comune in Emilia-Romagna",
        "wikidata_id": "Q100041",
        "source_coordinate_claim": "Q100041$E68C6738-7408-488C-8572-8FA1A7840197",
        "source_coordinate_url": "https://www.wikidata.org/wiki/Special:EntityData/Q100041.json",
        "source_url": "https://www.wikidata.org/wiki/Q100041",
        "retrieved_on": "2026-09-26",
        "coordinate_precision": 0.00027777777777778,
        "license": "CC0 1.0",
        "label_note": "Reference: Carpi. Point is not the area's legal boundary."
      },
      "geometry": {
        "type": "Point",
        "coordinates": [
          10.885,
          44.783333333333
        ]
      }
    },
    {
      "type": "Feature",
      "properties": {
        "node": "n_geo_romagna_albana",
        "name": "Romagna Albana",
        "point_role": "explicit gazetteer or settlement reference; not legal wine-area boundary",
        "point_place_name": "Bertinoro",
        "point_description": "Italian comune",
        "wikidata_id": "Q99934",
        "source_coordinate_claim": "q99934$030BF3D2-F580-4D23-A613-88E50E50E767",
        "source_coordinate_url": "https://www.wikidata.org/wiki/Special:EntityData/Q99934.json",
        "source_url": "https://www.wikidata.org/wiki/Q99934",
        "retrieved_on": "2026-09-26",
        "coordinate_precision": 0.00027777777777778,
        "license": "CC0 1.0",
        "label_note": "Reference: Bertinoro. Point is not the area's legal boundary."
      },
      "geometry": {
        "type": "Point",
        "coordinates": [
          12.133333333333,
          44.15
        ]
      }
    },
    {
      "type": "Feature",
      "properties": {
        "node": "n_geo_montefalco_sagrantino",
        "name": "Montefalco Sagrantino",
        "point_role": "explicit gazetteer or settlement reference; not legal wine-area boundary",
        "point_place_name": "Montefalco",
        "point_description": "Italian comune",
        "wikidata_id": "Q20478",
        "source_coordinate_claim": "Q20478$7CE03F02-09DB-415B-A8EF-FD978F1F2B69",
        "source_coordinate_url": "https://www.wikidata.org/wiki/Special:EntityData/Q20478.json",
        "source_url": "https://www.wikidata.org/wiki/Q20478",
        "retrieved_on": "2026-09-26",
        "coordinate_precision": 0.000001,
        "license": "CC0 1.0",
        "label_note": "Reference: Montefalco. Point is not the area's legal boundary."
      },
      "geometry": {
        "type": "Point",
        "coordinates": [
          12.65238238,
          42.89376236
        ]
      }
    },
    {
      "type": "Feature",
      "properties": {
        "node": "n_geo_torgiano",
        "name": "Torgiano",
        "point_role": "explicit gazetteer or settlement reference; not legal wine-area boundary",
        "point_place_name": "Torgiano",
        "point_description": "Italian comune",
        "wikidata_id": "Q20590",
        "source_coordinate_claim": "Q20590$14DB565F-CD98-47D4-ACF6-0E24A5A4CF4F",
        "source_coordinate_url": "https://www.wikidata.org/wiki/Special:EntityData/Q20590.json",
        "source_url": "https://www.wikidata.org/wiki/Q20590",
        "retrieved_on": "2026-09-26",
        "coordinate_precision": 0.000001,
        "license": "CC0 1.0",
        "label_note": "Reference: Torgiano. Point is not the area's legal boundary."
      },
      "geometry": {
        "type": "Point",
        "coordinates": [
          12.43397731,
          43.02563097
        ]
      }
    },
    {
      "type": "Feature",
      "properties": {
        "node": "n_geo_orvieto",
        "name": "Orvieto",
        "point_role": "explicit gazetteer or settlement reference; not legal wine-area boundary",
        "point_place_name": "Orvieto",
        "point_description": "Italian comune",
        "wikidata_id": "Q541",
        "source_coordinate_claim": "Q541$550CED57-E01F-48AE-B940-E09BC66D6356",
        "source_coordinate_url": "https://www.wikidata.org/wiki/Special:EntityData/Q541.json",
        "source_url": "https://www.wikidata.org/wiki/Q541",
        "retrieved_on": "2026-09-26",
        "coordinate_precision": 0.000001,
        "license": "CC0 1.0",
        "label_note": "Reference: Orvieto. Point is not the area's legal boundary."
      },
      "geometry": {
        "type": "Point",
        "coordinates": [
          12.10826941,
          42.71820031
        ]
      }
    },
    {
      "type": "Feature",
      "properties": {
        "node": "n_geo_verdicchio_matelica",
        "name": "Verdicchio di Matelica",
        "point_role": "explicit gazetteer or settlement reference; not legal wine-area boundary",
        "point_place_name": "Matelica",
        "point_description": "Italian comune",
        "wikidata_id": "Q83056",
        "source_coordinate_claim": "Q83056$49F5DB31-062E-40F6-8578-059F72CE42AA",
        "source_coordinate_url": "https://www.wikidata.org/wiki/Special:EntityData/Q83056.json",
        "source_url": "https://www.wikidata.org/wiki/Q83056",
        "retrieved_on": "2026-09-26",
        "coordinate_precision": 0.00000277777777778,
        "license": "CC0 1.0",
        "label_note": "Reference: Matelica. Point is not the area's legal boundary."
      },
      "geometry": {
        "type": "Point",
        "coordinates": [
          13.009594444444,
          43.256586111111
        ]
      }
    },
    {
      "type": "Feature",
      "properties": {
        "node": "n_geo_conero",
        "name": "Conero",
        "point_role": "explicit gazetteer or settlement reference; not legal wine-area boundary",
        "point_place_name": "Sirolo",
        "point_description": "Italian comune",
        "wikidata_id": "Q124999",
        "source_coordinate_claim": "Q124999$28BAFF8D-052E-4156-B992-BF8DD34C7839",
        "source_coordinate_url": "https://www.wikidata.org/wiki/Special:EntityData/Q124999.json",
        "source_url": "https://www.wikidata.org/wiki/Q124999",
        "retrieved_on": "2026-09-26",
        "coordinate_precision": 0.00000277777777778,
        "license": "CC0 1.0",
        "label_note": "Reference: Sirolo. Point is not the area's legal boundary."
      },
      "geometry": {
        "type": "Point",
        "coordinates": [
          13.616019444444,
          43.526019444444
        ]
      }
    },
    {
      "type": "Feature",
      "properties": {
        "node": "n_geo_montepulciano_abruzzo",
        "name": "Montepulciano d’Abruzzo",
        "point_role": "explicit gazetteer or settlement reference; not legal wine-area boundary",
        "point_place_name": "Chieti",
        "point_description": "Italian comune",
        "wikidata_id": "Q13138",
        "source_coordinate_claim": "Q13138$63F58D1A-3802-4589-A1AB-0930129285D4",
        "source_coordinate_url": "https://www.wikidata.org/wiki/Special:EntityData/Q13138.json",
        "source_url": "https://www.wikidata.org/wiki/Q13138",
        "retrieved_on": "2026-09-26",
        "coordinate_precision": 0.00000277777777778,
        "license": "CC0 1.0",
        "label_note": "Reference: Chieti. Point is not the area's legal boundary."
      },
      "geometry": {
        "type": "Point",
        "coordinates": [
          14.167427777778,
          42.351113888889
        ]
      }
    },
    {
      "type": "Feature",
      "properties": {
        "node": "n_geo_trebbiano_abruzzo",
        "name": "Trebbiano d’Abruzzo",
        "point_role": "explicit gazetteer or settlement reference; not legal wine-area boundary",
        "point_place_name": "Pescara",
        "point_description": "city in Abruzzo, Central Italy",
        "wikidata_id": "Q2704",
        "source_coordinate_claim": "Q2704$A93AA347-B506-4A11-B7E8-32E74133BF6C",
        "source_coordinate_url": "https://www.wikidata.org/wiki/Special:EntityData/Q2704.json",
        "source_url": "https://www.wikidata.org/wiki/Q2704",
        "retrieved_on": "2026-09-26",
        "coordinate_precision": 0.00000277777777778,
        "license": "CC0 1.0",
        "label_note": "Reference: Pescara. Point is not the area's legal boundary."
      },
      "geometry": {
        "type": "Point",
        "coordinates": [
          14.214188888889,
          42.464277777778
        ]
      }
    },
    {
      "type": "Feature",
      "properties": {
        "node": "n_geo_cerasuolo_abruzzo",
        "name": "Cerasuolo d’Abruzzo",
        "point_role": "explicit gazetteer or settlement reference; not legal wine-area boundary",
        "point_place_name": "Ortona",
        "point_description": "town and municipality in the Province of Chieti, Italy",
        "wikidata_id": "Q51256",
        "source_coordinate_claim": "Q51256$78BC44F3-720C-4161-930A-E81427AA7870",
        "source_coordinate_url": "https://www.wikidata.org/wiki/Special:EntityData/Q51256.json",
        "source_url": "https://www.wikidata.org/wiki/Q51256",
        "retrieved_on": "2026-09-26",
        "coordinate_precision": 0.00000277777777778,
        "license": "CC0 1.0",
        "label_note": "Reference: Ortona. Point is not the area's legal boundary."
      },
      "geometry": {
        "type": "Point",
        "coordinates": [
          14.403594444444,
          42.355658333333
        ]
      }
    },
    {
      "type": "Feature",
      "properties": {
        "node": "n_geo_fiano_avellino",
        "name": "Fiano di Avellino",
        "point_role": "explicit gazetteer or settlement reference; not legal wine-area boundary",
        "point_place_name": "Avellino",
        "point_description": "Italian comune",
        "wikidata_id": "Q13433",
        "source_coordinate_claim": "Q13433$1F2E2C38-9F0E-4C9E-85E2-79E348FF5154",
        "source_coordinate_url": "https://www.wikidata.org/wiki/Special:EntityData/Q13433.json",
        "source_url": "https://www.wikidata.org/wiki/Q13433",
        "retrieved_on": "2026-09-26",
        "coordinate_precision": 0.00027777777777778,
        "license": "CC0 1.0",
        "label_note": "Reference: Avellino. Point is not the area's legal boundary."
      },
      "geometry": {
        "type": "Point",
        "coordinates": [
          14.789722222222,
          40.915277777778
        ]
      }
    },
    {
      "type": "Feature",
      "properties": {
        "node": "n_geo_greco_tufo",
        "name": "Greco di Tufo",
        "point_role": "explicit gazetteer or settlement reference; not legal wine-area boundary",
        "point_place_name": "Tufo",
        "point_description": "Italian comune",
        "wikidata_id": "Q55134",
        "source_coordinate_claim": "Q55134$1EF07E41-AE63-40FD-BE9D-3D9E92D3B69C",
        "source_coordinate_url": "https://www.wikidata.org/wiki/Special:EntityData/Q55134.json",
        "source_url": "https://www.wikidata.org/wiki/Q55134",
        "retrieved_on": "2026-09-26",
        "coordinate_precision": 0.00001,
        "license": "CC0 1.0",
        "label_note": "Reference: Tufo. Point is not the area's legal boundary."
      },
      "geometry": {
        "type": "Point",
        "coordinates": [
          14.81784,
          41.01262
        ]
      }
    },
    {
      "type": "Feature",
      "properties": {
        "node": "n_geo_vesuvio",
        "name": "Vesuvio",
        "point_role": "explicit gazetteer or settlement reference; not legal wine-area boundary",
        "point_place_name": "Mount Vesuvius",
        "point_description": "active stratovolcano in the Gulf of Naples, Italy",
        "wikidata_id": "Q524",
        "source_coordinate_claim": "q524$02EA1E9A-52DD-4159-8523-71F9E3F7F551",
        "source_coordinate_url": "https://www.wikidata.org/wiki/Special:EntityData/Q524.json",
        "source_url": "https://www.wikidata.org/wiki/Q524",
        "retrieved_on": "2026-09-26",
        "coordinate_precision": 0.00001,
        "license": "CC0 1.0",
        "label_note": "Reference: Mount Vesuvius. Point is not the area's legal boundary."
      },
      "geometry": {
        "type": "Point",
        "coordinates": [
          14.42919,
          40.82261
        ]
      }
    },
    {
      "type": "Feature",
      "properties": {
        "node": "n_geo_aglianico_vulture",
        "name": "Aglianico del Vulture",
        "point_role": "explicit gazetteer or settlement reference; not legal wine-area boundary",
        "point_place_name": "Rionero in Vulture",
        "point_description": "Italian comune",
        "wikidata_id": "Q52646",
        "source_coordinate_claim": "q52646$E728DBC3-22B6-4BEA-ABDB-1E61C7BEBA6B",
        "source_coordinate_url": "https://www.wikidata.org/wiki/Special:EntityData/Q52646.json",
        "source_url": "https://www.wikidata.org/wiki/Q52646",
        "retrieved_on": "2026-09-26",
        "coordinate_precision": 0.00027777777777778,
        "license": "CC0 1.0",
        "label_note": "Reference: Rionero in Vulture. Point is not the area's legal boundary."
      },
      "geometry": {
        "type": "Point",
        "coordinates": [
          15.666666666667,
          40.916666666667
        ]
      }
    },
    {
      "type": "Feature",
      "properties": {
        "node": "n_geo_primitivo_manduria",
        "name": "Primitivo di Manduria",
        "point_role": "explicit gazetteer or settlement reference; not legal wine-area boundary",
        "point_place_name": "Manduria",
        "point_description": "Italian comune",
        "wikidata_id": "Q52019",
        "source_coordinate_claim": "q52019$326F2581-E3F9-4675-A9E0-83700DFF9890",
        "source_coordinate_url": "https://www.wikidata.org/wiki/Special:EntityData/Q52019.json",
        "source_url": "https://www.wikidata.org/wiki/Q52019",
        "retrieved_on": "2026-09-26",
        "coordinate_precision": 0.00027777777777778,
        "license": "CC0 1.0",
        "label_note": "Reference: Manduria. Point is not the area's legal boundary."
      },
      "geometry": {
        "type": "Point",
        "coordinates": [
          17.634166666667,
          40.402777777778
        ]
      }
    },
    {
      "type": "Feature",
      "properties": {
        "node": "n_geo_salice_salentino",
        "name": "Salice Salentino",
        "point_role": "explicit gazetteer or settlement reference; not legal wine-area boundary",
        "point_place_name": "Salice Salentino",
        "point_description": "Italian comune",
        "wikidata_id": "Q52184",
        "source_coordinate_claim": "q52184$CD9C3840-35E8-4B7F-9628-E4AF4B2ACAE9",
        "source_coordinate_url": "https://www.wikidata.org/wiki/Special:EntityData/Q52184.json",
        "source_url": "https://www.wikidata.org/wiki/Q52184",
        "retrieved_on": "2026-09-26",
        "coordinate_precision": 0.00027777777777778,
        "license": "CC0 1.0",
        "label_note": "Reference: Salice Salentino. Point is not the area's legal boundary."
      },
      "geometry": {
        "type": "Point",
        "coordinates": [
          17.966666666667,
          40.383333333333
        ]
      }
    },
    {
      "type": "Feature",
      "properties": {
        "node": "n_geo_castel_del_monte",
        "name": "Castel del Monte",
        "point_role": "explicit gazetteer or settlement reference; not legal wine-area boundary",
        "point_place_name": "Andria",
        "point_description": "city and comune in Apulia, Italy",
        "wikidata_id": "Q13486",
        "source_coordinate_claim": "Q13486$08BE8F38-A0AE-410E-904B-4A6279763F02",
        "source_coordinate_url": "https://www.wikidata.org/wiki/Special:EntityData/Q13486.json",
        "source_url": "https://www.wikidata.org/wiki/Q13486",
        "retrieved_on": "2026-09-26",
        "coordinate_precision": 0.00027777777777778,
        "license": "CC0 1.0",
        "label_note": "Reference: Andria. Point is not the area's legal boundary."
      },
      "geometry": {
        "type": "Point",
        "coordinates": [
          16.308333333333,
          41.231666666667
        ]
      }
    },
    {
      "type": "Feature",
      "properties": {
        "node": "n_geo_ciro",
        "name": "Cirò",
        "point_role": "explicit gazetteer or settlement reference; not legal wine-area boundary",
        "point_place_name": "Cirò",
        "point_description": "Italian comune",
        "wikidata_id": "Q54501",
        "source_coordinate_claim": "q54501$F88EC854-1D06-4580-BBF0-E41E779CC64A",
        "source_coordinate_url": "https://www.wikidata.org/wiki/Special:EntityData/Q54501.json",
        "source_url": "https://www.wikidata.org/wiki/Q54501",
        "retrieved_on": "2026-09-26",
        "coordinate_precision": 0.00027777777777778,
        "license": "CC0 1.0",
        "label_note": "Reference: Cirò. Point is not the area's legal boundary."
      },
      "geometry": {
        "type": "Point",
        "coordinates": [
          17.066666666667,
          39.383333333333
        ]
      }
    },
    {
      "type": "Feature",
      "properties": {
        "node": "n_geo_cerasuolo_vittoria",
        "name": "Cerasuolo di Vittoria",
        "point_role": "explicit gazetteer or settlement reference; not legal wine-area boundary",
        "point_place_name": "Vittoria",
        "point_description": "Italian comune in Sicily",
        "wikidata_id": "Q34130",
        "source_coordinate_claim": "q34130$ECC38D9A-371F-421F-9E42-1198D388C881",
        "source_coordinate_url": "https://www.wikidata.org/wiki/Special:EntityData/Q34130.json",
        "source_url": "https://www.wikidata.org/wiki/Q34130",
        "retrieved_on": "2026-09-26",
        "coordinate_precision": 0.00027777777777778,
        "license": "CC0 1.0",
        "label_note": "Reference: Vittoria. Point is not the area's legal boundary."
      },
      "geometry": {
        "type": "Point",
        "coordinates": [
          14.533333333333,
          36.95
        ]
      }
    },
    {
      "type": "Feature",
      "properties": {
        "node": "n_geo_marsala",
        "name": "Marsala",
        "point_role": "explicit gazetteer or settlement reference; not legal wine-area boundary",
        "point_place_name": "Marsala",
        "point_description": "Italian comune in Sicily",
        "wikidata_id": "Q481514",
        "source_coordinate_claim": "Q481514$BA55C3B4-B317-474B-9CA5-574ED8E02F46",
        "source_coordinate_url": "https://www.wikidata.org/wiki/Special:EntityData/Q481514.json",
        "source_url": "https://www.wikidata.org/wiki/Q481514",
        "retrieved_on": "2026-09-26",
        "coordinate_precision": 0.0002777777777777778,
        "license": "CC0 1.0",
        "label_note": "Reference: Marsala. Point is not the area's legal boundary."
      },
      "geometry": {
        "type": "Point",
        "coordinates": [
          12.434166666666666,
          37.79805555555556
        ]
      }
    },
    {
      "type": "Feature",
      "properties": {
        "node": "n_geo_pantelleria",
        "name": "Pantelleria",
        "point_role": "explicit gazetteer or settlement reference; not legal wine-area boundary",
        "point_place_name": "Pantelleria",
        "point_description": "Italian municipality",
        "wikidata_id": "Q481758",
        "source_coordinate_claim": "Q481758$48930C1D-87DC-49F4-8EFB-2420007259D0",
        "source_coordinate_url": "https://www.wikidata.org/wiki/Special:EntityData/Q481758.json",
        "source_url": "https://www.wikidata.org/wiki/Q481758",
        "retrieved_on": "2026-09-26",
        "coordinate_precision": 0.0002777777777777778,
        "license": "CC0 1.0",
        "label_note": "Reference: Pantelleria. Point is not the area's legal boundary."
      },
      "geometry": {
        "type": "Point",
        "coordinates": [
          11.9925,
          36.7875
        ]
      }
    },
    {
      "type": "Feature",
      "properties": {
        "node": "n_geo_faro",
        "name": "Faro",
        "point_role": "explicit gazetteer or settlement reference; not legal wine-area boundary",
        "point_place_name": "Messina",
        "point_description": "Italian comune in Sicily",
        "wikidata_id": "Q13666",
        "source_coordinate_claim": "q13666$97DCA9AD-C6B7-4ECC-B264-9CA26F64473E",
        "source_coordinate_url": "https://www.wikidata.org/wiki/Special:EntityData/Q13666.json",
        "source_url": "https://www.wikidata.org/wiki/Q13666",
        "retrieved_on": "2026-09-26",
        "coordinate_precision": 0.0002777777777777778,
        "license": "CC0 1.0",
        "label_note": "Reference: Messina. Point is not the area's legal boundary."
      },
      "geometry": {
        "type": "Point",
        "coordinates": [
          15.554166666666667,
          38.19361111111111
        ]
      }
    },
    {
      "type": "Feature",
      "properties": {
        "node": "n_geo_cannonau_sardegna",
        "name": "Cannonau di Sardegna",
        "point_role": "explicit gazetteer or settlement reference; not legal wine-area boundary",
        "point_place_name": "Nuoro",
        "point_description": "Italian comune",
        "wikidata_id": "Q13649",
        "source_coordinate_claim": "q13649$842C9D0F-34E1-4DEB-82D0-0143A5283BB0",
        "source_coordinate_url": "https://www.wikidata.org/wiki/Special:EntityData/Q13649.json",
        "source_url": "https://www.wikidata.org/wiki/Q13649",
        "retrieved_on": "2026-09-26",
        "coordinate_precision": 1e-7,
        "license": "CC0 1.0",
        "label_note": "Reference: Nuoro. Point is not the area's legal boundary."
      },
      "geometry": {
        "type": "Point",
        "coordinates": [
          9.3280792,
          40.3200621
        ]
      }
    },
    {
      "type": "Feature",
      "properties": {
        "node": "n_geo_vermentino_gallura",
        "name": "Vermentino di Gallura",
        "point_role": "explicit gazetteer or settlement reference; not legal wine-area boundary",
        "point_place_name": "Tempio Pausania",
        "point_description": "Italian commune",
        "wikidata_id": "Q13645",
        "source_coordinate_claim": "q13645$A31ED978-2327-4CB6-92D4-00333E023823",
        "source_coordinate_url": "https://www.wikidata.org/wiki/Special:EntityData/Q13645.json",
        "source_url": "https://www.wikidata.org/wiki/Q13645",
        "retrieved_on": "2026-09-26",
        "coordinate_precision": 1e-7,
        "license": "CC0 1.0",
        "label_note": "Reference: Tempio Pausania. Point is not the area's legal boundary."
      },
      "geometry": {
        "type": "Point",
        "coordinates": [
          9.1043615,
          40.9014795
        ]
      }
    },
    {
      "type": "Feature",
      "properties": {
        "node": "n_geo_vernaccia_oristano",
        "name": "Vernaccia di Oristano",
        "point_role": "explicit gazetteer or settlement reference; not legal wine-area boundary",
        "point_place_name": "Oristano",
        "point_description": "Italian comune",
        "wikidata_id": "Q13652",
        "source_coordinate_claim": "q13652$A9D249D1-9C21-4826-826A-C02BAA31FCD7",
        "source_coordinate_url": "https://www.wikidata.org/wiki/Special:EntityData/Q13652.json",
        "source_url": "https://www.wikidata.org/wiki/Q13652",
        "retrieved_on": "2026-09-26",
        "coordinate_precision": 1e-7,
        "license": "CC0 1.0",
        "label_note": "Reference: Oristano. Point is not the area's legal boundary."
      },
      "geometry": {
        "type": "Point",
        "coordinates": [
          8.591609,
          39.9058188
        ]
      }
    },
    {
      "type": "Feature",
      "properties": {
        "node": "n_geo_cinque_terre",
        "name": "Cinque Terre",
        "point_role": "explicit gazetteer or settlement reference; not legal wine-area boundary",
        "point_place_name": "Riomaggiore",
        "point_description": "Italian comune",
        "wikidata_id": "Q270295",
        "source_coordinate_claim": "Q270295$2525A431-DD8E-4EEB-8298-9641340D68D3",
        "source_coordinate_url": "https://www.wikidata.org/wiki/Special:EntityData/Q270295.json",
        "source_url": "https://www.wikidata.org/wiki/Q270295",
        "retrieved_on": "2026-09-26",
        "coordinate_precision": 0.00000277777777778,
        "license": "CC0 1.0",
        "label_note": "Reference: Riomaggiore. Point is not the area's legal boundary."
      },
      "geometry": {
        "type": "Point",
        "coordinates": [
          9.73745,
          44.099286111111
        ]
      }
    },
    {
      "type": "Feature",
      "properties": {
        "node": "n_geo_frascati",
        "name": "Frascati",
        "point_role": "explicit gazetteer or settlement reference; not legal wine-area boundary",
        "point_place_name": "Frascati",
        "point_description": "Italian comune",
        "wikidata_id": "Q190963",
        "source_coordinate_claim": "q190963$644DCEE3-339D-44A0-8BF9-5E231E63D65D",
        "source_coordinate_url": "https://www.wikidata.org/wiki/Special:EntityData/Q190963.json",
        "source_url": "https://www.wikidata.org/wiki/Q190963",
        "retrieved_on": "2026-09-26",
        "coordinate_precision": 0.00027777777777778,
        "license": "CC0 1.0",
        "label_note": "Reference: Frascati. Point is not the area's legal boundary."
      },
      "geometry": {
        "type": "Point",
        "coordinates": [
          12.683333333333,
          41.816666666667
        ]
      }
    },
    {
      "type": "Feature",
      "properties": {
        "node": "n_geo_jerez_town",
        "name": "Jerez de la Frontera",
        "point_role": "named locality reference point; not municipality or appellation boundary",
        "point_place_name": "Jerez de la Frontera",
        "point_description": "municipality and city in the Province of Cádiz, Spain",
        "wikidata_id": "Q12303",
        "source_coordinate_claim": "q12303$DC8698FD-9563-49B7-B54E-3D9631A01935",
        "source_coordinate_url": "https://www.wikidata.org/wiki/Special:EntityData/Q12303.json",
        "source_url": "https://www.wikidata.org/wiki/Q12303",
        "retrieved_on": "2026-09-26",
        "coordinate_precision": 0.00027777777777778,
        "license": "CC0 1.0",
        "label_note": "Reference: Jerez de la Frontera. Point is not the area's legal boundary."
      },
      "geometry": {
        "type": "Point",
        "coordinates": [
          -6.1166666666667,
          36.7
        ]
      }
    },
    {
      "type": "Feature",
      "properties": {
        "node": "n_geo_el_puerto_santa_maria",
        "name": "El Puerto de Santa María",
        "point_role": "named locality reference point; not municipality or appellation boundary",
        "point_place_name": "El Puerto de Santa María",
        "point_description": "municipality in the province of Cádiz, Andalusia, Spain",
        "wikidata_id": "Q203040",
        "source_coordinate_claim": "q203040$015AC959-B557-4116-A6C5-98BD4F022FE5",
        "source_coordinate_url": "https://www.wikidata.org/wiki/Special:EntityData/Q203040.json",
        "source_url": "https://www.wikidata.org/wiki/Q203040",
        "retrieved_on": "2026-09-26",
        "coordinate_precision": 0.00027777777777778,
        "license": "CC0 1.0",
        "label_note": "Reference: El Puerto de Santa María. Point is not the area's legal boundary."
      },
      "geometry": {
        "type": "Point",
        "coordinates": [
          -6.2381494,
          36.601468
        ]
      }
    },
    {
      "type": "Feature",
      "properties": {
        "node": "n_geo_sanlucar_town",
        "name": "Sanlúcar de Barrameda",
        "point_role": "named locality reference point; not municipality or appellation boundary",
        "point_place_name": "Sanlúcar de Barrameda",
        "point_description": "municipality of Spain",
        "wikidata_id": "Q210887",
        "source_coordinate_claim": "q210887$A976C41C-3E71-4C20-A4AE-3FD7C7898AD6",
        "source_coordinate_url": "https://www.wikidata.org/wiki/Special:EntityData/Q210887.json",
        "source_url": "https://www.wikidata.org/wiki/Q210887",
        "retrieved_on": "2026-09-26",
        "coordinate_precision": null,
        "license": "CC0 1.0",
        "label_note": "Reference: Sanlúcar de Barrameda. Point is not the area's legal boundary."
      },
      "geometry": {
        "type": "Point",
        "coordinates": [
          -6.3538888888889,
          36.778888888889
        ]
      }
    },
    {
      "type": "Feature",
      "properties": {
        "node": "n_geo_trebujena",
        "name": "Trebujena",
        "point_role": "named locality reference point; not municipality or appellation boundary",
        "point_place_name": "Trebujena",
        "point_description": "municipality of the province of Cadiz, Spain",
        "wikidata_id": "Q1610648",
        "source_coordinate_claim": "q1610648$DACDFB70-542B-46B8-94CC-B5CA351DF69F",
        "source_coordinate_url": "https://www.wikidata.org/wiki/Special:EntityData/Q1610648.json",
        "source_url": "https://www.wikidata.org/wiki/Q1610648",
        "retrieved_on": "2026-09-26",
        "coordinate_precision": 0.00027777777777778,
        "license": "CC0 1.0",
        "label_note": "Reference: Trebujena. Point is not the area's legal boundary."
      },
      "geometry": {
        "type": "Point",
        "coordinates": [
          -6.1754543,
          36.8694758
        ]
      }
    },
    {
      "type": "Feature",
      "properties": {
        "node": "n_geo_lebrija",
        "name": "Lebrija",
        "point_role": "named locality reference point; not municipality or appellation boundary",
        "point_place_name": "Lebrija",
        "point_description": "municipality of Spain",
        "wikidata_id": "Q261085",
        "source_coordinate_claim": "q261085$5E9E3116-6AA5-4F0C-91BE-B6AF079E0C24",
        "source_coordinate_url": "https://www.wikidata.org/wiki/Special:EntityData/Q261085.json",
        "source_url": "https://www.wikidata.org/wiki/Q261085",
        "retrieved_on": "2026-09-26",
        "coordinate_precision": null,
        "license": "CC0 1.0",
        "label_note": "Reference: Lebrija. Point is not the area's legal boundary."
      },
      "geometry": {
        "type": "Point",
        "coordinates": [
          -6.0780555555556,
          36.919444444444
        ]
      }
    },
    {
      "type": "Feature",
      "properties": {
        "node": "n_geo_chipiona",
        "name": "Chipiona",
        "point_role": "named locality reference point; not municipality or appellation boundary",
        "point_place_name": "Chipiona",
        "point_description": "municipality of the province of Cádiz, Andalusia, Spain",
        "wikidata_id": "Q741749",
        "source_coordinate_claim": "q741749$D4601880-1632-4496-A5F7-428F902C5E3A",
        "source_coordinate_url": "https://www.wikidata.org/wiki/Special:EntityData/Q741749.json",
        "source_url": "https://www.wikidata.org/wiki/Q741749",
        "retrieved_on": "2026-09-26",
        "coordinate_precision": 0.00027777777777778,
        "license": "CC0 1.0",
        "label_note": "Reference: Chipiona. Point is not the area's legal boundary."
      },
      "geometry": {
        "type": "Point",
        "coordinates": [
          -6.4347625,
          36.7357327
        ]
      }
    },
    {
      "type": "Feature",
      "properties": {
        "node": "n_geo_rota",
        "name": "Rota",
        "point_role": "named locality reference point; not municipality or appellation boundary",
        "point_place_name": "Rota",
        "point_description": "Spanish municipality located in Cádiz Province, Andalusia",
        "wikidata_id": "Q15907",
        "source_coordinate_claim": "q15907$759C140E-04E7-49D6-A331-8806ECAA3010",
        "source_coordinate_url": "https://www.wikidata.org/wiki/Special:EntityData/Q15907.json",
        "source_url": "https://www.wikidata.org/wiki/Q15907",
        "retrieved_on": "2026-09-26",
        "coordinate_precision": 0.00027777777777778,
        "license": "CC0 1.0",
        "label_note": "Reference: Rota. Point is not the area's legal boundary."
      },
      "geometry": {
        "type": "Point",
        "coordinates": [
          -6.3599595,
          36.6228636
        ]
      }
    },
    {
      "type": "Feature",
      "properties": {
        "node": "n_geo_chiclana",
        "name": "Chiclana de la Frontera",
        "point_role": "named locality reference point; not municipality or appellation boundary",
        "point_place_name": "Chiclana de la Frontera",
        "point_description": "municipality of the province of Cádiz, Andalusia, Spain",
        "wikidata_id": "Q277302",
        "source_coordinate_claim": "q277302$5caa6676-47a5-612d-c308-71b0351e4a70",
        "source_coordinate_url": "https://www.wikidata.org/wiki/Special:EntityData/Q277302.json",
        "source_url": "https://www.wikidata.org/wiki/Q277302",
        "retrieved_on": "2026-09-26",
        "coordinate_precision": 0.016666666666667,
        "license": "CC0 1.0",
        "label_note": "Reference: Chiclana de la Frontera. Point is not the area's legal boundary."
      },
      "geometry": {
        "type": "Point",
        "coordinates": [
          -6.15,
          36.416666666667
        ]
      }
    },
    {
      "type": "Feature",
      "properties": {
        "node": "n_geo_puerto_real",
        "name": "Puerto Real",
        "point_role": "named locality reference point; not municipality or appellation boundary",
        "point_place_name": "Puerto Real",
        "point_description": "municipality in the Cadiz province, Spain",
        "wikidata_id": "Q846159",
        "source_coordinate_claim": "q846159$28734768-4B1E-409E-A04D-162B509B77D4",
        "source_coordinate_url": "https://www.wikidata.org/wiki/Special:EntityData/Q846159.json",
        "source_url": "https://www.wikidata.org/wiki/Q846159",
        "retrieved_on": "2026-09-26",
        "coordinate_precision": 2.778e-7,
        "license": "CC0 1.0",
        "label_note": "Reference: Puerto Real. Point is not the area's legal boundary."
      },
      "geometry": {
        "type": "Point",
        "coordinates": [
          -6.1919444444444,
          36.529166666667
        ]
      }
    },
    {
      "type": "Feature",
      "properties": {
        "node": "n_geo_san_jose_del_valle",
        "name": "San José del Valle",
        "point_role": "named locality reference point; not municipality or appellation boundary",
        "point_place_name": "San José del Valle",
        "point_description": "Municipality in the province of Cádiz, Spain",
        "wikidata_id": "Q1750939",
        "source_coordinate_claim": "q1750939$D8B059CF-BA14-46F6-878E-D77EB5BC6FEA",
        "source_coordinate_url": "https://www.wikidata.org/wiki/Special:EntityData/Q1750939.json",
        "source_url": "https://www.wikidata.org/wiki/Q1750939",
        "retrieved_on": "2026-09-26",
        "coordinate_precision": 0.00027777777777778,
        "license": "CC0 1.0",
        "label_note": "Reference: San José del Valle. Point is not the area's legal boundary."
      },
      "geometry": {
        "type": "Point",
        "coordinates": [
          -5.7997029,
          36.6062584
        ]
      }
    },
    {
      "type": "Feature",
      "properties": {
        "node": "n_geo_cava_comtats_barcelona",
        "name": "Comtats de Barcelona",
        "point_role": "explicit gazetteer or settlement reference; not legal wine-area boundary",
        "point_place_name": "Sant Sadurní d'Anoia",
        "point_description": "municipality in Catalonia, Spain",
        "wikidata_id": "Q984508",
        "source_coordinate_claim": "q984508$F9ED8AE8-B57A-4A3A-8669-698BDF495846",
        "source_coordinate_url": "https://www.wikidata.org/wiki/Special:EntityData/Q984508.json",
        "source_url": "https://www.wikidata.org/wiki/Q984508",
        "retrieved_on": "2026-09-26",
        "coordinate_precision": null,
        "license": "CC0 1.0",
        "label_note": "Reference: Sant Sadurní d'Anoia. Point is not the area's legal boundary."
      },
      "geometry": {
        "type": "Point",
        "coordinates": [
          1.785,
          41.426111111111
        ]
      }
    },
    {
      "type": "Feature",
      "properties": {
        "node": "n_geo_cava_valle_ebro",
        "name": "Valle del Ebro (Cava)",
        "point_role": "explicit gazetteer or settlement reference; not legal wine-area boundary",
        "point_place_name": "Logroño",
        "point_description": "municipality in Spain",
        "wikidata_id": "Q14325",
        "source_coordinate_claim": "q14325$3F217311-89A8-4F6F-AADB-8F75EF24387B",
        "source_coordinate_url": "https://www.wikidata.org/wiki/Special:EntityData/Q14325.json",
        "source_url": "https://www.wikidata.org/wiki/Q14325",
        "retrieved_on": "2026-09-26",
        "coordinate_precision": 0.00027777777777778,
        "license": "CC0 1.0",
        "label_note": "Reference: Logroño. Point is not the area's legal boundary."
      },
      "geometry": {
        "type": "Point",
        "coordinates": [
          -2.4455555555556,
          42.47
        ]
      }
    },
    {
      "type": "Feature",
      "properties": {
        "node": "n_geo_cava_almendralejo",
        "name": "Viñedos de Almendralejo",
        "point_role": "explicit gazetteer or settlement reference; not legal wine-area boundary",
        "point_place_name": "Almendralejo",
        "point_description": "municipality of Spain",
        "wikidata_id": "Q490638",
        "source_coordinate_claim": "q490638$57E42A4D-1FE8-4AC9-95AE-264DF57FB252",
        "source_coordinate_url": "https://www.wikidata.org/wiki/Special:EntityData/Q490638.json",
        "source_url": "https://www.wikidata.org/wiki/Q490638",
        "retrieved_on": "2026-09-26",
        "coordinate_precision": 0.0166667,
        "license": "CC0 1.0",
        "label_note": "Reference: Almendralejo. Point is not the area's legal boundary."
      },
      "geometry": {
        "type": "Point",
        "coordinates": [
          -6.409166666666667,
          38.683055555555555
        ]
      }
    },
    {
      "type": "Feature",
      "properties": {
        "node": "n_geo_cava_requena",
        "name": "Requena (Cava)",
        "point_role": "explicit gazetteer or settlement reference; not legal wine-area boundary",
        "point_place_name": "Requena",
        "point_description": "municipality in Valencia, Spain",
        "wikidata_id": "Q302099",
        "source_coordinate_claim": "q302099$25727423-CB8A-4C3A-BDA9-0F7290C1BB30",
        "source_coordinate_url": "https://www.wikidata.org/wiki/Special:EntityData/Q302099.json",
        "source_url": "https://www.wikidata.org/wiki/Q302099",
        "retrieved_on": "2026-09-26",
        "coordinate_precision": 0.00027777777777778,
        "license": "CC0 1.0",
        "label_note": "Reference: Requena. Point is not the area's legal boundary."
      },
      "geometry": {
        "type": "Point",
        "coordinates": [
          -1.1023083,
          39.488538
        ]
      }
    },
    {
      "type": "Feature",
      "properties": {
        "node": "n_geo_cava_anoia_foix",
        "name": "Valls d’Anoia-Foix",
        "point_role": "explicit gazetteer or settlement reference; not legal wine-area boundary",
        "point_place_name": "Vilafranca del Penedès",
        "point_description": "municipality of Spain",
        "wikidata_id": "Q835012",
        "source_coordinate_claim": "q835012$FBCB9963-579D-416D-8EED-4CEDA62DFE2F",
        "source_coordinate_url": "https://www.wikidata.org/wiki/Special:EntityData/Q835012.json",
        "source_url": "https://www.wikidata.org/wiki/Q835012",
        "retrieved_on": "2026-09-26",
        "coordinate_precision": null,
        "license": "CC0 1.0",
        "label_note": "Reference: Vilafranca del Penedès. Point is not the area's legal boundary."
      },
      "geometry": {
        "type": "Point",
        "coordinates": [
          1.6994444444444,
          41.344722222222
        ]
      }
    },
    {
      "type": "Feature",
      "properties": {
        "node": "n_geo_cava_serra_mar",
        "name": "Serra de Mar",
        "point_role": "explicit gazetteer or settlement reference; not legal wine-area boundary",
        "point_place_name": "Alella",
        "point_description": "municipality in Catalonia, Spain",
        "wikidata_id": "Q12034",
        "source_coordinate_claim": "q12034$303E91BB-F4DC-450D-B0CD-FB744B86DFB9",
        "source_coordinate_url": "https://www.wikidata.org/wiki/Special:EntityData/Q12034.json",
        "source_url": "https://www.wikidata.org/wiki/Q12034",
        "retrieved_on": "2026-09-26",
        "coordinate_precision": 0.001,
        "license": "CC0 1.0",
        "label_note": "Reference: Alella. Point is not the area's legal boundary."
      },
      "geometry": {
        "type": "Point",
        "coordinates": [
          2.2958333333333334,
          41.49527777777778
        ]
      }
    },
    {
      "type": "Feature",
      "properties": {
        "node": "n_geo_cava_conca_gaia",
        "name": "Conca del Gaià",
        "point_role": "explicit gazetteer or settlement reference; not legal wine-area boundary",
        "point_place_name": "Vila-rodona",
        "point_description": "municipality of Spain",
        "wikidata_id": "Q651853",
        "source_coordinate_claim": "q651853$4A2499DB-15DE-4BCB-B15B-8508C81F852A",
        "source_coordinate_url": "https://www.wikidata.org/wiki/Special:EntityData/Q651853.json",
        "source_url": "https://www.wikidata.org/wiki/Q651853",
        "retrieved_on": "2026-09-26",
        "coordinate_precision": 0.000001,
        "license": "CC0 1.0",
        "label_note": "Reference: Vila-rodona. Point is not the area's legal boundary."
      },
      "geometry": {
        "type": "Point",
        "coordinates": [
          1.357966,
          41.310512
        ]
      }
    },
    {
      "type": "Feature",
      "properties": {
        "node": "n_geo_cava_serra_prades",
        "name": "Serra de Prades",
        "point_role": "explicit gazetteer or settlement reference; not legal wine-area boundary",
        "point_place_name": "Vimbodí i Poblet",
        "point_description": "municipality of Spain",
        "wikidata_id": "Q776730",
        "source_coordinate_claim": "Q776730$CD801313-8338-4A4F-80FE-40972814CB50",
        "source_coordinate_url": "https://www.wikidata.org/wiki/Special:EntityData/Q776730.json",
        "source_url": "https://www.wikidata.org/wiki/Q776730",
        "retrieved_on": "2026-09-26",
        "coordinate_precision": 0.000001,
        "license": "CC0 1.0",
        "label_note": "Reference: Vimbodí i Poblet. Point is not the area's legal boundary."
      },
      "geometry": {
        "type": "Point",
        "coordinates": [
          1.04988,
          41.40065
        ]
      }
    },
    {
      "type": "Feature",
      "properties": {
        "node": "n_geo_cava_pla_ponent",
        "name": "Pla de Ponent",
        "point_role": "explicit gazetteer or settlement reference; not legal wine-area boundary",
        "point_place_name": "Lleida",
        "point_description": "city in Catalonia, Spain",
        "wikidata_id": "Q15090",
        "source_coordinate_claim": "q15090$2C60A3DE-EBFA-43A1-8A17-A315BC76F11D",
        "source_coordinate_url": "https://www.wikidata.org/wiki/Special:EntityData/Q15090.json",
        "source_url": "https://www.wikidata.org/wiki/Q15090",
        "retrieved_on": "2026-09-26",
        "coordinate_precision": 0.00027777777777778,
        "license": "CC0 1.0",
        "label_note": "Reference: Lleida. Point is not the area's legal boundary."
      },
      "geometry": {
        "type": "Point",
        "coordinates": [
          0.63333333333333,
          41.616666666667
        ]
      }
    },
    {
      "type": "Feature",
      "properties": {
        "node": "n_geo_cava_alto_ebro",
        "name": "Alto Ebro",
        "point_role": "explicit gazetteer or settlement reference; not legal wine-area boundary",
        "point_place_name": "Haro",
        "point_description": "municipality of La Rioja, Spain",
        "wikidata_id": "Q405292",
        "source_coordinate_claim": "q405292$9682832C-07D4-4802-A96C-A1228122E424",
        "source_coordinate_url": "https://www.wikidata.org/wiki/Special:EntityData/Q405292.json",
        "source_url": "https://www.wikidata.org/wiki/Q405292",
        "retrieved_on": "2026-09-26",
        "coordinate_precision": null,
        "license": "CC0 1.0",
        "label_note": "Reference: Haro. Point is not the area's legal boundary."
      },
      "geometry": {
        "type": "Point",
        "coordinates": [
          -2.8461111111111,
          42.576944444444
        ]
      }
    },
    {
      "type": "Feature",
      "properties": {
        "node": "n_geo_cava_valle_cierzo",
        "name": "Valle del Cierzo",
        "point_role": "explicit gazetteer or settlement reference; not legal wine-area boundary",
        "point_place_name": "Cariñena",
        "point_description": "municipality of Spain",
        "wikidata_id": "Q984529",
        "source_coordinate_claim": "q984529$EE007322-E727-4F33-ABC1-1FFA17C1CB1B",
        "source_coordinate_url": "https://www.wikidata.org/wiki/Special:EntityData/Q984529.json",
        "source_url": "https://www.wikidata.org/wiki/Q984529",
        "retrieved_on": "2026-09-26",
        "coordinate_precision": 0.00027777777777778,
        "license": "CC0 1.0",
        "label_note": "Reference: Cariñena. Point is not the area's legal boundary."
      },
      "geometry": {
        "type": "Point",
        "coordinates": [
          -1.2249058,
          41.3373638
        ]
      }
    }
  ]
}
