{
  "type": "FeatureCollection",
  "features": [
    {
      "type": "Feature",
      "properties": {
        "node": "n_geo_north_coast_us",
        "node_id": "n_geo_north_coast_us",
        "name": "North Coast",
        "parent_node_id": "n_geo_california",
        "country_node_id": "n_geo_united_states",
        "point_role": "source_polygon_interior_reference_point",
        "point_place_name": "North Coast",
        "source_url": "https://raw.githubusercontent.com/UCDavisLibrary/ava/7af5b29d45aee5e6c6ce3889e9b1de19085d7107/avas/north_coast.geojson",
        "source_coordinate_url": "https://raw.githubusercontent.com/UCDavisLibrary/ava/7af5b29d45aee5e6c6ce3889e9b1de19085d7107/avas_aggregated_files/avas.geojson",
        "source_commit": "7af5b29d45aee5e6c6ce3889e9b1de19085d7107",
        "source_file_sha256": "c90068f7154764519f0a7c6fb2788e597b7c56bf7581e8c0faa979554d984926",
        "source_feature_id": "north_coast",
        "source_cfr_index": "9.30",
        "derivation": "widest verified interior horizontal scanline interval midpoint; 63 evenly spaced scanlines per polygon",
        "retrieved_on": "2026-09-26",
        "license": "CC0-1.0",
        "attribution": "UC Davis Library and DataLab American Viticultural Areas Project, with UCSB Library and Virginia Tech contributors",
        "label_note": "Reference marker derived from the community digitized AVA polygon. It is not a legal boundary or an official centroid."
      },
      "geometry": {
        "type": "Point",
        "coordinates": [
          -123.12139930398834,
          38.94427121318404
        ]
      }
    },
    {
      "type": "Feature",
      "properties": {
        "node": "n_geo_northern_sonoma",
        "node_id": "n_geo_northern_sonoma",
        "name": "Northern Sonoma",
        "parent_node_id": "n_geo_north_coast_us",
        "country_node_id": "n_geo_united_states",
        "point_role": "source_polygon_interior_reference_point",
        "point_place_name": "Northern Sonoma",
        "source_url": "https://raw.githubusercontent.com/UCDavisLibrary/ava/7af5b29d45aee5e6c6ce3889e9b1de19085d7107/avas/northern_sonoma.geojson",
        "source_coordinate_url": "https://raw.githubusercontent.com/UCDavisLibrary/ava/7af5b29d45aee5e6c6ce3889e9b1de19085d7107/avas_aggregated_files/avas.geojson",
        "source_commit": "7af5b29d45aee5e6c6ce3889e9b1de19085d7107",
        "source_file_sha256": "c90068f7154764519f0a7c6fb2788e597b7c56bf7581e8c0faa979554d984926",
        "source_feature_id": "northern_sonoma",
        "source_cfr_index": "9.70",
        "derivation": "widest verified interior horizontal scanline interval midpoint; 63 evenly spaced scanlines per polygon",
        "retrieved_on": "2026-09-26",
        "license": "CC0-1.0",
        "attribution": "UC Davis Library and DataLab American Viticultural Areas Project, with UCSB Library and Virginia Tech contributors",
        "label_note": "Reference marker derived from the community digitized AVA polygon. It is not a legal boundary or an official centroid."
      },
      "geometry": {
        "type": "Point",
        "coordinates": [
          -122.87558127712578,
          38.568034288774854
        ]
      }
    },
    {
      "type": "Feature",
      "properties": {
        "node": "n_geo_atlas_peak",
        "node_id": "n_geo_atlas_peak",
        "name": "Atlas Peak",
        "parent_node_id": "n_geo_napa_valley",
        "country_node_id": "n_geo_united_states",
        "point_role": "source_polygon_interior_reference_point",
        "point_place_name": "Atlas Peak",
        "source_url": "https://raw.githubusercontent.com/UCDavisLibrary/ava/7af5b29d45aee5e6c6ce3889e9b1de19085d7107/avas/atlas_peak.geojson",
        "source_coordinate_url": "https://raw.githubusercontent.com/UCDavisLibrary/ava/7af5b29d45aee5e6c6ce3889e9b1de19085d7107/avas_aggregated_files/avas.geojson",
        "source_commit": "7af5b29d45aee5e6c6ce3889e9b1de19085d7107",
        "source_file_sha256": "c90068f7154764519f0a7c6fb2788e597b7c56bf7581e8c0faa979554d984926",
        "source_feature_id": "atlas_peak",
        "source_cfr_index": "9.140",
        "derivation": "widest verified interior horizontal scanline interval midpoint; 63 evenly spaced scanlines per polygon",
        "retrieved_on": "2026-09-26",
        "license": "CC0-1.0",
        "attribution": "UC Davis Library and DataLab American Viticultural Areas Project, with UCSB Library and Virginia Tech contributors",
        "label_note": "Reference marker derived from the community digitized AVA polygon. It is not a legal boundary or an official centroid."
      },
      "geometry": {
        "type": "Point",
        "coordinates": [
          -122.27428444279954,
          38.43453363457056
        ]
      }
    },
    {
      "type": "Feature",
      "properties": {
        "node": "n_geo_chiles_valley",
        "node_id": "n_geo_chiles_valley",
        "name": "Chiles Valley",
        "parent_node_id": "n_geo_napa_valley",
        "country_node_id": "n_geo_united_states",
        "point_role": "source_polygon_interior_reference_point",
        "point_place_name": "Chiles Valley",
        "source_url": "https://raw.githubusercontent.com/UCDavisLibrary/ava/7af5b29d45aee5e6c6ce3889e9b1de19085d7107/avas/chiles_valley.geojson",
        "source_coordinate_url": "https://raw.githubusercontent.com/UCDavisLibrary/ava/7af5b29d45aee5e6c6ce3889e9b1de19085d7107/avas_aggregated_files/avas.geojson",
        "source_commit": "7af5b29d45aee5e6c6ce3889e9b1de19085d7107",
        "source_file_sha256": "c90068f7154764519f0a7c6fb2788e597b7c56bf7581e8c0faa979554d984926",
        "source_feature_id": "chiles_valley",
        "source_cfr_index": "9.154",
        "derivation": "widest verified interior horizontal scanline interval midpoint; 63 evenly spaced scanlines per polygon",
        "retrieved_on": "2026-09-26",
        "license": "CC0-1.0",
        "attribution": "UC Davis Library and DataLab American Viticultural Areas Project, with UCSB Library and Virginia Tech contributors",
        "label_note": "Reference marker derived from the community digitized AVA polygon. It is not a legal boundary or an official centroid."
      },
      "geometry": {
        "type": "Point",
        "coordinates": [
          -122.36191018471595,
          38.55843647326521
        ]
      }
    },
    {
      "type": "Feature",
      "properties": {
        "node": "n_geo_coombsville",
        "node_id": "n_geo_coombsville",
        "name": "Coombsville",
        "parent_node_id": "n_geo_napa_valley",
        "country_node_id": "n_geo_united_states",
        "point_role": "source_polygon_interior_reference_point",
        "point_place_name": "Coombsville",
        "source_url": "https://raw.githubusercontent.com/UCDavisLibrary/ava/7af5b29d45aee5e6c6ce3889e9b1de19085d7107/avas/coombsville.geojson",
        "source_coordinate_url": "https://raw.githubusercontent.com/UCDavisLibrary/ava/7af5b29d45aee5e6c6ce3889e9b1de19085d7107/avas_aggregated_files/avas.geojson",
        "source_commit": "7af5b29d45aee5e6c6ce3889e9b1de19085d7107",
        "source_file_sha256": "c90068f7154764519f0a7c6fb2788e597b7c56bf7581e8c0faa979554d984926",
        "source_feature_id": "coombsville",
        "source_cfr_index": "9.223",
        "derivation": "widest verified interior horizontal scanline interval midpoint; 63 evenly spaced scanlines per polygon",
        "retrieved_on": "2026-09-26",
        "license": "CC0-1.0",
        "attribution": "UC Davis Library and DataLab American Viticultural Areas Project, with UCSB Library and Virginia Tech contributors",
        "label_note": "Reference marker derived from the community digitized AVA polygon. It is not a legal boundary or an official centroid."
      },
      "geometry": {
        "type": "Point",
        "coordinates": [
          -122.24574872614329,
          38.28434075193339
        ]
      }
    },
    {
      "type": "Feature",
      "properties": {
        "node": "n_geo_crystal_springs_of_napa_valley",
        "node_id": "n_geo_crystal_springs_of_napa_valley",
        "name": "Crystal Springs of Napa Valley",
        "parent_node_id": "n_geo_napa_valley",
        "country_node_id": "n_geo_united_states",
        "point_role": "source_polygon_interior_reference_point",
        "point_place_name": "Crystal Springs of Napa Valley",
        "source_url": "https://raw.githubusercontent.com/UCDavisLibrary/ava/7af5b29d45aee5e6c6ce3889e9b1de19085d7107/avas/crystal_springs_of_napa_valley.geojson",
        "source_coordinate_url": "https://raw.githubusercontent.com/UCDavisLibrary/ava/7af5b29d45aee5e6c6ce3889e9b1de19085d7107/avas_aggregated_files/avas.geojson",
        "source_commit": "7af5b29d45aee5e6c6ce3889e9b1de19085d7107",
        "source_file_sha256": "c90068f7154764519f0a7c6fb2788e597b7c56bf7581e8c0faa979554d984926",
        "source_feature_id": "crystal_springs_of_napa_valley",
        "source_cfr_index": "9.296",
        "derivation": "widest verified interior horizontal scanline interval midpoint; 63 evenly spaced scanlines per polygon",
        "retrieved_on": "2026-09-26",
        "license": "CC0-1.0",
        "attribution": "UC Davis Library and DataLab American Viticultural Areas Project, with UCSB Library and Virginia Tech contributors",
        "label_note": "Reference marker derived from the community digitized AVA polygon. It is not a legal boundary or an official centroid."
      },
      "geometry": {
        "type": "Point",
        "coordinates": [
          -122.4831221304126,
          38.56821431072977
        ]
      }
    },
    {
      "type": "Feature",
      "properties": {
        "node": "n_geo_diamond_mountain_district",
        "node_id": "n_geo_diamond_mountain_district",
        "name": "Diamond Mountain District",
        "parent_node_id": "n_geo_napa_valley",
        "country_node_id": "n_geo_united_states",
        "point_role": "source_polygon_interior_reference_point",
        "point_place_name": "Diamond Mountain District",
        "source_url": "https://raw.githubusercontent.com/UCDavisLibrary/ava/7af5b29d45aee5e6c6ce3889e9b1de19085d7107/avas/diamond_mountain_district.geojson",
        "source_coordinate_url": "https://raw.githubusercontent.com/UCDavisLibrary/ava/7af5b29d45aee5e6c6ce3889e9b1de19085d7107/avas_aggregated_files/avas.geojson",
        "source_commit": "7af5b29d45aee5e6c6ce3889e9b1de19085d7107",
        "source_file_sha256": "c90068f7154764519f0a7c6fb2788e597b7c56bf7581e8c0faa979554d984926",
        "source_feature_id": "diamond_mountain_district",
        "source_cfr_index": "9.166",
        "derivation": "widest verified interior horizontal scanline interval midpoint; 63 evenly spaced scanlines per polygon",
        "retrieved_on": "2026-09-26",
        "license": "CC0-1.0",
        "attribution": "UC Davis Library and DataLab American Viticultural Areas Project, with UCSB Library and Virginia Tech contributors",
        "label_note": "Reference marker derived from the community digitized AVA polygon. It is not a legal boundary or an official centroid."
      },
      "geometry": {
        "type": "Point",
        "coordinates": [
          -122.58268906492057,
          38.560602778510834
        ]
      }
    },
    {
      "type": "Feature",
      "properties": {
        "node": "n_geo_howell_mountain",
        "node_id": "n_geo_howell_mountain",
        "name": "Howell Mountain",
        "parent_node_id": "n_geo_napa_valley",
        "country_node_id": "n_geo_united_states",
        "point_role": "source_polygon_interior_reference_point",
        "point_place_name": "Howell Mountain",
        "source_url": "https://raw.githubusercontent.com/UCDavisLibrary/ava/7af5b29d45aee5e6c6ce3889e9b1de19085d7107/avas/howell_mountain.geojson",
        "source_coordinate_url": "https://raw.githubusercontent.com/UCDavisLibrary/ava/7af5b29d45aee5e6c6ce3889e9b1de19085d7107/avas_aggregated_files/avas.geojson",
        "source_commit": "7af5b29d45aee5e6c6ce3889e9b1de19085d7107",
        "source_file_sha256": "c90068f7154764519f0a7c6fb2788e597b7c56bf7581e8c0faa979554d984926",
        "source_feature_id": "howell_mountain",
        "source_cfr_index": "9.94",
        "derivation": "widest verified interior horizontal scanline interval midpoint; 63 evenly spaced scanlines per polygon",
        "retrieved_on": "2026-09-26",
        "license": "CC0-1.0",
        "attribution": "UC Davis Library and DataLab American Viticultural Areas Project, with UCSB Library and Virginia Tech contributors",
        "label_note": "Reference marker derived from the community digitized AVA polygon. It is not a legal boundary or an official centroid."
      },
      "geometry": {
        "type": "Point",
        "coordinates": [
          -122.47279812108857,
          38.59730426291067
        ]
      }
    },
    {
      "type": "Feature",
      "properties": {
        "node": "n_geo_oak_knoll_district_of_napa_valley",
        "node_id": "n_geo_oak_knoll_district_of_napa_valley",
        "name": "Oak Knoll District of Napa Valley",
        "parent_node_id": "n_geo_napa_valley",
        "country_node_id": "n_geo_united_states",
        "point_role": "source_polygon_interior_reference_point",
        "point_place_name": "Oak Knoll District of Napa Valley",
        "source_url": "https://raw.githubusercontent.com/UCDavisLibrary/ava/7af5b29d45aee5e6c6ce3889e9b1de19085d7107/avas/oak_knoll_district_of_napa_valley.geojson",
        "source_coordinate_url": "https://raw.githubusercontent.com/UCDavisLibrary/ava/7af5b29d45aee5e6c6ce3889e9b1de19085d7107/avas_aggregated_files/avas.geojson",
        "source_commit": "7af5b29d45aee5e6c6ce3889e9b1de19085d7107",
        "source_file_sha256": "c90068f7154764519f0a7c6fb2788e597b7c56bf7581e8c0faa979554d984926",
        "source_feature_id": "oak_knoll_district_of_napa_valley",
        "source_cfr_index": "9.161",
        "derivation": "widest verified interior horizontal scanline interval midpoint; 63 evenly spaced scanlines per polygon",
        "retrieved_on": "2026-09-26",
        "license": "CC0-1.0",
        "attribution": "UC Davis Library and DataLab American Viticultural Areas Project, with UCSB Library and Virginia Tech contributors",
        "label_note": "Reference marker derived from the community digitized AVA polygon. It is not a legal boundary or an official centroid."
      },
      "geometry": {
        "type": "Point",
        "coordinates": [
          -122.32825116132783,
          38.35799735937499
        ]
      }
    },
    {
      "type": "Feature",
      "properties": {
        "node": "n_geo_spring_mountain_district",
        "node_id": "n_geo_spring_mountain_district",
        "name": "Spring Mountain District",
        "parent_node_id": "n_geo_napa_valley",
        "country_node_id": "n_geo_united_states",
        "point_role": "source_polygon_interior_reference_point",
        "point_place_name": "Spring Mountain District",
        "source_url": "https://raw.githubusercontent.com/UCDavisLibrary/ava/7af5b29d45aee5e6c6ce3889e9b1de19085d7107/avas/spring_mountain_district.geojson",
        "source_coordinate_url": "https://raw.githubusercontent.com/UCDavisLibrary/ava/7af5b29d45aee5e6c6ce3889e9b1de19085d7107/avas_aggregated_files/avas.geojson",
        "source_commit": "7af5b29d45aee5e6c6ce3889e9b1de19085d7107",
        "source_file_sha256": "c90068f7154764519f0a7c6fb2788e597b7c56bf7581e8c0faa979554d984926",
        "source_feature_id": "spring_mountain_district",
        "source_cfr_index": "9.143",
        "derivation": "widest verified interior horizontal scanline interval midpoint; 63 evenly spaced scanlines per polygon",
        "retrieved_on": "2026-09-26",
        "license": "CC0-1.0",
        "attribution": "UC Davis Library and DataLab American Viticultural Areas Project, with UCSB Library and Virginia Tech contributors",
        "label_note": "Reference marker derived from the community digitized AVA polygon. It is not a legal boundary or an official centroid."
      },
      "geometry": {
        "type": "Point",
        "coordinates": [
          -122.51570803319862,
          38.511685023028605
        ]
      }
    },
    {
      "type": "Feature",
      "properties": {
        "node": "n_geo_yountville",
        "node_id": "n_geo_yountville",
        "name": "Yountville",
        "parent_node_id": "n_geo_napa_valley",
        "country_node_id": "n_geo_united_states",
        "point_role": "source_polygon_interior_reference_point",
        "point_place_name": "Yountville",
        "source_url": "https://raw.githubusercontent.com/UCDavisLibrary/ava/7af5b29d45aee5e6c6ce3889e9b1de19085d7107/avas/yountville.geojson",
        "source_coordinate_url": "https://raw.githubusercontent.com/UCDavisLibrary/ava/7af5b29d45aee5e6c6ce3889e9b1de19085d7107/avas_aggregated_files/avas.geojson",
        "source_commit": "7af5b29d45aee5e6c6ce3889e9b1de19085d7107",
        "source_file_sha256": "c90068f7154764519f0a7c6fb2788e597b7c56bf7581e8c0faa979554d984926",
        "source_feature_id": "yountville",
        "source_cfr_index": "9.160",
        "derivation": "widest verified interior horizontal scanline interval midpoint; 63 evenly spaced scanlines per polygon",
        "retrieved_on": "2026-09-26",
        "license": "CC0-1.0",
        "attribution": "UC Davis Library and DataLab American Viticultural Areas Project, with UCSB Library and Virginia Tech contributors",
        "label_note": "Reference marker derived from the community digitized AVA polygon. It is not a legal boundary or an official centroid."
      },
      "geometry": {
        "type": "Point",
        "coordinates": [
          -122.35984238533158,
          38.38326875552441
        ]
      }
    },
    {
      "type": "Feature",
      "properties": {
        "node": "n_geo_stags_leap_district",
        "node_id": "n_geo_stags_leap_district",
        "name": "Stags Leap District",
        "parent_node_id": "n_geo_napa_valley",
        "country_node_id": "n_geo_united_states",
        "point_role": "source_polygon_interior_reference_point",
        "point_place_name": "Stags Leap District",
        "source_url": "https://raw.githubusercontent.com/UCDavisLibrary/ava/7af5b29d45aee5e6c6ce3889e9b1de19085d7107/avas/stags_leap_district.geojson",
        "source_coordinate_url": "https://raw.githubusercontent.com/UCDavisLibrary/ava/7af5b29d45aee5e6c6ce3889e9b1de19085d7107/avas_aggregated_files/avas.geojson",
        "source_commit": "7af5b29d45aee5e6c6ce3889e9b1de19085d7107",
        "source_file_sha256": "c90068f7154764519f0a7c6fb2788e597b7c56bf7581e8c0faa979554d984926",
        "source_feature_id": "stags_leap_district",
        "source_cfr_index": "9.117",
        "derivation": "widest verified interior horizontal scanline interval midpoint; 63 evenly spaced scanlines per polygon",
        "retrieved_on": "2026-09-26",
        "license": "CC0-1.0",
        "attribution": "UC Davis Library and DataLab American Viticultural Areas Project, with UCSB Library and Virginia Tech contributors",
        "label_note": "Reference marker derived from the community digitized AVA polygon. It is not a legal boundary or an official centroid."
      },
      "geometry": {
        "type": "Point",
        "coordinates": [
          -122.31835979079489,
          38.389650762122145
        ]
      }
    },
    {
      "type": "Feature",
      "properties": {
        "node": "n_geo_mount_veeder",
        "node_id": "n_geo_mount_veeder",
        "name": "Mt. Veeder",
        "parent_node_id": "n_geo_napa_valley",
        "country_node_id": "n_geo_united_states",
        "point_role": "source_polygon_interior_reference_point",
        "point_place_name": "Mt. Veeder",
        "source_url": "https://raw.githubusercontent.com/UCDavisLibrary/ava/7af5b29d45aee5e6c6ce3889e9b1de19085d7107/avas/mt__veeder.geojson",
        "source_coordinate_url": "https://raw.githubusercontent.com/UCDavisLibrary/ava/7af5b29d45aee5e6c6ce3889e9b1de19085d7107/avas_aggregated_files/avas.geojson",
        "source_commit": "7af5b29d45aee5e6c6ce3889e9b1de19085d7107",
        "source_file_sha256": "c90068f7154764519f0a7c6fb2788e597b7c56bf7581e8c0faa979554d984926",
        "source_feature_id": "mt__veeder",
        "source_cfr_index": "9.123",
        "derivation": "widest verified interior horizontal scanline interval midpoint; 63 evenly spaced scanlines per polygon",
        "retrieved_on": "2026-09-26",
        "license": "CC0-1.0",
        "attribution": "UC Davis Library and DataLab American Viticultural Areas Project, with UCSB Library and Virginia Tech contributors",
        "label_note": "Reference marker derived from the community digitized AVA polygon. It is not a legal boundary or an official centroid."
      },
      "geometry": {
        "type": "Point",
        "coordinates": [
          -122.4145296664623,
          38.36575206475632
        ]
      }
    },
    {
      "type": "Feature",
      "properties": {
        "node": "n_geo_wild_horse_valley",
        "node_id": "n_geo_wild_horse_valley",
        "name": "Wild Horse Valley",
        "parent_node_id": "n_geo_north_coast_us",
        "country_node_id": "n_geo_united_states",
        "point_role": "source_polygon_interior_reference_point",
        "point_place_name": "Wild Horse Valley",
        "source_url": "https://raw.githubusercontent.com/UCDavisLibrary/ava/7af5b29d45aee5e6c6ce3889e9b1de19085d7107/avas/wild_horse_valley.geojson",
        "source_coordinate_url": "https://raw.githubusercontent.com/UCDavisLibrary/ava/7af5b29d45aee5e6c6ce3889e9b1de19085d7107/avas_aggregated_files/avas.geojson",
        "source_commit": "7af5b29d45aee5e6c6ce3889e9b1de19085d7107",
        "source_file_sha256": "c90068f7154764519f0a7c6fb2788e597b7c56bf7581e8c0faa979554d984926",
        "source_feature_id": "wild_horse_valley",
        "source_cfr_index": "9.124",
        "derivation": "widest verified interior horizontal scanline interval midpoint; 63 evenly spaced scanlines per polygon",
        "retrieved_on": "2026-09-26",
        "license": "CC0-1.0",
        "attribution": "UC Davis Library and DataLab American Viticultural Areas Project, with UCSB Library and Virginia Tech contributors",
        "label_note": "Reference marker derived from the community digitized AVA polygon. It is not a legal boundary or an official centroid."
      },
      "geometry": {
        "type": "Point",
        "coordinates": [
          -122.19701775577408,
          38.2723356
        ]
      }
    },
    {
      "type": "Feature",
      "properties": {
        "node": "n_geo_west_sonoma_coast",
        "node_id": "n_geo_west_sonoma_coast",
        "name": "West Sonoma Coast",
        "parent_node_id": "n_geo_sonoma_coast",
        "country_node_id": "n_geo_united_states",
        "point_role": "source_polygon_interior_reference_point",
        "point_place_name": "West Sonoma Coast",
        "source_url": "https://raw.githubusercontent.com/UCDavisLibrary/ava/7af5b29d45aee5e6c6ce3889e9b1de19085d7107/avas/west_sonoma_coast.geojson",
        "source_coordinate_url": "https://raw.githubusercontent.com/UCDavisLibrary/ava/7af5b29d45aee5e6c6ce3889e9b1de19085d7107/avas_aggregated_files/avas.geojson",
        "source_commit": "7af5b29d45aee5e6c6ce3889e9b1de19085d7107",
        "source_file_sha256": "c90068f7154764519f0a7c6fb2788e597b7c56bf7581e8c0faa979554d984926",
        "source_feature_id": "west_sonoma_coast",
        "source_cfr_index": "9.283",
        "derivation": "widest verified interior horizontal scanline interval midpoint; 63 evenly spaced scanlines per polygon",
        "retrieved_on": "2026-09-26",
        "license": "CC0-1.0",
        "attribution": "UC Davis Library and DataLab American Viticultural Areas Project, with UCSB Library and Virginia Tech contributors",
        "label_note": "Reference marker derived from the community digitized AVA polygon. It is not a legal boundary or an official centroid."
      },
      "geometry": {
        "type": "Point",
        "coordinates": [
          -123.26086083864627,
          38.59864858705414
        ]
      }
    },
    {
      "type": "Feature",
      "properties": {
        "node": "n_geo_fort_ross_seaview",
        "node_id": "n_geo_fort_ross_seaview",
        "name": "Fort Ross-Seaview",
        "parent_node_id": "n_geo_west_sonoma_coast",
        "country_node_id": "n_geo_united_states",
        "point_role": "source_polygon_interior_reference_point",
        "point_place_name": "Fort Ross-Seaview",
        "source_url": "https://raw.githubusercontent.com/UCDavisLibrary/ava/7af5b29d45aee5e6c6ce3889e9b1de19085d7107/avas/fort_ross_seaview.geojson",
        "source_coordinate_url": "https://raw.githubusercontent.com/UCDavisLibrary/ava/7af5b29d45aee5e6c6ce3889e9b1de19085d7107/avas_aggregated_files/avas.geojson",
        "source_commit": "7af5b29d45aee5e6c6ce3889e9b1de19085d7107",
        "source_file_sha256": "c90068f7154764519f0a7c6fb2788e597b7c56bf7581e8c0faa979554d984926",
        "source_feature_id": "fort_ross_seaview",
        "source_cfr_index": "9.221",
        "derivation": "widest verified interior horizontal scanline interval midpoint; 63 evenly spaced scanlines per polygon",
        "retrieved_on": "2026-09-26",
        "license": "CC0-1.0",
        "attribution": "UC Davis Library and DataLab American Viticultural Areas Project, with UCSB Library and Virginia Tech contributors",
        "label_note": "Reference marker derived from the community digitized AVA polygon. It is not a legal boundary or an official centroid."
      },
      "geometry": {
        "type": "Point",
        "coordinates": [
          -123.23573157933504,
          38.597805375
        ]
      }
    },
    {
      "type": "Feature",
      "properties": {
        "node": "n_geo_petaluma_gap",
        "node_id": "n_geo_petaluma_gap",
        "name": "Petaluma Gap",
        "parent_node_id": "n_geo_north_coast_us",
        "country_node_id": "n_geo_united_states",
        "point_role": "source_polygon_interior_reference_point",
        "point_place_name": "Petaluma Gap",
        "source_url": "https://raw.githubusercontent.com/UCDavisLibrary/ava/7af5b29d45aee5e6c6ce3889e9b1de19085d7107/avas/petaluma_gap.geojson",
        "source_coordinate_url": "https://raw.githubusercontent.com/UCDavisLibrary/ava/7af5b29d45aee5e6c6ce3889e9b1de19085d7107/avas_aggregated_files/avas.geojson",
        "source_commit": "7af5b29d45aee5e6c6ce3889e9b1de19085d7107",
        "source_file_sha256": "c90068f7154764519f0a7c6fb2788e597b7c56bf7581e8c0faa979554d984926",
        "source_feature_id": "petaluma_gap",
        "source_cfr_index": "9.261",
        "derivation": "widest verified interior horizontal scanline interval midpoint; 63 evenly spaced scanlines per polygon",
        "retrieved_on": "2026-09-26",
        "license": "CC0-1.0",
        "attribution": "UC Davis Library and DataLab American Viticultural Areas Project, with UCSB Library and Virginia Tech contributors",
        "label_note": "Reference marker derived from the community digitized AVA polygon. It is not a legal boundary or an official centroid."
      },
      "geometry": {
        "type": "Point",
        "coordinates": [
          -122.73949173853504,
          38.2388592
        ]
      }
    },
    {
      "type": "Feature",
      "properties": {
        "node": "n_geo_green_valley_russian_river",
        "node_id": "n_geo_green_valley_russian_river",
        "name": "Green Valley of Russian River Valley",
        "parent_node_id": "n_geo_russian_river_valley",
        "country_node_id": "n_geo_united_states",
        "point_role": "source_polygon_interior_reference_point",
        "point_place_name": "Green Valley of Russian River Valley",
        "source_url": "https://raw.githubusercontent.com/UCDavisLibrary/ava/7af5b29d45aee5e6c6ce3889e9b1de19085d7107/avas/green_valley_of_russian_river_valley.geojson",
        "source_coordinate_url": "https://raw.githubusercontent.com/UCDavisLibrary/ava/7af5b29d45aee5e6c6ce3889e9b1de19085d7107/avas_aggregated_files/avas.geojson",
        "source_commit": "7af5b29d45aee5e6c6ce3889e9b1de19085d7107",
        "source_file_sha256": "c90068f7154764519f0a7c6fb2788e597b7c56bf7581e8c0faa979554d984926",
        "source_feature_id": "green_valley_of_russian_river_valley",
        "source_cfr_index": "9.57",
        "derivation": "widest verified interior horizontal scanline interval midpoint; 63 evenly spaced scanlines per polygon",
        "retrieved_on": "2026-09-26",
        "license": "CC0-1.0",
        "attribution": "UC Davis Library and DataLab American Viticultural Areas Project, with UCSB Library and Virginia Tech contributors",
        "label_note": "Reference marker derived from the community digitized AVA polygon. It is not a legal boundary or an official centroid."
      },
      "geometry": {
        "type": "Point",
        "coordinates": [
          -122.89417599303351,
          38.41322029148997
        ]
      }
    },
    {
      "type": "Feature",
      "properties": {
        "node": "n_geo_chalk_hill",
        "node_id": "n_geo_chalk_hill",
        "name": "Chalk Hill",
        "parent_node_id": "n_geo_russian_river_valley",
        "country_node_id": "n_geo_united_states",
        "point_role": "source_polygon_interior_reference_point",
        "point_place_name": "Chalk Hill",
        "source_url": "https://raw.githubusercontent.com/UCDavisLibrary/ava/7af5b29d45aee5e6c6ce3889e9b1de19085d7107/avas/chalk_hill.geojson",
        "source_coordinate_url": "https://raw.githubusercontent.com/UCDavisLibrary/ava/7af5b29d45aee5e6c6ce3889e9b1de19085d7107/avas_aggregated_files/avas.geojson",
        "source_commit": "7af5b29d45aee5e6c6ce3889e9b1de19085d7107",
        "source_file_sha256": "c90068f7154764519f0a7c6fb2788e597b7c56bf7581e8c0faa979554d984926",
        "source_feature_id": "chalk_hill",
        "source_cfr_index": "9.52",
        "derivation": "widest verified interior horizontal scanline interval midpoint; 63 evenly spaced scanlines per polygon",
        "retrieved_on": "2026-09-26",
        "license": "CC0-1.0",
        "attribution": "UC Davis Library and DataLab American Viticultural Areas Project, with UCSB Library and Virginia Tech contributors",
        "label_note": "Reference marker derived from the community digitized AVA polygon. It is not a legal boundary or an official centroid."
      },
      "geometry": {
        "type": "Point",
        "coordinates": [
          -122.75986268316461,
          38.57651633642915
        ]
      }
    },
    {
      "type": "Feature",
      "properties": {
        "node": "n_geo_sonoma_valley",
        "node_id": "n_geo_sonoma_valley",
        "name": "Sonoma Valley",
        "parent_node_id": "n_geo_north_coast_us",
        "country_node_id": "n_geo_united_states",
        "point_role": "source_polygon_interior_reference_point",
        "point_place_name": "Sonoma Valley",
        "source_url": "https://raw.githubusercontent.com/UCDavisLibrary/ava/7af5b29d45aee5e6c6ce3889e9b1de19085d7107/avas/sonoma_valley.geojson",
        "source_coordinate_url": "https://raw.githubusercontent.com/UCDavisLibrary/ava/7af5b29d45aee5e6c6ce3889e9b1de19085d7107/avas_aggregated_files/avas.geojson",
        "source_commit": "7af5b29d45aee5e6c6ce3889e9b1de19085d7107",
        "source_file_sha256": "c90068f7154764519f0a7c6fb2788e597b7c56bf7581e8c0faa979554d984926",
        "source_feature_id": "sonoma_valley",
        "source_cfr_index": "9.29",
        "derivation": "widest verified interior horizontal scanline interval midpoint; 63 evenly spaced scanlines per polygon",
        "retrieved_on": "2026-09-26",
        "license": "CC0-1.0",
        "attribution": "UC Davis Library and DataLab American Viticultural Areas Project, with UCSB Library and Virginia Tech contributors",
        "label_note": "Reference marker derived from the community digitized AVA polygon. It is not a legal boundary or an official centroid."
      },
      "geometry": {
        "type": "Point",
        "coordinates": [
          -122.57080502012377,
          38.3991360115294
        ]
      }
    },
    {
      "type": "Feature",
      "properties": {
        "node": "n_geo_moon_mountain_district",
        "node_id": "n_geo_moon_mountain_district",
        "name": "Moon Mountain District Sonoma County",
        "parent_node_id": "n_geo_sonoma_valley",
        "country_node_id": "n_geo_united_states",
        "point_role": "source_polygon_interior_reference_point",
        "point_place_name": "Moon Mountain District Sonoma County",
        "source_url": "https://raw.githubusercontent.com/UCDavisLibrary/ava/7af5b29d45aee5e6c6ce3889e9b1de19085d7107/avas/moon_mountain_district_sonoma_county.geojson",
        "source_coordinate_url": "https://raw.githubusercontent.com/UCDavisLibrary/ava/7af5b29d45aee5e6c6ce3889e9b1de19085d7107/avas_aggregated_files/avas.geojson",
        "source_commit": "7af5b29d45aee5e6c6ce3889e9b1de19085d7107",
        "source_file_sha256": "c90068f7154764519f0a7c6fb2788e597b7c56bf7581e8c0faa979554d984926",
        "source_feature_id": "moon_mountain_district_sonoma_county",
        "source_cfr_index": "9.231",
        "derivation": "widest verified interior horizontal scanline interval midpoint; 63 evenly spaced scanlines per polygon",
        "retrieved_on": "2026-09-26",
        "license": "CC0-1.0",
        "attribution": "UC Davis Library and DataLab American Viticultural Areas Project, with UCSB Library and Virginia Tech contributors",
        "label_note": "Reference marker derived from the community digitized AVA polygon. It is not a legal boundary or an official centroid."
      },
      "geometry": {
        "type": "Point",
        "coordinates": [
          -122.4488685557262,
          38.33484793365398
        ]
      }
    },
    {
      "type": "Feature",
      "properties": {
        "node": "n_geo_sonoma_mountain",
        "node_id": "n_geo_sonoma_mountain",
        "name": "Sonoma Mountain",
        "parent_node_id": "n_geo_sonoma_valley",
        "country_node_id": "n_geo_united_states",
        "point_role": "source_polygon_interior_reference_point",
        "point_place_name": "Sonoma Mountain",
        "source_url": "https://raw.githubusercontent.com/UCDavisLibrary/ava/7af5b29d45aee5e6c6ce3889e9b1de19085d7107/avas/sonoma_mountain.geojson",
        "source_coordinate_url": "https://raw.githubusercontent.com/UCDavisLibrary/ava/7af5b29d45aee5e6c6ce3889e9b1de19085d7107/avas_aggregated_files/avas.geojson",
        "source_commit": "7af5b29d45aee5e6c6ce3889e9b1de19085d7107",
        "source_file_sha256": "c90068f7154764519f0a7c6fb2788e597b7c56bf7581e8c0faa979554d984926",
        "source_feature_id": "sonoma_mountain",
        "source_cfr_index": "9.102",
        "derivation": "widest verified interior horizontal scanline interval midpoint; 63 evenly spaced scanlines per polygon",
        "retrieved_on": "2026-09-26",
        "license": "CC0-1.0",
        "attribution": "UC Davis Library and DataLab American Viticultural Areas Project, with UCSB Library and Virginia Tech contributors",
        "label_note": "Reference marker derived from the community digitized AVA polygon. It is not a legal boundary or an official centroid."
      },
      "geometry": {
        "type": "Point",
        "coordinates": [
          -122.5772189880577,
          38.3653688745586
        ]
      }
    },
    {
      "type": "Feature",
      "properties": {
        "node": "n_geo_bennett_valley",
        "node_id": "n_geo_bennett_valley",
        "name": "Bennett Valley",
        "parent_node_id": "n_geo_sonoma_valley",
        "country_node_id": "n_geo_united_states",
        "point_role": "source_polygon_interior_reference_point",
        "point_place_name": "Bennett Valley",
        "source_url": "https://raw.githubusercontent.com/UCDavisLibrary/ava/7af5b29d45aee5e6c6ce3889e9b1de19085d7107/avas/bennett_valley.geojson",
        "source_coordinate_url": "https://raw.githubusercontent.com/UCDavisLibrary/ava/7af5b29d45aee5e6c6ce3889e9b1de19085d7107/avas_aggregated_files/avas.geojson",
        "source_commit": "7af5b29d45aee5e6c6ce3889e9b1de19085d7107",
        "source_file_sha256": "c90068f7154764519f0a7c6fb2788e597b7c56bf7581e8c0faa979554d984926",
        "source_feature_id": "bennett_valley",
        "source_cfr_index": "9.142",
        "derivation": "widest verified interior horizontal scanline interval midpoint; 63 evenly spaced scanlines per polygon",
        "retrieved_on": "2026-09-26",
        "license": "CC0-1.0",
        "attribution": "UC Davis Library and DataLab American Viticultural Areas Project, with UCSB Library and Virginia Tech contributors",
        "label_note": "Reference marker derived from the community digitized AVA polygon. It is not a legal boundary or an official centroid."
      },
      "geometry": {
        "type": "Point",
        "coordinates": [
          -122.63954755371779,
          38.40070861984083
        ]
      }
    },
    {
      "type": "Feature",
      "properties": {
        "node": "n_geo_knights_valley",
        "node_id": "n_geo_knights_valley",
        "name": "Knights Valley",
        "parent_node_id": "n_geo_northern_sonoma",
        "country_node_id": "n_geo_united_states",
        "point_role": "source_polygon_interior_reference_point",
        "point_place_name": "Knights Valley",
        "source_url": "https://raw.githubusercontent.com/UCDavisLibrary/ava/7af5b29d45aee5e6c6ce3889e9b1de19085d7107/avas/knights_valley.geojson",
        "source_coordinate_url": "https://raw.githubusercontent.com/UCDavisLibrary/ava/7af5b29d45aee5e6c6ce3889e9b1de19085d7107/avas_aggregated_files/avas.geojson",
        "source_commit": "7af5b29d45aee5e6c6ce3889e9b1de19085d7107",
        "source_file_sha256": "c90068f7154764519f0a7c6fb2788e597b7c56bf7581e8c0faa979554d984926",
        "source_feature_id": "knights_valley",
        "source_cfr_index": "9.76",
        "derivation": "widest verified interior horizontal scanline interval midpoint; 63 evenly spaced scanlines per polygon",
        "retrieved_on": "2026-09-26",
        "license": "CC0-1.0",
        "attribution": "UC Davis Library and DataLab American Viticultural Areas Project, with UCSB Library and Virginia Tech contributors",
        "label_note": "Reference marker derived from the community digitized AVA polygon. It is not a legal boundary or an official centroid."
      },
      "geometry": {
        "type": "Point",
        "coordinates": [
          -122.69211347404847,
          38.65412970269783
        ]
      }
    },
    {
      "type": "Feature",
      "properties": {
        "node": "n_geo_rockpile",
        "node_id": "n_geo_rockpile",
        "name": "Rockpile",
        "parent_node_id": "n_geo_north_coast_us",
        "country_node_id": "n_geo_united_states",
        "point_role": "source_polygon_interior_reference_point",
        "point_place_name": "Rockpile",
        "source_url": "https://raw.githubusercontent.com/UCDavisLibrary/ava/7af5b29d45aee5e6c6ce3889e9b1de19085d7107/avas/rockpile.geojson",
        "source_coordinate_url": "https://raw.githubusercontent.com/UCDavisLibrary/ava/7af5b29d45aee5e6c6ce3889e9b1de19085d7107/avas_aggregated_files/avas.geojson",
        "source_commit": "7af5b29d45aee5e6c6ce3889e9b1de19085d7107",
        "source_file_sha256": "c90068f7154764519f0a7c6fb2788e597b7c56bf7581e8c0faa979554d984926",
        "source_feature_id": "rockpile",
        "source_cfr_index": "9.173",
        "derivation": "widest verified interior horizontal scanline interval midpoint; 63 evenly spaced scanlines per polygon",
        "retrieved_on": "2026-09-26",
        "license": "CC0-1.0",
        "attribution": "UC Davis Library and DataLab American Viticultural Areas Project, with UCSB Library and Virginia Tech contributors",
        "label_note": "Reference marker derived from the community digitized AVA polygon. It is not a legal boundary or an official centroid."
      },
      "geometry": {
        "type": "Point",
        "coordinates": [
          -123.16521410737639,
          38.762119759375
        ]
      }
    },
    {
      "type": "Feature",
      "properties": {
        "node": "n_geo_fountaingrove_district",
        "node_id": "n_geo_fountaingrove_district",
        "name": "Fountaingrove District",
        "parent_node_id": "n_geo_north_coast_us",
        "country_node_id": "n_geo_united_states",
        "point_role": "source_polygon_interior_reference_point",
        "point_place_name": "Fountaingrove District",
        "source_url": "https://raw.githubusercontent.com/UCDavisLibrary/ava/7af5b29d45aee5e6c6ce3889e9b1de19085d7107/avas/fountaingrove_district.geojson",
        "source_coordinate_url": "https://raw.githubusercontent.com/UCDavisLibrary/ava/7af5b29d45aee5e6c6ce3889e9b1de19085d7107/avas_aggregated_files/avas.geojson",
        "source_commit": "7af5b29d45aee5e6c6ce3889e9b1de19085d7107",
        "source_file_sha256": "c90068f7154764519f0a7c6fb2788e597b7c56bf7581e8c0faa979554d984926",
        "source_feature_id": "fountaingrove_district",
        "source_cfr_index": "9.250",
        "derivation": "widest verified interior horizontal scanline interval midpoint; 63 evenly spaced scanlines per polygon",
        "retrieved_on": "2026-09-26",
        "license": "CC0-1.0",
        "attribution": "UC Davis Library and DataLab American Viticultural Areas Project, with UCSB Library and Virginia Tech contributors",
        "label_note": "Reference marker derived from the community digitized AVA polygon. It is not a legal boundary or an official centroid."
      },
      "geometry": {
        "type": "Point",
        "coordinates": [
          -122.62885338180959,
          38.50193538996832
        ]
      }
    },
    {
      "type": "Feature",
      "properties": {
        "node": "n_geo_pine_mountain_cloverdale_peak",
        "node_id": "n_geo_pine_mountain_cloverdale_peak",
        "name": "Pine Mountain-Cloverdale Peak",
        "parent_node_id": "n_geo_north_coast_us",
        "country_node_id": "n_geo_united_states",
        "point_role": "source_polygon_interior_reference_point",
        "point_place_name": "Pine Mountain-Cloverdale Peak",
        "source_url": "https://raw.githubusercontent.com/UCDavisLibrary/ava/7af5b29d45aee5e6c6ce3889e9b1de19085d7107/avas/pine_mountain_cloverdale_peak.geojson",
        "source_coordinate_url": "https://raw.githubusercontent.com/UCDavisLibrary/ava/7af5b29d45aee5e6c6ce3889e9b1de19085d7107/avas_aggregated_files/avas.geojson",
        "source_commit": "7af5b29d45aee5e6c6ce3889e9b1de19085d7107",
        "source_file_sha256": "c90068f7154764519f0a7c6fb2788e597b7c56bf7581e8c0faa979554d984926",
        "source_feature_id": "pine_mountain_cloverdale_peak",
        "source_cfr_index": "9.220",
        "derivation": "widest verified interior horizontal scanline interval midpoint; 63 evenly spaced scanlines per polygon",
        "retrieved_on": "2026-09-26",
        "license": "CC0-1.0",
        "attribution": "UC Davis Library and DataLab American Viticultural Areas Project, with UCSB Library and Virginia Tech contributors",
        "label_note": "Reference marker derived from the community digitized AVA polygon. It is not a legal boundary or an official centroid."
      },
      "geometry": {
        "type": "Point",
        "coordinates": [
          -122.97327791105363,
          38.85039800398394
        ]
      }
    },
    {
      "type": "Feature",
      "properties": {
        "node": "n_geo_laurelwood_district",
        "node_id": "n_geo_laurelwood_district",
        "name": "Laurelwood District",
        "parent_node_id": "n_geo_chehalem_mountains",
        "country_node_id": "n_geo_united_states",
        "point_role": "source_polygon_interior_reference_point",
        "point_place_name": "Laurelwood District",
        "source_url": "https://raw.githubusercontent.com/UCDavisLibrary/ava/7af5b29d45aee5e6c6ce3889e9b1de19085d7107/avas/laurelwood_district.geojson",
        "source_coordinate_url": "https://raw.githubusercontent.com/UCDavisLibrary/ava/7af5b29d45aee5e6c6ce3889e9b1de19085d7107/avas_aggregated_files/avas.geojson",
        "source_commit": "7af5b29d45aee5e6c6ce3889e9b1de19085d7107",
        "source_file_sha256": "c90068f7154764519f0a7c6fb2788e597b7c56bf7581e8c0faa979554d984926",
        "source_feature_id": "laurelwood_district",
        "source_cfr_index": "9.269",
        "derivation": "widest verified interior horizontal scanline interval midpoint; 63 evenly spaced scanlines per polygon",
        "retrieved_on": "2026-09-26",
        "license": "CC0-1.0",
        "attribution": "UC Davis Library and DataLab American Viticultural Areas Project, with UCSB Library and Virginia Tech contributors",
        "label_note": "Reference marker derived from the community digitized AVA polygon. It is not a legal boundary or an official centroid."
      },
      "geometry": {
        "type": "Point",
        "coordinates": [
          -122.95572233318403,
          45.37179188558945
        ]
      }
    },
    {
      "type": "Feature",
      "properties": {
        "node": "n_geo_lower_long_tom",
        "node_id": "n_geo_lower_long_tom",
        "name": "Lower Long Tom",
        "parent_node_id": "n_geo_willamette_valley",
        "country_node_id": "n_geo_united_states",
        "point_role": "source_polygon_interior_reference_point",
        "point_place_name": "Lower Long Tom",
        "source_url": "https://raw.githubusercontent.com/UCDavisLibrary/ava/7af5b29d45aee5e6c6ce3889e9b1de19085d7107/avas/lower_long_tom.geojson",
        "source_coordinate_url": "https://raw.githubusercontent.com/UCDavisLibrary/ava/7af5b29d45aee5e6c6ce3889e9b1de19085d7107/avas_aggregated_files/avas.geojson",
        "source_commit": "7af5b29d45aee5e6c6ce3889e9b1de19085d7107",
        "source_file_sha256": "c90068f7154764519f0a7c6fb2788e597b7c56bf7581e8c0faa979554d984926",
        "source_feature_id": "lower_long_tom",
        "source_cfr_index": "9.281",
        "derivation": "widest verified interior horizontal scanline interval midpoint; 63 evenly spaced scanlines per polygon",
        "retrieved_on": "2026-09-26",
        "license": "CC0-1.0",
        "attribution": "UC Davis Library and DataLab American Viticultural Areas Project, with UCSB Library and Virginia Tech contributors",
        "label_note": "Reference marker derived from the community digitized AVA polygon. It is not a legal boundary or an official centroid."
      },
      "geometry": {
        "type": "Point",
        "coordinates": [
          -123.36443796712246,
          44.27210498335473
        ]
      }
    },
    {
      "type": "Feature",
      "properties": {
        "node": "n_geo_mcminnville_ava",
        "node_id": "n_geo_mcminnville_ava",
        "name": "McMinnville",
        "parent_node_id": "n_geo_willamette_valley",
        "country_node_id": "n_geo_united_states",
        "point_role": "source_polygon_interior_reference_point",
        "point_place_name": "McMinnville",
        "source_url": "https://raw.githubusercontent.com/UCDavisLibrary/ava/7af5b29d45aee5e6c6ce3889e9b1de19085d7107/avas/mcminnville.geojson",
        "source_coordinate_url": "https://raw.githubusercontent.com/UCDavisLibrary/ava/7af5b29d45aee5e6c6ce3889e9b1de19085d7107/avas_aggregated_files/avas.geojson",
        "source_commit": "7af5b29d45aee5e6c6ce3889e9b1de19085d7107",
        "source_file_sha256": "c90068f7154764519f0a7c6fb2788e597b7c56bf7581e8c0faa979554d984926",
        "source_feature_id": "mcminnville",
        "source_cfr_index": "9.181",
        "derivation": "widest verified interior horizontal scanline interval midpoint; 63 evenly spaced scanlines per polygon",
        "retrieved_on": "2026-09-26",
        "license": "CC0-1.0",
        "attribution": "UC Davis Library and DataLab American Viticultural Areas Project, with UCSB Library and Virginia Tech contributors",
        "label_note": "Reference marker derived from the community digitized AVA polygon. It is not a legal boundary or an official centroid."
      },
      "geometry": {
        "type": "Point",
        "coordinates": [
          -123.30710355378385,
          45.21784936925815
        ]
      }
    },
    {
      "type": "Feature",
      "properties": {
        "node": "n_geo_mount_pisgah_oregon",
        "node_id": "n_geo_mount_pisgah_oregon",
        "name": "Mount Pisgah, Polk County, Oregon",
        "parent_node_id": "n_geo_willamette_valley",
        "country_node_id": "n_geo_united_states",
        "point_role": "source_polygon_interior_reference_point",
        "point_place_name": "Mount Pisgah, Polk County, Oregon",
        "source_url": "https://raw.githubusercontent.com/UCDavisLibrary/ava/7af5b29d45aee5e6c6ce3889e9b1de19085d7107/avas/mount_pisgah__polk_county__oregon.geojson",
        "source_coordinate_url": "https://raw.githubusercontent.com/UCDavisLibrary/ava/7af5b29d45aee5e6c6ce3889e9b1de19085d7107/avas_aggregated_files/avas.geojson",
        "source_commit": "7af5b29d45aee5e6c6ce3889e9b1de19085d7107",
        "source_file_sha256": "c90068f7154764519f0a7c6fb2788e597b7c56bf7581e8c0faa979554d984926",
        "source_feature_id": "mount_pisgah__polk_county__oregon",
        "source_cfr_index": "9.284",
        "derivation": "widest verified interior horizontal scanline interval midpoint; 63 evenly spaced scanlines per polygon",
        "retrieved_on": "2026-09-26",
        "license": "CC0-1.0",
        "attribution": "UC Davis Library and DataLab American Viticultural Areas Project, with UCSB Library and Virginia Tech contributors",
        "label_note": "Reference marker derived from the community digitized AVA polygon. It is not a legal boundary or an official centroid."
      },
      "geometry": {
        "type": "Point",
        "coordinates": [
          -123.2966267227359,
          44.862638733993236
        ]
      }
    },
    {
      "type": "Feature",
      "properties": {
        "node": "n_geo_tualatin_hills",
        "node_id": "n_geo_tualatin_hills",
        "name": "Tualatin Hills",
        "parent_node_id": "n_geo_willamette_valley",
        "country_node_id": "n_geo_united_states",
        "point_role": "source_polygon_interior_reference_point",
        "point_place_name": "Tualatin Hills",
        "source_url": "https://raw.githubusercontent.com/UCDavisLibrary/ava/7af5b29d45aee5e6c6ce3889e9b1de19085d7107/avas/tualatin_hills.geojson",
        "source_coordinate_url": "https://raw.githubusercontent.com/UCDavisLibrary/ava/7af5b29d45aee5e6c6ce3889e9b1de19085d7107/avas_aggregated_files/avas.geojson",
        "source_commit": "7af5b29d45aee5e6c6ce3889e9b1de19085d7107",
        "source_file_sha256": "c90068f7154764519f0a7c6fb2788e597b7c56bf7581e8c0faa979554d984926",
        "source_feature_id": "tualatin_hills",
        "source_cfr_index": "9.268",
        "derivation": "widest verified interior horizontal scanline interval midpoint; 63 evenly spaced scanlines per polygon",
        "retrieved_on": "2026-09-26",
        "license": "CC0-1.0",
        "attribution": "UC Davis Library and DataLab American Viticultural Areas Project, with UCSB Library and Virginia Tech contributors",
        "label_note": "Reference marker derived from the community digitized AVA polygon. It is not a legal boundary or an official centroid."
      },
      "geometry": {
        "type": "Point",
        "coordinates": [
          -123.07967148154239,
          45.621167723005634
        ]
      }
    },
    {
      "type": "Feature",
      "properties": {
        "node": "n_geo_van_duzer_corridor",
        "node_id": "n_geo_van_duzer_corridor",
        "name": "Van Duzer Corridor",
        "parent_node_id": "n_geo_willamette_valley",
        "country_node_id": "n_geo_united_states",
        "point_role": "source_polygon_interior_reference_point",
        "point_place_name": "Van Duzer Corridor",
        "source_url": "https://raw.githubusercontent.com/UCDavisLibrary/ava/7af5b29d45aee5e6c6ce3889e9b1de19085d7107/avas/van_duzer_corridor.geojson",
        "source_coordinate_url": "https://raw.githubusercontent.com/UCDavisLibrary/ava/7af5b29d45aee5e6c6ce3889e9b1de19085d7107/avas_aggregated_files/avas.geojson",
        "source_commit": "7af5b29d45aee5e6c6ce3889e9b1de19085d7107",
        "source_file_sha256": "c90068f7154764519f0a7c6fb2788e597b7c56bf7581e8c0faa979554d984926",
        "source_feature_id": "van_duzer_corridor",
        "source_cfr_index": "9.265",
        "derivation": "widest verified interior horizontal scanline interval midpoint; 63 evenly spaced scanlines per polygon",
        "retrieved_on": "2026-09-26",
        "license": "CC0-1.0",
        "attribution": "UC Davis Library and DataLab American Viticultural Areas Project, with UCSB Library and Virginia Tech contributors",
        "label_note": "Reference marker derived from the community digitized AVA polygon. It is not a legal boundary or an official centroid."
      },
      "geometry": {
        "type": "Point",
        "coordinates": [
          -123.29985359868616,
          45.08407612453199
        ]
      }
    },
    {
      "type": "Feature",
      "properties": {
        "node": "n_geo_yamhill_carlton",
        "node_id": "n_geo_yamhill_carlton",
        "name": "Yamhill-Carlton",
        "parent_node_id": "n_geo_willamette_valley",
        "country_node_id": "n_geo_united_states",
        "point_role": "source_polygon_interior_reference_point",
        "point_place_name": "Yamhill-Carlton",
        "source_url": "https://raw.githubusercontent.com/UCDavisLibrary/ava/7af5b29d45aee5e6c6ce3889e9b1de19085d7107/avas/yamhill_carlton.geojson",
        "source_coordinate_url": "https://raw.githubusercontent.com/UCDavisLibrary/ava/7af5b29d45aee5e6c6ce3889e9b1de19085d7107/avas_aggregated_files/avas.geojson",
        "source_commit": "7af5b29d45aee5e6c6ce3889e9b1de19085d7107",
        "source_file_sha256": "c90068f7154764519f0a7c6fb2788e597b7c56bf7581e8c0faa979554d984926",
        "source_feature_id": "yamhill_carlton",
        "source_cfr_index": "9.183",
        "derivation": "widest verified interior horizontal scanline interval midpoint; 63 evenly spaced scanlines per polygon",
        "retrieved_on": "2026-09-26",
        "license": "CC0-1.0",
        "attribution": "UC Davis Library and DataLab American Viticultural Areas Project, with UCSB Library and Virginia Tech contributors",
        "label_note": "Reference marker derived from the community digitized AVA polygon. It is not a legal boundary or an official centroid."
      },
      "geometry": {
        "type": "Point",
        "coordinates": [
          -123.19395763605841,
          45.38070133031773
        ]
      }
    },
    {
      "type": "Feature",
      "properties": {
        "node": "n_geo_adelaida_district",
        "node_id": "n_geo_adelaida_district",
        "name": "Adelaida District",
        "parent_node_id": "n_geo_paso_robles",
        "country_node_id": "n_geo_united_states",
        "point_role": "source_polygon_interior_reference_point",
        "point_place_name": "Adelaida District",
        "source_url": "https://raw.githubusercontent.com/UCDavisLibrary/ava/7af5b29d45aee5e6c6ce3889e9b1de19085d7107/avas/adelaida_district.geojson",
        "source_coordinate_url": "https://raw.githubusercontent.com/UCDavisLibrary/ava/7af5b29d45aee5e6c6ce3889e9b1de19085d7107/avas_aggregated_files/avas.geojson",
        "source_commit": "7af5b29d45aee5e6c6ce3889e9b1de19085d7107",
        "source_file_sha256": "c90068f7154764519f0a7c6fb2788e597b7c56bf7581e8c0faa979554d984926",
        "source_feature_id": "adelaida_district",
        "source_cfr_index": "9.238",
        "derivation": "widest verified interior horizontal scanline interval midpoint; 63 evenly spaced scanlines per polygon",
        "retrieved_on": "2026-09-26",
        "license": "CC0-1.0",
        "attribution": "UC Davis Library and DataLab American Viticultural Areas Project, with UCSB Library and Virginia Tech contributors",
        "label_note": "Reference marker derived from the community digitized AVA polygon. It is not a legal boundary or an official centroid."
      },
      "geometry": {
        "type": "Point",
        "coordinates": [
          -120.81777047165059,
          35.66983019700396
        ]
      }
    },
    {
      "type": "Feature",
      "properties": {
        "node": "n_geo_creston_district",
        "node_id": "n_geo_creston_district",
        "name": "Creston District",
        "parent_node_id": "n_geo_paso_robles",
        "country_node_id": "n_geo_united_states",
        "point_role": "source_polygon_interior_reference_point",
        "point_place_name": "Creston District",
        "source_url": "https://raw.githubusercontent.com/UCDavisLibrary/ava/7af5b29d45aee5e6c6ce3889e9b1de19085d7107/avas/creston_district.geojson",
        "source_coordinate_url": "https://raw.githubusercontent.com/UCDavisLibrary/ava/7af5b29d45aee5e6c6ce3889e9b1de19085d7107/avas_aggregated_files/avas.geojson",
        "source_commit": "7af5b29d45aee5e6c6ce3889e9b1de19085d7107",
        "source_file_sha256": "c90068f7154764519f0a7c6fb2788e597b7c56bf7581e8c0faa979554d984926",
        "source_feature_id": "creston_district",
        "source_cfr_index": "9.239",
        "derivation": "widest verified interior horizontal scanline interval midpoint; 63 evenly spaced scanlines per polygon",
        "retrieved_on": "2026-09-26",
        "license": "CC0-1.0",
        "attribution": "UC Davis Library and DataLab American Viticultural Areas Project, with UCSB Library and Virginia Tech contributors",
        "label_note": "Reference marker derived from the community digitized AVA polygon. It is not a legal boundary or an official centroid."
      },
      "geometry": {
        "type": "Point",
        "coordinates": [
          -120.43819044500151,
          35.46130249273333
        ]
      }
    },
    {
      "type": "Feature",
      "properties": {
        "node": "n_geo_el_pomar_district",
        "node_id": "n_geo_el_pomar_district",
        "name": "El Pomar District",
        "parent_node_id": "n_geo_paso_robles",
        "country_node_id": "n_geo_united_states",
        "point_role": "source_polygon_interior_reference_point",
        "point_place_name": "El Pomar District",
        "source_url": "https://raw.githubusercontent.com/UCDavisLibrary/ava/7af5b29d45aee5e6c6ce3889e9b1de19085d7107/avas/el_pomar_district.geojson",
        "source_coordinate_url": "https://raw.githubusercontent.com/UCDavisLibrary/ava/7af5b29d45aee5e6c6ce3889e9b1de19085d7107/avas_aggregated_files/avas.geojson",
        "source_commit": "7af5b29d45aee5e6c6ce3889e9b1de19085d7107",
        "source_file_sha256": "c90068f7154764519f0a7c6fb2788e597b7c56bf7581e8c0faa979554d984926",
        "source_feature_id": "el_pomar_district",
        "source_cfr_index": "9.240",
        "derivation": "widest verified interior horizontal scanline interval midpoint; 63 evenly spaced scanlines per polygon",
        "retrieved_on": "2026-09-26",
        "license": "CC0-1.0",
        "attribution": "UC Davis Library and DataLab American Viticultural Areas Project, with UCSB Library and Virginia Tech contributors",
        "label_note": "Reference marker derived from the community digitized AVA polygon. It is not a legal boundary or an official centroid."
      },
      "geometry": {
        "type": "Point",
        "coordinates": [
          -120.60841318232562,
          35.576552503163896
        ]
      }
    },
    {
      "type": "Feature",
      "properties": {
        "node": "n_geo_paso_robles_estrella_district",
        "node_id": "n_geo_paso_robles_estrella_district",
        "name": "Paso Robles Estrella District",
        "parent_node_id": "n_geo_paso_robles",
        "country_node_id": "n_geo_united_states",
        "point_role": "source_polygon_interior_reference_point",
        "point_place_name": "Paso Robles Estrella District",
        "source_url": "https://raw.githubusercontent.com/UCDavisLibrary/ava/7af5b29d45aee5e6c6ce3889e9b1de19085d7107/avas/paso_robles_estrella_district.geojson",
        "source_coordinate_url": "https://raw.githubusercontent.com/UCDavisLibrary/ava/7af5b29d45aee5e6c6ce3889e9b1de19085d7107/avas_aggregated_files/avas.geojson",
        "source_commit": "7af5b29d45aee5e6c6ce3889e9b1de19085d7107",
        "source_file_sha256": "c90068f7154764519f0a7c6fb2788e597b7c56bf7581e8c0faa979554d984926",
        "source_feature_id": "paso_robles_estrella_district",
        "source_cfr_index": "9.241",
        "derivation": "widest verified interior horizontal scanline interval midpoint; 63 evenly spaced scanlines per polygon",
        "retrieved_on": "2026-09-26",
        "license": "CC0-1.0",
        "attribution": "UC Davis Library and DataLab American Viticultural Areas Project, with UCSB Library and Virginia Tech contributors",
        "label_note": "Reference marker derived from the community digitized AVA polygon. It is not a legal boundary or an official centroid."
      },
      "geometry": {
        "type": "Point",
        "coordinates": [
          -120.56431631557139,
          35.66912318788124
        ]
      }
    },
    {
      "type": "Feature",
      "properties": {
        "node": "n_geo_paso_robles_geneseo_district",
        "node_id": "n_geo_paso_robles_geneseo_district",
        "name": "Paso Robles Geneseo District",
        "parent_node_id": "n_geo_paso_robles",
        "country_node_id": "n_geo_united_states",
        "point_role": "source_polygon_interior_reference_point",
        "point_place_name": "Paso Robles Geneseo District",
        "source_url": "https://raw.githubusercontent.com/UCDavisLibrary/ava/7af5b29d45aee5e6c6ce3889e9b1de19085d7107/avas/paso_robles_geneseo_district.geojson",
        "source_coordinate_url": "https://raw.githubusercontent.com/UCDavisLibrary/ava/7af5b29d45aee5e6c6ce3889e9b1de19085d7107/avas_aggregated_files/avas.geojson",
        "source_commit": "7af5b29d45aee5e6c6ce3889e9b1de19085d7107",
        "source_file_sha256": "c90068f7154764519f0a7c6fb2788e597b7c56bf7581e8c0faa979554d984926",
        "source_feature_id": "paso_robles_geneseo_district",
        "source_cfr_index": "9.242",
        "derivation": "widest verified interior horizontal scanline interval midpoint; 63 evenly spaced scanlines per polygon",
        "retrieved_on": "2026-09-26",
        "license": "CC0-1.0",
        "attribution": "UC Davis Library and DataLab American Viticultural Areas Project, with UCSB Library and Virginia Tech contributors",
        "label_note": "Reference marker derived from the community digitized AVA polygon. It is not a legal boundary or an official centroid."
      },
      "geometry": {
        "type": "Point",
        "coordinates": [
          -120.58444407717728,
          35.640303061044975
        ]
      }
    },
    {
      "type": "Feature",
      "properties": {
        "node": "n_geo_paso_robles_highlands_district",
        "node_id": "n_geo_paso_robles_highlands_district",
        "name": "Paso Robles Highlands District",
        "parent_node_id": "n_geo_paso_robles",
        "country_node_id": "n_geo_united_states",
        "point_role": "source_polygon_interior_reference_point",
        "point_place_name": "Paso Robles Highlands District",
        "source_url": "https://raw.githubusercontent.com/UCDavisLibrary/ava/7af5b29d45aee5e6c6ce3889e9b1de19085d7107/avas/paso_robles_highlands_district.geojson",
        "source_coordinate_url": "https://raw.githubusercontent.com/UCDavisLibrary/ava/7af5b29d45aee5e6c6ce3889e9b1de19085d7107/avas_aggregated_files/avas.geojson",
        "source_commit": "7af5b29d45aee5e6c6ce3889e9b1de19085d7107",
        "source_file_sha256": "c90068f7154764519f0a7c6fb2788e597b7c56bf7581e8c0faa979554d984926",
        "source_feature_id": "paso_robles_highlands_district",
        "source_cfr_index": "9.243",
        "derivation": "widest verified interior horizontal scanline interval midpoint; 63 evenly spaced scanlines per polygon",
        "retrieved_on": "2026-09-26",
        "license": "CC0-1.0",
        "attribution": "UC Davis Library and DataLab American Viticultural Areas Project, with UCSB Library and Virginia Tech contributors",
        "label_note": "Reference marker derived from the community digitized AVA polygon. It is not a legal boundary or an official centroid."
      },
      "geometry": {
        "type": "Point",
        "coordinates": [
          -120.29168183568889,
          35.4880381015625
        ]
      }
    },
    {
      "type": "Feature",
      "properties": {
        "node": "n_geo_paso_robles_willow_creek_district",
        "node_id": "n_geo_paso_robles_willow_creek_district",
        "name": "Paso Robles Willow Creek District",
        "parent_node_id": "n_geo_paso_robles",
        "country_node_id": "n_geo_united_states",
        "point_role": "source_polygon_interior_reference_point",
        "point_place_name": "Paso Robles Willow Creek District",
        "source_url": "https://raw.githubusercontent.com/UCDavisLibrary/ava/7af5b29d45aee5e6c6ce3889e9b1de19085d7107/avas/paso_robles_willow_creek_district.geojson",
        "source_coordinate_url": "https://raw.githubusercontent.com/UCDavisLibrary/ava/7af5b29d45aee5e6c6ce3889e9b1de19085d7107/avas_aggregated_files/avas.geojson",
        "source_commit": "7af5b29d45aee5e6c6ce3889e9b1de19085d7107",
        "source_file_sha256": "c90068f7154764519f0a7c6fb2788e597b7c56bf7581e8c0faa979554d984926",
        "source_feature_id": "paso_robles_willow_creek_district",
        "source_cfr_index": "9.244",
        "derivation": "widest verified interior horizontal scanline interval midpoint; 63 evenly spaced scanlines per polygon",
        "retrieved_on": "2026-09-26",
        "license": "CC0-1.0",
        "attribution": "UC Davis Library and DataLab American Viticultural Areas Project, with UCSB Library and Virginia Tech contributors",
        "label_note": "Reference marker derived from the community digitized AVA polygon. It is not a legal boundary or an official centroid."
      },
      "geometry": {
        "type": "Point",
        "coordinates": [
          -120.7526477535146,
          35.60173546782341
        ]
      }
    },
    {
      "type": "Feature",
      "properties": {
        "node": "n_geo_san_juan_creek",
        "node_id": "n_geo_san_juan_creek",
        "name": "San Juan Creek",
        "parent_node_id": "n_geo_paso_robles",
        "country_node_id": "n_geo_united_states",
        "point_role": "source_polygon_interior_reference_point",
        "point_place_name": "San Juan Creek",
        "source_url": "https://raw.githubusercontent.com/UCDavisLibrary/ava/7af5b29d45aee5e6c6ce3889e9b1de19085d7107/avas/san_juan_creek.geojson",
        "source_coordinate_url": "https://raw.githubusercontent.com/UCDavisLibrary/ava/7af5b29d45aee5e6c6ce3889e9b1de19085d7107/avas_aggregated_files/avas.geojson",
        "source_commit": "7af5b29d45aee5e6c6ce3889e9b1de19085d7107",
        "source_file_sha256": "c90068f7154764519f0a7c6fb2788e597b7c56bf7581e8c0faa979554d984926",
        "source_feature_id": "san_juan_creek",
        "source_cfr_index": "9.245",
        "derivation": "widest verified interior horizontal scanline interval midpoint; 63 evenly spaced scanlines per polygon",
        "retrieved_on": "2026-09-26",
        "license": "CC0-1.0",
        "attribution": "UC Davis Library and DataLab American Viticultural Areas Project, with UCSB Library and Virginia Tech contributors",
        "label_note": "Reference marker derived from the community digitized AVA polygon. It is not a legal boundary or an official centroid."
      },
      "geometry": {
        "type": "Point",
        "coordinates": [
          -120.36544878207249,
          35.588020456973815
        ]
      }
    },
    {
      "type": "Feature",
      "properties": {
        "node": "n_geo_san_miguel_district",
        "node_id": "n_geo_san_miguel_district",
        "name": "San Miguel District",
        "parent_node_id": "n_geo_paso_robles",
        "country_node_id": "n_geo_united_states",
        "point_role": "source_polygon_interior_reference_point",
        "point_place_name": "San Miguel District",
        "source_url": "https://raw.githubusercontent.com/UCDavisLibrary/ava/7af5b29d45aee5e6c6ce3889e9b1de19085d7107/avas/san_miguel_district.geojson",
        "source_coordinate_url": "https://raw.githubusercontent.com/UCDavisLibrary/ava/7af5b29d45aee5e6c6ce3889e9b1de19085d7107/avas_aggregated_files/avas.geojson",
        "source_commit": "7af5b29d45aee5e6c6ce3889e9b1de19085d7107",
        "source_file_sha256": "c90068f7154764519f0a7c6fb2788e597b7c56bf7581e8c0faa979554d984926",
        "source_feature_id": "san_miguel_district",
        "source_cfr_index": "9.246",
        "derivation": "widest verified interior horizontal scanline interval midpoint; 63 evenly spaced scanlines per polygon",
        "retrieved_on": "2026-09-26",
        "license": "CC0-1.0",
        "attribution": "UC Davis Library and DataLab American Viticultural Areas Project, with UCSB Library and Virginia Tech contributors",
        "label_note": "Reference marker derived from the community digitized AVA polygon. It is not a legal boundary or an official centroid."
      },
      "geometry": {
        "type": "Point",
        "coordinates": [
          -120.67854803420299,
          35.789636607166706
        ]
      }
    },
    {
      "type": "Feature",
      "properties": {
        "node": "n_geo_santa_margarita_ranch",
        "node_id": "n_geo_santa_margarita_ranch",
        "name": "Santa Margarita Ranch",
        "parent_node_id": "n_geo_paso_robles",
        "country_node_id": "n_geo_united_states",
        "point_role": "source_polygon_interior_reference_point",
        "point_place_name": "Santa Margarita Ranch",
        "source_url": "https://raw.githubusercontent.com/UCDavisLibrary/ava/7af5b29d45aee5e6c6ce3889e9b1de19085d7107/avas/santa_margarita_ranch.geojson",
        "source_coordinate_url": "https://raw.githubusercontent.com/UCDavisLibrary/ava/7af5b29d45aee5e6c6ce3889e9b1de19085d7107/avas_aggregated_files/avas.geojson",
        "source_commit": "7af5b29d45aee5e6c6ce3889e9b1de19085d7107",
        "source_file_sha256": "c90068f7154764519f0a7c6fb2788e597b7c56bf7581e8c0faa979554d984926",
        "source_feature_id": "santa_margarita_ranch",
        "source_cfr_index": "9.247",
        "derivation": "widest verified interior horizontal scanline interval midpoint; 63 evenly spaced scanlines per polygon",
        "retrieved_on": "2026-09-26",
        "license": "CC0-1.0",
        "attribution": "UC Davis Library and DataLab American Viticultural Areas Project, with UCSB Library and Virginia Tech contributors",
        "label_note": "Reference marker derived from the community digitized AVA polygon. It is not a legal boundary or an official centroid."
      },
      "geometry": {
        "type": "Point",
        "coordinates": [
          -120.58874066037403,
          35.3699286325268
        ]
      }
    },
    {
      "type": "Feature",
      "properties": {
        "node": "n_geo_templeton_gap_district",
        "node_id": "n_geo_templeton_gap_district",
        "name": "Templeton Gap District",
        "parent_node_id": "n_geo_paso_robles",
        "country_node_id": "n_geo_united_states",
        "point_role": "source_polygon_interior_reference_point",
        "point_place_name": "Templeton Gap District",
        "source_url": "https://raw.githubusercontent.com/UCDavisLibrary/ava/7af5b29d45aee5e6c6ce3889e9b1de19085d7107/avas/templeton_gap_district.geojson",
        "source_coordinate_url": "https://raw.githubusercontent.com/UCDavisLibrary/ava/7af5b29d45aee5e6c6ce3889e9b1de19085d7107/avas_aggregated_files/avas.geojson",
        "source_commit": "7af5b29d45aee5e6c6ce3889e9b1de19085d7107",
        "source_file_sha256": "c90068f7154764519f0a7c6fb2788e597b7c56bf7581e8c0faa979554d984926",
        "source_feature_id": "templeton_gap_district",
        "source_cfr_index": "9.248",
        "derivation": "widest verified interior horizontal scanline interval midpoint; 63 evenly spaced scanlines per polygon",
        "retrieved_on": "2026-09-26",
        "license": "CC0-1.0",
        "attribution": "UC Davis Library and DataLab American Viticultural Areas Project, with UCSB Library and Virginia Tech contributors",
        "label_note": "Reference marker derived from the community digitized AVA polygon. It is not a legal boundary or an official centroid."
      },
      "geometry": {
        "type": "Point",
        "coordinates": [
          -120.72507066310085,
          35.54095457166681
        ]
      }
    },
    {
      "type": "Feature",
      "properties": {
        "node": "n_geo_ballard_canyon",
        "node_id": "n_geo_ballard_canyon",
        "name": "Ballard Canyon",
        "parent_node_id": "n_geo_santa_ynez_valley",
        "country_node_id": "n_geo_united_states",
        "point_role": "source_polygon_interior_reference_point",
        "point_place_name": "Ballard Canyon",
        "source_url": "https://raw.githubusercontent.com/UCDavisLibrary/ava/7af5b29d45aee5e6c6ce3889e9b1de19085d7107/avas/ballard_canyon.geojson",
        "source_coordinate_url": "https://raw.githubusercontent.com/UCDavisLibrary/ava/7af5b29d45aee5e6c6ce3889e9b1de19085d7107/avas_aggregated_files/avas.geojson",
        "source_commit": "7af5b29d45aee5e6c6ce3889e9b1de19085d7107",
        "source_file_sha256": "c90068f7154764519f0a7c6fb2788e597b7c56bf7581e8c0faa979554d984926",
        "source_feature_id": "ballard_canyon",
        "source_cfr_index": "9.230",
        "derivation": "widest verified interior horizontal scanline interval midpoint; 63 evenly spaced scanlines per polygon",
        "retrieved_on": "2026-09-26",
        "license": "CC0-1.0",
        "attribution": "UC Davis Library and DataLab American Viticultural Areas Project, with UCSB Library and Virginia Tech contributors",
        "label_note": "Reference marker derived from the community digitized AVA polygon. It is not a legal boundary or an official centroid."
      },
      "geometry": {
        "type": "Point",
        "coordinates": [
          -120.15228567668021,
          34.64811305635142
        ]
      }
    },
    {
      "type": "Feature",
      "properties": {
        "node": "n_geo_los_olivos_district",
        "node_id": "n_geo_los_olivos_district",
        "name": "Los Olivos District",
        "parent_node_id": "n_geo_santa_ynez_valley",
        "country_node_id": "n_geo_united_states",
        "point_role": "source_polygon_interior_reference_point",
        "point_place_name": "Los Olivos District",
        "source_url": "https://raw.githubusercontent.com/UCDavisLibrary/ava/7af5b29d45aee5e6c6ce3889e9b1de19085d7107/avas/los_olivos_district.geojson",
        "source_coordinate_url": "https://raw.githubusercontent.com/UCDavisLibrary/ava/7af5b29d45aee5e6c6ce3889e9b1de19085d7107/avas_aggregated_files/avas.geojson",
        "source_commit": "7af5b29d45aee5e6c6ce3889e9b1de19085d7107",
        "source_file_sha256": "c90068f7154764519f0a7c6fb2788e597b7c56bf7581e8c0faa979554d984926",
        "source_feature_id": "los_olivos_district",
        "source_cfr_index": "9.253",
        "derivation": "widest verified interior horizontal scanline interval midpoint; 63 evenly spaced scanlines per polygon",
        "retrieved_on": "2026-09-26",
        "license": "CC0-1.0",
        "attribution": "UC Davis Library and DataLab American Viticultural Areas Project, with UCSB Library and Virginia Tech contributors",
        "label_note": "Reference marker derived from the community digitized AVA polygon. It is not a legal boundary or an official centroid."
      },
      "geometry": {
        "type": "Point",
        "coordinates": [
          -120.09278582703615,
          34.59181551666171
        ]
      }
    },
    {
      "type": "Feature",
      "properties": {
        "node": "n_geo_happy_canyon_of_santa_barbara",
        "node_id": "n_geo_happy_canyon_of_santa_barbara",
        "name": "Happy Canyon of Santa Barbara",
        "parent_node_id": "n_geo_santa_ynez_valley",
        "country_node_id": "n_geo_united_states",
        "point_role": "source_polygon_interior_reference_point",
        "point_place_name": "Happy Canyon of Santa Barbara",
        "source_url": "https://raw.githubusercontent.com/UCDavisLibrary/ava/7af5b29d45aee5e6c6ce3889e9b1de19085d7107/avas/happy_canyon_of_santa_barbara.geojson",
        "source_coordinate_url": "https://raw.githubusercontent.com/UCDavisLibrary/ava/7af5b29d45aee5e6c6ce3889e9b1de19085d7107/avas_aggregated_files/avas.geojson",
        "source_commit": "7af5b29d45aee5e6c6ce3889e9b1de19085d7107",
        "source_file_sha256": "c90068f7154764519f0a7c6fb2788e597b7c56bf7581e8c0faa979554d984926",
        "source_feature_id": "happy_canyon_of_santa_barbara",
        "source_cfr_index": "9.217",
        "derivation": "widest verified interior horizontal scanline interval midpoint; 63 evenly spaced scanlines per polygon",
        "retrieved_on": "2026-09-26",
        "license": "CC0-1.0",
        "attribution": "UC Davis Library and DataLab American Viticultural Areas Project, with UCSB Library and Virginia Tech contributors",
        "label_note": "Reference marker derived from the community digitized AVA polygon. It is not a legal boundary or an official centroid."
      },
      "geometry": {
        "type": "Point",
        "coordinates": [
          -119.99554297217955,
          34.67768738978348
        ]
      }
    },
    {
      "type": "Feature",
      "properties": {
        "node": "n_geo_alisos_canyon",
        "node_id": "n_geo_alisos_canyon",
        "name": "Alisos Canyon",
        "parent_node_id": "n_geo_central_coast",
        "country_node_id": "n_geo_united_states",
        "point_role": "source_polygon_interior_reference_point",
        "point_place_name": "Alisos Canyon",
        "source_url": "https://raw.githubusercontent.com/UCDavisLibrary/ava/7af5b29d45aee5e6c6ce3889e9b1de19085d7107/avas/alisos_canyon.geojson",
        "source_coordinate_url": "https://raw.githubusercontent.com/UCDavisLibrary/ava/7af5b29d45aee5e6c6ce3889e9b1de19085d7107/avas_aggregated_files/avas.geojson",
        "source_commit": "7af5b29d45aee5e6c6ce3889e9b1de19085d7107",
        "source_file_sha256": "c90068f7154764519f0a7c6fb2788e597b7c56bf7581e8c0faa979554d984926",
        "source_feature_id": "alisos_canyon",
        "source_cfr_index": "9.270",
        "derivation": "widest verified interior horizontal scanline interval midpoint; 63 evenly spaced scanlines per polygon",
        "retrieved_on": "2026-09-26",
        "license": "CC0-1.0",
        "attribution": "UC Davis Library and DataLab American Viticultural Areas Project, with UCSB Library and Virginia Tech contributors",
        "label_note": "Reference marker derived from the community digitized AVA polygon. It is not a legal boundary or an official centroid."
      },
      "geometry": {
        "type": "Point",
        "coordinates": [
          -120.19879541530581,
          34.760931505449406
        ]
      }
    },
    {
      "type": "Feature",
      "properties": {
        "node": "n_geo_monterey_ava",
        "node_id": "n_geo_monterey_ava",
        "name": "Monterey",
        "parent_node_id": "n_geo_central_coast",
        "country_node_id": "n_geo_united_states",
        "point_role": "source_polygon_interior_reference_point",
        "point_place_name": "Monterey",
        "source_url": "https://raw.githubusercontent.com/UCDavisLibrary/ava/7af5b29d45aee5e6c6ce3889e9b1de19085d7107/avas/monterey.geojson",
        "source_coordinate_url": "https://raw.githubusercontent.com/UCDavisLibrary/ava/7af5b29d45aee5e6c6ce3889e9b1de19085d7107/avas_aggregated_files/avas.geojson",
        "source_commit": "7af5b29d45aee5e6c6ce3889e9b1de19085d7107",
        "source_file_sha256": "c90068f7154764519f0a7c6fb2788e597b7c56bf7581e8c0faa979554d984926",
        "source_feature_id": "monterey",
        "source_cfr_index": "9.98",
        "derivation": "widest verified interior horizontal scanline interval midpoint; 63 evenly spaced scanlines per polygon",
        "retrieved_on": "2026-09-26",
        "license": "CC0-1.0",
        "attribution": "UC Davis Library and DataLab American Viticultural Areas Project, with UCSB Library and Virginia Tech contributors",
        "label_note": "Reference marker derived from the community digitized AVA polygon. It is not a legal boundary or an official centroid."
      },
      "geometry": {
        "type": "Point",
        "coordinates": [
          -121.2388179165966,
          36.25000147734418
        ]
      }
    },
    {
      "type": "Feature",
      "properties": {
        "node": "n_geo_arroyo_seco",
        "node_id": "n_geo_arroyo_seco",
        "name": "Arroyo Seco",
        "parent_node_id": "n_geo_monterey_ava",
        "country_node_id": "n_geo_united_states",
        "point_role": "source_polygon_interior_reference_point",
        "point_place_name": "Arroyo Seco",
        "source_url": "https://raw.githubusercontent.com/UCDavisLibrary/ava/7af5b29d45aee5e6c6ce3889e9b1de19085d7107/avas/arroyo_seco.geojson",
        "source_coordinate_url": "https://raw.githubusercontent.com/UCDavisLibrary/ava/7af5b29d45aee5e6c6ce3889e9b1de19085d7107/avas_aggregated_files/avas.geojson",
        "source_commit": "7af5b29d45aee5e6c6ce3889e9b1de19085d7107",
        "source_file_sha256": "c90068f7154764519f0a7c6fb2788e597b7c56bf7581e8c0faa979554d984926",
        "source_feature_id": "arroyo_seco",
        "source_cfr_index": "9.59",
        "derivation": "widest verified interior horizontal scanline interval midpoint; 63 evenly spaced scanlines per polygon",
        "retrieved_on": "2026-09-26",
        "license": "CC0-1.0",
        "attribution": "UC Davis Library and DataLab American Viticultural Areas Project, with UCSB Library and Virginia Tech contributors",
        "label_note": "Reference marker derived from the community digitized AVA polygon. It is not a legal boundary or an official centroid."
      },
      "geometry": {
        "type": "Point",
        "coordinates": [
          -121.25621745936974,
          36.31383360962998
        ]
      }
    },
    {
      "type": "Feature",
      "properties": {
        "node": "n_geo_anderson_valley",
        "node_id": "n_geo_anderson_valley",
        "name": "Anderson Valley",
        "parent_node_id": "n_geo_mendocino_ava",
        "country_node_id": "n_geo_united_states",
        "point_role": "source_polygon_interior_reference_point",
        "point_place_name": "Anderson Valley",
        "source_url": "https://raw.githubusercontent.com/UCDavisLibrary/ava/7af5b29d45aee5e6c6ce3889e9b1de19085d7107/avas/anderson_valley.geojson",
        "source_coordinate_url": "https://raw.githubusercontent.com/UCDavisLibrary/ava/7af5b29d45aee5e6c6ce3889e9b1de19085d7107/avas_aggregated_files/avas.geojson",
        "source_commit": "7af5b29d45aee5e6c6ce3889e9b1de19085d7107",
        "source_file_sha256": "c90068f7154764519f0a7c6fb2788e597b7c56bf7581e8c0faa979554d984926",
        "source_feature_id": "anderson_valley",
        "source_cfr_index": "9.86",
        "derivation": "widest verified interior horizontal scanline interval midpoint; 63 evenly spaced scanlines per polygon",
        "retrieved_on": "2026-09-26",
        "license": "CC0-1.0",
        "attribution": "UC Davis Library and DataLab American Viticultural Areas Project, with UCSB Library and Virginia Tech contributors",
        "label_note": "Reference marker derived from the community digitized AVA polygon. It is not a legal boundary or an official centroid."
      },
      "geometry": {
        "type": "Point",
        "coordinates": [
          -123.51501519768289,
          39.09637888297816
        ]
      }
    },
    {
      "type": "Feature",
      "properties": {
        "node": "n_geo_mendocino_ava",
        "node_id": "n_geo_mendocino_ava",
        "name": "Mendocino",
        "parent_node_id": "n_geo_north_coast_us",
        "country_node_id": "n_geo_united_states",
        "point_role": "source_polygon_interior_reference_point",
        "point_place_name": "Mendocino",
        "source_url": "https://raw.githubusercontent.com/UCDavisLibrary/ava/7af5b29d45aee5e6c6ce3889e9b1de19085d7107/avas/mendocino.geojson",
        "source_coordinate_url": "https://raw.githubusercontent.com/UCDavisLibrary/ava/7af5b29d45aee5e6c6ce3889e9b1de19085d7107/avas_aggregated_files/avas.geojson",
        "source_commit": "7af5b29d45aee5e6c6ce3889e9b1de19085d7107",
        "source_file_sha256": "c90068f7154764519f0a7c6fb2788e597b7c56bf7581e8c0faa979554d984926",
        "source_feature_id": "mendocino",
        "source_cfr_index": "9.93",
        "derivation": "widest verified interior horizontal scanline interval midpoint; 63 evenly spaced scanlines per polygon",
        "retrieved_on": "2026-09-26",
        "license": "CC0-1.0",
        "attribution": "UC Davis Library and DataLab American Viticultural Areas Project, with UCSB Library and Virginia Tech contributors",
        "label_note": "Reference marker derived from the community digitized AVA polygon. It is not a legal boundary or an official centroid."
      },
      "geometry": {
        "type": "Point",
        "coordinates": [
          -123.225308682379,
          39.00314658595123
        ]
      }
    },
    {
      "type": "Feature",
      "properties": {
        "node": "n_geo_santa_cruz_mountains",
        "node_id": "n_geo_santa_cruz_mountains",
        "name": "Santa Cruz Mountains",
        "parent_node_id": "n_geo_california",
        "country_node_id": "n_geo_united_states",
        "point_role": "source_polygon_interior_reference_point",
        "point_place_name": "Santa Cruz Mountains",
        "source_url": "https://raw.githubusercontent.com/UCDavisLibrary/ava/7af5b29d45aee5e6c6ce3889e9b1de19085d7107/avas/santa_cruz_mountains.geojson",
        "source_coordinate_url": "https://raw.githubusercontent.com/UCDavisLibrary/ava/7af5b29d45aee5e6c6ce3889e9b1de19085d7107/avas_aggregated_files/avas.geojson",
        "source_commit": "7af5b29d45aee5e6c6ce3889e9b1de19085d7107",
        "source_file_sha256": "c90068f7154764519f0a7c6fb2788e597b7c56bf7581e8c0faa979554d984926",
        "source_feature_id": "santa_cruz_mountains",
        "source_cfr_index": "9.31",
        "derivation": "widest verified interior horizontal scanline interval midpoint; 63 evenly spaced scanlines per polygon",
        "retrieved_on": "2026-09-26",
        "license": "CC0-1.0",
        "attribution": "UC Davis Library and DataLab American Viticultural Areas Project, with UCSB Library and Virginia Tech contributors",
        "label_note": "Reference marker derived from the community digitized AVA polygon. It is not a legal boundary or an official centroid."
      },
      "geometry": {
        "type": "Point",
        "coordinates": [
          -122.00764880424657,
          37.128087151906776
        ]
      }
    },
    {
      "type": "Feature",
      "properties": {
        "node": "n_geo_lodi",
        "node_id": "n_geo_lodi",
        "name": "Lodi",
        "parent_node_id": "n_geo_california",
        "country_node_id": "n_geo_united_states",
        "point_role": "source_polygon_interior_reference_point",
        "point_place_name": "Lodi",
        "source_url": "https://raw.githubusercontent.com/UCDavisLibrary/ava/7af5b29d45aee5e6c6ce3889e9b1de19085d7107/avas/lodi.geojson",
        "source_coordinate_url": "https://raw.githubusercontent.com/UCDavisLibrary/ava/7af5b29d45aee5e6c6ce3889e9b1de19085d7107/avas_aggregated_files/avas.geojson",
        "source_commit": "7af5b29d45aee5e6c6ce3889e9b1de19085d7107",
        "source_file_sha256": "c90068f7154764519f0a7c6fb2788e597b7c56bf7581e8c0faa979554d984926",
        "source_feature_id": "lodi",
        "source_cfr_index": "9.107",
        "derivation": "widest verified interior horizontal scanline interval midpoint; 63 evenly spaced scanlines per polygon",
        "retrieved_on": "2026-09-26",
        "license": "CC0-1.0",
        "attribution": "UC Davis Library and DataLab American Viticultural Areas Project, with UCSB Library and Virginia Tech contributors",
        "label_note": "Reference marker derived from the community digitized AVA polygon. It is not a legal boundary or an official centroid."
      },
      "geometry": {
        "type": "Point",
        "coordinates": [
          -121.1967983712394,
          38.09048476761113
        ]
      }
    },
    {
      "type": "Feature",
      "properties": {
        "node": "n_geo_alta_mesa",
        "node_id": "n_geo_alta_mesa",
        "name": "Alta Mesa",
        "parent_node_id": "n_geo_lodi",
        "country_node_id": "n_geo_united_states",
        "point_role": "source_polygon_interior_reference_point",
        "point_place_name": "Alta Mesa",
        "source_url": "https://raw.githubusercontent.com/UCDavisLibrary/ava/7af5b29d45aee5e6c6ce3889e9b1de19085d7107/avas/alta_mesa.geojson",
        "source_coordinate_url": "https://raw.githubusercontent.com/UCDavisLibrary/ava/7af5b29d45aee5e6c6ce3889e9b1de19085d7107/avas_aggregated_files/avas.geojson",
        "source_commit": "7af5b29d45aee5e6c6ce3889e9b1de19085d7107",
        "source_file_sha256": "c90068f7154764519f0a7c6fb2788e597b7c56bf7581e8c0faa979554d984926",
        "source_feature_id": "alta_mesa",
        "source_cfr_index": "9.195",
        "derivation": "widest verified interior horizontal scanline interval midpoint; 63 evenly spaced scanlines per polygon",
        "retrieved_on": "2026-09-26",
        "license": "CC0-1.0",
        "attribution": "UC Davis Library and DataLab American Viticultural Areas Project, with UCSB Library and Virginia Tech contributors",
        "label_note": "Reference marker derived from the community digitized AVA polygon. It is not a legal boundary or an official centroid."
      },
      "geometry": {
        "type": "Point",
        "coordinates": [
          -121.29673484917407,
          38.40092543821349
        ]
      }
    },
    {
      "type": "Feature",
      "properties": {
        "node": "n_geo_borden_ranch",
        "node_id": "n_geo_borden_ranch",
        "name": "Borden Ranch",
        "parent_node_id": "n_geo_lodi",
        "country_node_id": "n_geo_united_states",
        "point_role": "source_polygon_interior_reference_point",
        "point_place_name": "Borden Ranch",
        "source_url": "https://raw.githubusercontent.com/UCDavisLibrary/ava/7af5b29d45aee5e6c6ce3889e9b1de19085d7107/avas/borden_ranch.geojson",
        "source_coordinate_url": "https://raw.githubusercontent.com/UCDavisLibrary/ava/7af5b29d45aee5e6c6ce3889e9b1de19085d7107/avas_aggregated_files/avas.geojson",
        "source_commit": "7af5b29d45aee5e6c6ce3889e9b1de19085d7107",
        "source_file_sha256": "c90068f7154764519f0a7c6fb2788e597b7c56bf7581e8c0faa979554d984926",
        "source_feature_id": "borden_ranch",
        "source_cfr_index": "9.196",
        "derivation": "widest verified interior horizontal scanline interval midpoint; 63 evenly spaced scanlines per polygon",
        "retrieved_on": "2026-09-26",
        "license": "CC0-1.0",
        "attribution": "UC Davis Library and DataLab American Viticultural Areas Project, with UCSB Library and Virginia Tech contributors",
        "label_note": "Reference marker derived from the community digitized AVA polygon. It is not a legal boundary or an official centroid."
      },
      "geometry": {
        "type": "Point",
        "coordinates": [
          -121.12553394237672,
          38.294031324826136
        ]
      }
    },
    {
      "type": "Feature",
      "properties": {
        "node": "n_geo_clements_hills",
        "node_id": "n_geo_clements_hills",
        "name": "Clements Hills",
        "parent_node_id": "n_geo_lodi",
        "country_node_id": "n_geo_united_states",
        "point_role": "source_polygon_interior_reference_point",
        "point_place_name": "Clements Hills",
        "source_url": "https://raw.githubusercontent.com/UCDavisLibrary/ava/7af5b29d45aee5e6c6ce3889e9b1de19085d7107/avas/clements_hills.geojson",
        "source_coordinate_url": "https://raw.githubusercontent.com/UCDavisLibrary/ava/7af5b29d45aee5e6c6ce3889e9b1de19085d7107/avas_aggregated_files/avas.geojson",
        "source_commit": "7af5b29d45aee5e6c6ce3889e9b1de19085d7107",
        "source_file_sha256": "c90068f7154764519f0a7c6fb2788e597b7c56bf7581e8c0faa979554d984926",
        "source_feature_id": "clements_hills",
        "source_cfr_index": "9.197",
        "derivation": "widest verified interior horizontal scanline interval midpoint; 63 evenly spaced scanlines per polygon",
        "retrieved_on": "2026-09-26",
        "license": "CC0-1.0",
        "attribution": "UC Davis Library and DataLab American Viticultural Areas Project, with UCSB Library and Virginia Tech contributors",
        "label_note": "Reference marker derived from the community digitized AVA polygon. It is not a legal boundary or an official centroid."
      },
      "geometry": {
        "type": "Point",
        "coordinates": [
          -121.03816036502775,
          38.07668746993779
        ]
      }
    },
    {
      "type": "Feature",
      "properties": {
        "node": "n_geo_cosumnes_river",
        "node_id": "n_geo_cosumnes_river",
        "name": "Cosumnes River",
        "parent_node_id": "n_geo_lodi",
        "country_node_id": "n_geo_united_states",
        "point_role": "source_polygon_interior_reference_point",
        "point_place_name": "Cosumnes River",
        "source_url": "https://raw.githubusercontent.com/UCDavisLibrary/ava/7af5b29d45aee5e6c6ce3889e9b1de19085d7107/avas/cosumnes_river.geojson",
        "source_coordinate_url": "https://raw.githubusercontent.com/UCDavisLibrary/ava/7af5b29d45aee5e6c6ce3889e9b1de19085d7107/avas_aggregated_files/avas.geojson",
        "source_commit": "7af5b29d45aee5e6c6ce3889e9b1de19085d7107",
        "source_file_sha256": "c90068f7154764519f0a7c6fb2788e597b7c56bf7581e8c0faa979554d984926",
        "source_feature_id": "cosumnes_river",
        "source_cfr_index": "9.198",
        "derivation": "widest verified interior horizontal scanline interval midpoint; 63 evenly spaced scanlines per polygon",
        "retrieved_on": "2026-09-26",
        "license": "CC0-1.0",
        "attribution": "UC Davis Library and DataLab American Viticultural Areas Project, with UCSB Library and Virginia Tech contributors",
        "label_note": "Reference marker derived from the community digitized AVA polygon. It is not a legal boundary or an official centroid."
      },
      "geometry": {
        "type": "Point",
        "coordinates": [
          -121.3861301652444,
          38.277367698964625
        ]
      }
    },
    {
      "type": "Feature",
      "properties": {
        "node": "n_geo_jahant",
        "node_id": "n_geo_jahant",
        "name": "Jahant",
        "parent_node_id": "n_geo_lodi",
        "country_node_id": "n_geo_united_states",
        "point_role": "source_polygon_interior_reference_point",
        "point_place_name": "Jahant",
        "source_url": "https://raw.githubusercontent.com/UCDavisLibrary/ava/7af5b29d45aee5e6c6ce3889e9b1de19085d7107/avas/jahant.geojson",
        "source_coordinate_url": "https://raw.githubusercontent.com/UCDavisLibrary/ava/7af5b29d45aee5e6c6ce3889e9b1de19085d7107/avas_aggregated_files/avas.geojson",
        "source_commit": "7af5b29d45aee5e6c6ce3889e9b1de19085d7107",
        "source_file_sha256": "c90068f7154764519f0a7c6fb2788e597b7c56bf7581e8c0faa979554d984926",
        "source_feature_id": "jahant",
        "source_cfr_index": "9.199",
        "derivation": "widest verified interior horizontal scanline interval midpoint; 63 evenly spaced scanlines per polygon",
        "retrieved_on": "2026-09-26",
        "license": "CC0-1.0",
        "attribution": "UC Davis Library and DataLab American Viticultural Areas Project, with UCSB Library and Virginia Tech contributors",
        "label_note": "Reference marker derived from the community digitized AVA polygon. It is not a legal boundary or an official centroid."
      },
      "geometry": {
        "type": "Point",
        "coordinates": [
          -121.29523911762234,
          38.23669867209708
        ]
      }
    },
    {
      "type": "Feature",
      "properties": {
        "node": "n_geo_mokelumne_river",
        "node_id": "n_geo_mokelumne_river",
        "name": "Mokelumne River",
        "parent_node_id": "n_geo_lodi",
        "country_node_id": "n_geo_united_states",
        "point_role": "source_polygon_interior_reference_point",
        "point_place_name": "Mokelumne River",
        "source_url": "https://raw.githubusercontent.com/UCDavisLibrary/ava/7af5b29d45aee5e6c6ce3889e9b1de19085d7107/avas/mokelumne_river.geojson",
        "source_coordinate_url": "https://raw.githubusercontent.com/UCDavisLibrary/ava/7af5b29d45aee5e6c6ce3889e9b1de19085d7107/avas_aggregated_files/avas.geojson",
        "source_commit": "7af5b29d45aee5e6c6ce3889e9b1de19085d7107",
        "source_file_sha256": "c90068f7154764519f0a7c6fb2788e597b7c56bf7581e8c0faa979554d984926",
        "source_feature_id": "mokelumne_river",
        "source_cfr_index": "9.200",
        "derivation": "widest verified interior horizontal scanline interval midpoint; 63 evenly spaced scanlines per polygon",
        "retrieved_on": "2026-09-26",
        "license": "CC0-1.0",
        "attribution": "UC Davis Library and DataLab American Viticultural Areas Project, with UCSB Library and Virginia Tech contributors",
        "label_note": "Reference marker derived from the community digitized AVA polygon. It is not a legal boundary or an official centroid."
      },
      "geometry": {
        "type": "Point",
        "coordinates": [
          -121.27475377304424,
          38.163285099468524
        ]
      }
    },
    {
      "type": "Feature",
      "properties": {
        "node": "n_geo_sloughhouse",
        "node_id": "n_geo_sloughhouse",
        "name": "Sloughhouse",
        "parent_node_id": "n_geo_lodi",
        "country_node_id": "n_geo_united_states",
        "point_role": "source_polygon_interior_reference_point",
        "point_place_name": "Sloughhouse",
        "source_url": "https://raw.githubusercontent.com/UCDavisLibrary/ava/7af5b29d45aee5e6c6ce3889e9b1de19085d7107/avas/sloughhouse.geojson",
        "source_coordinate_url": "https://raw.githubusercontent.com/UCDavisLibrary/ava/7af5b29d45aee5e6c6ce3889e9b1de19085d7107/avas_aggregated_files/avas.geojson",
        "source_commit": "7af5b29d45aee5e6c6ce3889e9b1de19085d7107",
        "source_file_sha256": "c90068f7154764519f0a7c6fb2788e597b7c56bf7581e8c0faa979554d984926",
        "source_feature_id": "sloughhouse",
        "source_cfr_index": "9.201",
        "derivation": "widest verified interior horizontal scanline interval midpoint; 63 evenly spaced scanlines per polygon",
        "retrieved_on": "2026-09-26",
        "license": "CC0-1.0",
        "attribution": "UC Davis Library and DataLab American Viticultural Areas Project, with UCSB Library and Virginia Tech contributors",
        "label_note": "Reference marker derived from the community digitized AVA polygon. It is not a legal boundary or an official centroid."
      },
      "geometry": {
        "type": "Point",
        "coordinates": [
          -121.16305972319046,
          38.429787417805485
        ]
      }
    },
    {
      "type": "Feature",
      "properties": {
        "node": "n_geo_horse_heaven_hills",
        "node_id": "n_geo_horse_heaven_hills",
        "name": "Horse Heaven Hills",
        "parent_node_id": "n_geo_columbia_valley",
        "country_node_id": "n_geo_united_states",
        "point_role": "source_polygon_interior_reference_point",
        "point_place_name": "Horse Heaven Hills",
        "source_url": "https://raw.githubusercontent.com/UCDavisLibrary/ava/7af5b29d45aee5e6c6ce3889e9b1de19085d7107/avas/horse_heaven_hills.geojson",
        "source_coordinate_url": "https://raw.githubusercontent.com/UCDavisLibrary/ava/7af5b29d45aee5e6c6ce3889e9b1de19085d7107/avas_aggregated_files/avas.geojson",
        "source_commit": "7af5b29d45aee5e6c6ce3889e9b1de19085d7107",
        "source_file_sha256": "c90068f7154764519f0a7c6fb2788e597b7c56bf7581e8c0faa979554d984926",
        "source_feature_id": "horse_heaven_hills",
        "source_cfr_index": "9.188",
        "derivation": "widest verified interior horizontal scanline interval midpoint; 63 evenly spaced scanlines per polygon",
        "retrieved_on": "2026-09-26",
        "license": "CC0-1.0",
        "attribution": "UC Davis Library and DataLab American Viticultural Areas Project, with UCSB Library and Virginia Tech contributors",
        "label_note": "Reference marker derived from the community digitized AVA polygon. It is not a legal boundary or an official centroid."
      },
      "geometry": {
        "type": "Point",
        "coordinates": [
          -119.53088891569286,
          45.98508836902306
        ]
      }
    },
    {
      "type": "Feature",
      "properties": {
        "node": "n_geo_wahluke_slope",
        "node_id": "n_geo_wahluke_slope",
        "name": "Wahluke Slope",
        "parent_node_id": "n_geo_columbia_valley",
        "country_node_id": "n_geo_united_states",
        "point_role": "source_polygon_interior_reference_point",
        "point_place_name": "Wahluke Slope",
        "source_url": "https://raw.githubusercontent.com/UCDavisLibrary/ava/7af5b29d45aee5e6c6ce3889e9b1de19085d7107/avas/wahluke_slope.geojson",
        "source_coordinate_url": "https://raw.githubusercontent.com/UCDavisLibrary/ava/7af5b29d45aee5e6c6ce3889e9b1de19085d7107/avas_aggregated_files/avas.geojson",
        "source_commit": "7af5b29d45aee5e6c6ce3889e9b1de19085d7107",
        "source_file_sha256": "c90068f7154764519f0a7c6fb2788e597b7c56bf7581e8c0faa979554d984926",
        "source_feature_id": "wahluke_slope",
        "source_cfr_index": "9.192",
        "derivation": "widest verified interior horizontal scanline interval midpoint; 63 evenly spaced scanlines per polygon",
        "retrieved_on": "2026-09-26",
        "license": "CC0-1.0",
        "attribution": "UC Davis Library and DataLab American Viticultural Areas Project, with UCSB Library and Virginia Tech contributors",
        "label_note": "Reference marker derived from the community digitized AVA polygon. It is not a legal boundary or an official centroid."
      },
      "geometry": {
        "type": "Point",
        "coordinates": [
          -119.77624434755087,
          46.75962416796215
        ]
      }
    },
    {
      "type": "Feature",
      "properties": {
        "node": "n_geo_ancient_lakes_of_columbia_valley",
        "node_id": "n_geo_ancient_lakes_of_columbia_valley",
        "name": "Ancient Lakes of Columbia Valley",
        "parent_node_id": "n_geo_columbia_valley",
        "country_node_id": "n_geo_united_states",
        "point_role": "source_polygon_interior_reference_point",
        "point_place_name": "Ancient Lakes of Columbia Valley",
        "source_url": "https://raw.githubusercontent.com/UCDavisLibrary/ava/7af5b29d45aee5e6c6ce3889e9b1de19085d7107/avas/ancient_lakes_of_columbia_valley.geojson",
        "source_coordinate_url": "https://raw.githubusercontent.com/UCDavisLibrary/ava/7af5b29d45aee5e6c6ce3889e9b1de19085d7107/avas_aggregated_files/avas.geojson",
        "source_commit": "7af5b29d45aee5e6c6ce3889e9b1de19085d7107",
        "source_file_sha256": "c90068f7154764519f0a7c6fb2788e597b7c56bf7581e8c0faa979554d984926",
        "source_feature_id": "ancient_lakes_of_columbia_valley",
        "source_cfr_index": "9.227",
        "derivation": "widest verified interior horizontal scanline interval midpoint; 63 evenly spaced scanlines per polygon",
        "retrieved_on": "2026-09-26",
        "license": "CC0-1.0",
        "attribution": "UC Davis Library and DataLab American Viticultural Areas Project, with UCSB Library and Virginia Tech contributors",
        "label_note": "Reference marker derived from the community digitized AVA polygon. It is not a legal boundary or an official centroid."
      },
      "geometry": {
        "type": "Point",
        "coordinates": [
          -119.92059654891678,
          47.2451883828125
        ]
      }
    },
    {
      "type": "Feature",
      "properties": {
        "node": "n_geo_lake_chelan",
        "node_id": "n_geo_lake_chelan",
        "name": "Lake Chelan",
        "parent_node_id": "n_geo_columbia_valley",
        "country_node_id": "n_geo_united_states",
        "point_role": "source_polygon_interior_reference_point",
        "point_place_name": "Lake Chelan",
        "source_url": "https://raw.githubusercontent.com/UCDavisLibrary/ava/7af5b29d45aee5e6c6ce3889e9b1de19085d7107/avas/lake_chelan.geojson",
        "source_coordinate_url": "https://raw.githubusercontent.com/UCDavisLibrary/ava/7af5b29d45aee5e6c6ce3889e9b1de19085d7107/avas_aggregated_files/avas.geojson",
        "source_commit": "7af5b29d45aee5e6c6ce3889e9b1de19085d7107",
        "source_file_sha256": "c90068f7154764519f0a7c6fb2788e597b7c56bf7581e8c0faa979554d984926",
        "source_feature_id": "lake_chelan",
        "source_cfr_index": "9.215",
        "derivation": "widest verified interior horizontal scanline interval midpoint; 63 evenly spaced scanlines per polygon",
        "retrieved_on": "2026-09-26",
        "license": "CC0-1.0",
        "attribution": "UC Davis Library and DataLab American Viticultural Areas Project, with UCSB Library and Virginia Tech contributors",
        "label_note": "Reference marker derived from the community digitized AVA polygon. It is not a legal boundary or an official centroid."
      },
      "geometry": {
        "type": "Point",
        "coordinates": [
          -120.10414315183047,
          47.85518375
        ]
      }
    },
    {
      "type": "Feature",
      "properties": {
        "node": "n_geo_naches_heights",
        "node_id": "n_geo_naches_heights",
        "name": "Naches Heights",
        "parent_node_id": "n_geo_columbia_valley",
        "country_node_id": "n_geo_united_states",
        "point_role": "source_polygon_interior_reference_point",
        "point_place_name": "Naches Heights",
        "source_url": "https://raw.githubusercontent.com/UCDavisLibrary/ava/7af5b29d45aee5e6c6ce3889e9b1de19085d7107/avas/naches_heights.geojson",
        "source_coordinate_url": "https://raw.githubusercontent.com/UCDavisLibrary/ava/7af5b29d45aee5e6c6ce3889e9b1de19085d7107/avas_aggregated_files/avas.geojson",
        "source_commit": "7af5b29d45aee5e6c6ce3889e9b1de19085d7107",
        "source_file_sha256": "c90068f7154764519f0a7c6fb2788e597b7c56bf7581e8c0faa979554d984926",
        "source_feature_id": "naches_heights",
        "source_cfr_index": "9.222",
        "derivation": "widest verified interior horizontal scanline interval midpoint; 63 evenly spaced scanlines per polygon",
        "retrieved_on": "2026-09-26",
        "license": "CC0-1.0",
        "attribution": "UC Davis Library and DataLab American Viticultural Areas Project, with UCSB Library and Virginia Tech contributors",
        "label_note": "Reference marker derived from the community digitized AVA polygon. It is not a legal boundary or an official centroid."
      },
      "geometry": {
        "type": "Point",
        "coordinates": [
          -120.62341827754011,
          46.629744967306685
        ]
      }
    },
    {
      "type": "Feature",
      "properties": {
        "node": "n_geo_royal_slope",
        "node_id": "n_geo_royal_slope",
        "name": "Royal Slope",
        "parent_node_id": "n_geo_columbia_valley",
        "country_node_id": "n_geo_united_states",
        "point_role": "source_polygon_interior_reference_point",
        "point_place_name": "Royal Slope",
        "source_url": "https://raw.githubusercontent.com/UCDavisLibrary/ava/7af5b29d45aee5e6c6ce3889e9b1de19085d7107/avas/royal_slope.geojson",
        "source_coordinate_url": "https://raw.githubusercontent.com/UCDavisLibrary/ava/7af5b29d45aee5e6c6ce3889e9b1de19085d7107/avas_aggregated_files/avas.geojson",
        "source_commit": "7af5b29d45aee5e6c6ce3889e9b1de19085d7107",
        "source_file_sha256": "c90068f7154764519f0a7c6fb2788e597b7c56bf7581e8c0faa979554d984926",
        "source_feature_id": "royal_slope",
        "source_cfr_index": "9.271",
        "derivation": "widest verified interior horizontal scanline interval midpoint; 63 evenly spaced scanlines per polygon",
        "retrieved_on": "2026-09-26",
        "license": "CC0-1.0",
        "attribution": "UC Davis Library and DataLab American Viticultural Areas Project, with UCSB Library and Virginia Tech contributors",
        "label_note": "Reference marker derived from the community digitized AVA polygon. It is not a legal boundary or an official centroid."
      },
      "geometry": {
        "type": "Point",
        "coordinates": [
          -119.6252678409524,
          46.944819081899425
        ]
      }
    },
    {
      "type": "Feature",
      "properties": {
        "node": "n_geo_white_bluffs",
        "node_id": "n_geo_white_bluffs",
        "name": "White Bluffs",
        "parent_node_id": "n_geo_columbia_valley",
        "country_node_id": "n_geo_united_states",
        "point_role": "source_polygon_interior_reference_point",
        "point_place_name": "White Bluffs",
        "source_url": "https://raw.githubusercontent.com/UCDavisLibrary/ava/7af5b29d45aee5e6c6ce3889e9b1de19085d7107/avas/white_bluffs.geojson",
        "source_coordinate_url": "https://raw.githubusercontent.com/UCDavisLibrary/ava/7af5b29d45aee5e6c6ce3889e9b1de19085d7107/avas_aggregated_files/avas.geojson",
        "source_commit": "7af5b29d45aee5e6c6ce3889e9b1de19085d7107",
        "source_file_sha256": "c90068f7154764519f0a7c6fb2788e597b7c56bf7581e8c0faa979554d984926",
        "source_feature_id": "white_bluffs",
        "source_cfr_index": "9.275",
        "derivation": "widest verified interior horizontal scanline interval midpoint; 63 evenly spaced scanlines per polygon",
        "retrieved_on": "2026-09-26",
        "license": "CC0-1.0",
        "attribution": "UC Davis Library and DataLab American Viticultural Areas Project, with UCSB Library and Virginia Tech contributors",
        "label_note": "Reference marker derived from the community digitized AVA polygon. It is not a legal boundary or an official centroid."
      },
      "geometry": {
        "type": "Point",
        "coordinates": [
          -119.16777696758015,
          46.554828867451775
        ]
      }
    },
    {
      "type": "Feature",
      "properties": {
        "node": "n_geo_the_burn_of_columbia_valley",
        "node_id": "n_geo_the_burn_of_columbia_valley",
        "name": "The Burn of Columbia Valley",
        "parent_node_id": "n_geo_columbia_valley",
        "country_node_id": "n_geo_united_states",
        "point_role": "source_polygon_interior_reference_point",
        "point_place_name": "The Burn of Columbia Valley",
        "source_url": "https://raw.githubusercontent.com/UCDavisLibrary/ava/7af5b29d45aee5e6c6ce3889e9b1de19085d7107/avas/the_burn_of_columbia_valley.geojson",
        "source_coordinate_url": "https://raw.githubusercontent.com/UCDavisLibrary/ava/7af5b29d45aee5e6c6ce3889e9b1de19085d7107/avas_aggregated_files/avas.geojson",
        "source_commit": "7af5b29d45aee5e6c6ce3889e9b1de19085d7107",
        "source_file_sha256": "c90068f7154764519f0a7c6fb2788e597b7c56bf7581e8c0faa979554d984926",
        "source_feature_id": "the_burn_of_columbia_valley",
        "source_cfr_index": "9.276",
        "derivation": "widest verified interior horizontal scanline interval midpoint; 63 evenly spaced scanlines per polygon",
        "retrieved_on": "2026-09-26",
        "license": "CC0-1.0",
        "attribution": "UC Davis Library and DataLab American Viticultural Areas Project, with UCSB Library and Virginia Tech contributors",
        "label_note": "Reference marker derived from the community digitized AVA polygon. It is not a legal boundary or an official centroid."
      },
      "geometry": {
        "type": "Point",
        "coordinates": [
          -120.36601836608986,
          45.725720762681746
        ]
      }
    },
    {
      "type": "Feature",
      "properties": {
        "node": "n_geo_rocky_reach",
        "node_id": "n_geo_rocky_reach",
        "name": "Rocky Reach",
        "parent_node_id": "n_geo_columbia_valley",
        "country_node_id": "n_geo_united_states",
        "point_role": "source_polygon_interior_reference_point",
        "point_place_name": "Rocky Reach",
        "source_url": "https://raw.githubusercontent.com/UCDavisLibrary/ava/7af5b29d45aee5e6c6ce3889e9b1de19085d7107/avas/rocky_reach.geojson",
        "source_coordinate_url": "https://raw.githubusercontent.com/UCDavisLibrary/ava/7af5b29d45aee5e6c6ce3889e9b1de19085d7107/avas_aggregated_files/avas.geojson",
        "source_commit": "7af5b29d45aee5e6c6ce3889e9b1de19085d7107",
        "source_file_sha256": "c90068f7154764519f0a7c6fb2788e597b7c56bf7581e8c0faa979554d984926",
        "source_feature_id": "rocky_reach",
        "source_cfr_index": "9.287",
        "derivation": "widest verified interior horizontal scanline interval midpoint; 63 evenly spaced scanlines per polygon",
        "retrieved_on": "2026-09-26",
        "license": "CC0-1.0",
        "attribution": "UC Davis Library and DataLab American Viticultural Areas Project, with UCSB Library and Virginia Tech contributors",
        "label_note": "Reference marker derived from the community digitized AVA polygon. It is not a legal boundary or an official centroid."
      },
      "geometry": {
        "type": "Point",
        "coordinates": [
          -120.10003035245455,
          47.76894718346128
        ]
      }
    },
    {
      "type": "Feature",
      "properties": {
        "node": "n_geo_rattlesnake_hills",
        "node_id": "n_geo_rattlesnake_hills",
        "name": "Rattlesnake Hills",
        "parent_node_id": "n_geo_yakima_valley",
        "country_node_id": "n_geo_united_states",
        "point_role": "source_polygon_interior_reference_point",
        "point_place_name": "Rattlesnake Hills",
        "source_url": "https://raw.githubusercontent.com/UCDavisLibrary/ava/7af5b29d45aee5e6c6ce3889e9b1de19085d7107/avas/rattlesnake_hills.geojson",
        "source_coordinate_url": "https://raw.githubusercontent.com/UCDavisLibrary/ava/7af5b29d45aee5e6c6ce3889e9b1de19085d7107/avas_aggregated_files/avas.geojson",
        "source_commit": "7af5b29d45aee5e6c6ce3889e9b1de19085d7107",
        "source_file_sha256": "c90068f7154764519f0a7c6fb2788e597b7c56bf7581e8c0faa979554d984926",
        "source_feature_id": "rattlesnake_hills",
        "source_cfr_index": "9.193",
        "derivation": "widest verified interior horizontal scanline interval midpoint; 63 evenly spaced scanlines per polygon",
        "retrieved_on": "2026-09-26",
        "license": "CC0-1.0",
        "attribution": "UC Davis Library and DataLab American Viticultural Areas Project, with UCSB Library and Virginia Tech contributors",
        "label_note": "Reference marker derived from the community digitized AVA polygon. It is not a legal boundary or an official centroid."
      },
      "geometry": {
        "type": "Point",
        "coordinates": [
          -120.18315270176211,
          46.472949825292396
        ]
      }
    },
    {
      "type": "Feature",
      "properties": {
        "node": "n_geo_snipes_mountain",
        "node_id": "n_geo_snipes_mountain",
        "name": "Snipes Mountain",
        "parent_node_id": "n_geo_yakima_valley",
        "country_node_id": "n_geo_united_states",
        "point_role": "source_polygon_interior_reference_point",
        "point_place_name": "Snipes Mountain",
        "source_url": "https://raw.githubusercontent.com/UCDavisLibrary/ava/7af5b29d45aee5e6c6ce3889e9b1de19085d7107/avas/snipes_mountain.geojson",
        "source_coordinate_url": "https://raw.githubusercontent.com/UCDavisLibrary/ava/7af5b29d45aee5e6c6ce3889e9b1de19085d7107/avas_aggregated_files/avas.geojson",
        "source_commit": "7af5b29d45aee5e6c6ce3889e9b1de19085d7107",
        "source_file_sha256": "c90068f7154764519f0a7c6fb2788e597b7c56bf7581e8c0faa979554d984926",
        "source_feature_id": "snipes_mountain",
        "source_cfr_index": "9.213",
        "derivation": "widest verified interior horizontal scanline interval midpoint; 63 evenly spaced scanlines per polygon",
        "retrieved_on": "2026-09-26",
        "license": "CC0-1.0",
        "attribution": "UC Davis Library and DataLab American Viticultural Areas Project, with UCSB Library and Virginia Tech contributors",
        "label_note": "Reference marker derived from the community digitized AVA polygon. It is not a legal boundary or an official centroid."
      },
      "geometry": {
        "type": "Point",
        "coordinates": [
          -120.07975304974852,
          46.31619766406249
        ]
      }
    },
    {
      "type": "Feature",
      "properties": {
        "node": "n_geo_candy_mountain",
        "node_id": "n_geo_candy_mountain",
        "name": "Candy Mountain",
        "parent_node_id": "n_geo_yakima_valley",
        "country_node_id": "n_geo_united_states",
        "point_role": "source_polygon_interior_reference_point",
        "point_place_name": "Candy Mountain",
        "source_url": "https://raw.githubusercontent.com/UCDavisLibrary/ava/7af5b29d45aee5e6c6ce3889e9b1de19085d7107/avas/candy_mountain.geojson",
        "source_coordinate_url": "https://raw.githubusercontent.com/UCDavisLibrary/ava/7af5b29d45aee5e6c6ce3889e9b1de19085d7107/avas_aggregated_files/avas.geojson",
        "source_commit": "7af5b29d45aee5e6c6ce3889e9b1de19085d7107",
        "source_file_sha256": "c90068f7154764519f0a7c6fb2788e597b7c56bf7581e8c0faa979554d984926",
        "source_feature_id": "candy_mountain",
        "source_cfr_index": "9.272",
        "derivation": "widest verified interior horizontal scanline interval midpoint; 63 evenly spaced scanlines per polygon",
        "retrieved_on": "2026-09-26",
        "license": "CC0-1.0",
        "attribution": "UC Davis Library and DataLab American Viticultural Areas Project, with UCSB Library and Virginia Tech contributors",
        "label_note": "Reference marker derived from the community digitized AVA polygon. It is not a legal boundary or an official centroid."
      },
      "geometry": {
        "type": "Point",
        "coordinates": [
          -119.35478298285614,
          46.248710718778234
        ]
      }
    },
    {
      "type": "Feature",
      "properties": {
        "node": "n_geo_goose_gap",
        "node_id": "n_geo_goose_gap",
        "name": "Goose Gap",
        "parent_node_id": "n_geo_yakima_valley",
        "country_node_id": "n_geo_united_states",
        "point_role": "source_polygon_interior_reference_point",
        "point_place_name": "Goose Gap",
        "source_url": "https://raw.githubusercontent.com/UCDavisLibrary/ava/7af5b29d45aee5e6c6ce3889e9b1de19085d7107/avas/goose_gap.geojson",
        "source_coordinate_url": "https://raw.githubusercontent.com/UCDavisLibrary/ava/7af5b29d45aee5e6c6ce3889e9b1de19085d7107/avas_aggregated_files/avas.geojson",
        "source_commit": "7af5b29d45aee5e6c6ce3889e9b1de19085d7107",
        "source_file_sha256": "c90068f7154764519f0a7c6fb2788e597b7c56bf7581e8c0faa979554d984926",
        "source_feature_id": "goose_gap",
        "source_cfr_index": "9.277",
        "derivation": "widest verified interior horizontal scanline interval midpoint; 63 evenly spaced scanlines per polygon",
        "retrieved_on": "2026-09-26",
        "license": "CC0-1.0",
        "attribution": "UC Davis Library and DataLab American Viticultural Areas Project, with UCSB Library and Virginia Tech contributors",
        "label_note": "Reference marker derived from the community digitized AVA polygon. It is not a legal boundary or an official centroid."
      },
      "geometry": {
        "type": "Point",
        "coordinates": [
          -119.4027861548536,
          46.243757770606784
        ]
      }
    },
    {
      "type": "Feature",
      "properties": {
        "node": "n_geo_rocks_district_milton_freewater",
        "node_id": "n_geo_rocks_district_milton_freewater",
        "name": "The Rocks District of Milton-Freewater",
        "parent_node_id": "n_geo_walla_walla_valley",
        "country_node_id": "n_geo_united_states",
        "point_role": "source_polygon_interior_reference_point",
        "point_place_name": "The Rocks District of Milton-Freewater",
        "source_url": "https://raw.githubusercontent.com/UCDavisLibrary/ava/7af5b29d45aee5e6c6ce3889e9b1de19085d7107/avas/the_rocks_district_of_milton_freewater.geojson",
        "source_coordinate_url": "https://raw.githubusercontent.com/UCDavisLibrary/ava/7af5b29d45aee5e6c6ce3889e9b1de19085d7107/avas_aggregated_files/avas.geojson",
        "source_commit": "7af5b29d45aee5e6c6ce3889e9b1de19085d7107",
        "source_file_sha256": "c90068f7154764519f0a7c6fb2788e597b7c56bf7581e8c0faa979554d984926",
        "source_feature_id": "the_rocks_district_of_milton_freewater",
        "source_cfr_index": "9.249",
        "derivation": "widest verified interior horizontal scanline interval midpoint; 63 evenly spaced scanlines per polygon",
        "retrieved_on": "2026-09-26",
        "license": "CC0-1.0",
        "attribution": "UC Davis Library and DataLab American Viticultural Areas Project, with UCSB Library and Virginia Tech contributors",
        "label_note": "Reference marker derived from the community digitized AVA polygon. It is not a legal boundary or an official centroid."
      },
      "geometry": {
        "type": "Point",
        "coordinates": [
          -118.40672381812814,
          45.95821873113963
        ]
      }
    },
    {
      "type": "Feature",
      "properties": {
        "node": "n_geo_puget_sound",
        "node_id": "n_geo_puget_sound",
        "name": "Puget Sound",
        "parent_node_id": "n_geo_washington",
        "country_node_id": "n_geo_united_states",
        "point_role": "source_polygon_interior_reference_point",
        "point_place_name": "Puget Sound",
        "source_url": "https://raw.githubusercontent.com/UCDavisLibrary/ava/7af5b29d45aee5e6c6ce3889e9b1de19085d7107/avas/puget_sound.geojson",
        "source_coordinate_url": "https://raw.githubusercontent.com/UCDavisLibrary/ava/7af5b29d45aee5e6c6ce3889e9b1de19085d7107/avas_aggregated_files/avas.geojson",
        "source_commit": "7af5b29d45aee5e6c6ce3889e9b1de19085d7107",
        "source_file_sha256": "c90068f7154764519f0a7c6fb2788e597b7c56bf7581e8c0faa979554d984926",
        "source_feature_id": "puget_sound",
        "source_cfr_index": "9.151",
        "derivation": "widest verified interior horizontal scanline interval midpoint; 63 evenly spaced scanlines per polygon",
        "retrieved_on": "2026-09-26",
        "license": "CC0-1.0",
        "attribution": "UC Davis Library and DataLab American Viticultural Areas Project, with UCSB Library and Virginia Tech contributors",
        "label_note": "Reference marker derived from the community digitized AVA polygon. It is not a legal boundary or an official centroid."
      },
      "geometry": {
        "type": "Point",
        "coordinates": [
          -122.80146981077293,
          48.126877184079355
        ]
      }
    },
    {
      "type": "Feature",
      "properties": {
        "node": "n_geo_columbia_gorge",
        "node_id": "n_geo_columbia_gorge",
        "name": "Columbia Gorge",
        "parent_node_id": "n_geo_united_states",
        "country_node_id": "n_geo_united_states",
        "point_role": "source_polygon_interior_reference_point",
        "point_place_name": "Columbia Gorge",
        "source_url": "https://raw.githubusercontent.com/UCDavisLibrary/ava/7af5b29d45aee5e6c6ce3889e9b1de19085d7107/avas/columbia_gorge.geojson",
        "source_coordinate_url": "https://raw.githubusercontent.com/UCDavisLibrary/ava/7af5b29d45aee5e6c6ce3889e9b1de19085d7107/avas_aggregated_files/avas.geojson",
        "source_commit": "7af5b29d45aee5e6c6ce3889e9b1de19085d7107",
        "source_file_sha256": "c90068f7154764519f0a7c6fb2788e597b7c56bf7581e8c0faa979554d984926",
        "source_feature_id": "columbia_gorge",
        "source_cfr_index": "9.178",
        "derivation": "widest verified interior horizontal scanline interval midpoint; 63 evenly spaced scanlines per polygon",
        "retrieved_on": "2026-09-26",
        "license": "CC0-1.0",
        "attribution": "UC Davis Library and DataLab American Viticultural Areas Project, with UCSB Library and Virginia Tech contributors",
        "label_note": "Reference marker derived from the community digitized AVA polygon. It is not a legal boundary or an official centroid."
      },
      "geometry": {
        "type": "Point",
        "coordinates": [
          -121.44034461905079,
          45.653017517444376
        ]
      }
    },
    {
      "type": "Feature",
      "properties": {
        "node": "n_geo_southern_oregon",
        "node_id": "n_geo_southern_oregon",
        "name": "Southern Oregon",
        "parent_node_id": "n_geo_oregon",
        "country_node_id": "n_geo_united_states",
        "point_role": "source_polygon_interior_reference_point",
        "point_place_name": "Southern Oregon",
        "source_url": "https://raw.githubusercontent.com/UCDavisLibrary/ava/7af5b29d45aee5e6c6ce3889e9b1de19085d7107/avas/southern_oregon.geojson",
        "source_coordinate_url": "https://raw.githubusercontent.com/UCDavisLibrary/ava/7af5b29d45aee5e6c6ce3889e9b1de19085d7107/avas_aggregated_files/avas.geojson",
        "source_commit": "7af5b29d45aee5e6c6ce3889e9b1de19085d7107",
        "source_file_sha256": "c90068f7154764519f0a7c6fb2788e597b7c56bf7581e8c0faa979554d984926",
        "source_feature_id": "southern_oregon",
        "source_cfr_index": "9.179",
        "derivation": "widest verified interior horizontal scanline interval midpoint; 63 evenly spaced scanlines per polygon",
        "retrieved_on": "2026-09-26",
        "license": "CC0-1.0",
        "attribution": "UC Davis Library and DataLab American Viticultural Areas Project, with UCSB Library and Virginia Tech contributors",
        "label_note": "Reference marker derived from the community digitized AVA polygon. It is not a legal boundary or an official centroid."
      },
      "geometry": {
        "type": "Point",
        "coordinates": [
          -123.1502327377141,
          42.22223489532339
        ]
      }
    },
    {
      "type": "Feature",
      "properties": {
        "node": "n_geo_rogue_valley",
        "node_id": "n_geo_rogue_valley",
        "name": "Rogue Valley",
        "parent_node_id": "n_geo_southern_oregon",
        "country_node_id": "n_geo_united_states",
        "point_role": "source_polygon_interior_reference_point",
        "point_place_name": "Rogue Valley",
        "source_url": "https://raw.githubusercontent.com/UCDavisLibrary/ava/7af5b29d45aee5e6c6ce3889e9b1de19085d7107/avas/rogue_valley.geojson",
        "source_coordinate_url": "https://raw.githubusercontent.com/UCDavisLibrary/ava/7af5b29d45aee5e6c6ce3889e9b1de19085d7107/avas_aggregated_files/avas.geojson",
        "source_commit": "7af5b29d45aee5e6c6ce3889e9b1de19085d7107",
        "source_file_sha256": "c90068f7154764519f0a7c6fb2788e597b7c56bf7581e8c0faa979554d984926",
        "source_feature_id": "rogue_valley",
        "source_cfr_index": "9.132",
        "derivation": "widest verified interior horizontal scanline interval midpoint; 63 evenly spaced scanlines per polygon",
        "retrieved_on": "2026-09-26",
        "license": "CC0-1.0",
        "attribution": "UC Davis Library and DataLab American Viticultural Areas Project, with UCSB Library and Virginia Tech contributors",
        "label_note": "Reference marker derived from the community digitized AVA polygon. It is not a legal boundary or an official centroid."
      },
      "geometry": {
        "type": "Point",
        "coordinates": [
          -123.11074824654395,
          42.2084004375
        ]
      }
    },
    {
      "type": "Feature",
      "properties": {
        "node": "n_geo_umpqua_valley",
        "node_id": "n_geo_umpqua_valley",
        "name": "Umpqua Valley",
        "parent_node_id": "n_geo_southern_oregon",
        "country_node_id": "n_geo_united_states",
        "point_role": "source_polygon_interior_reference_point",
        "point_place_name": "Umpqua Valley",
        "source_url": "https://raw.githubusercontent.com/UCDavisLibrary/ava/7af5b29d45aee5e6c6ce3889e9b1de19085d7107/avas/umpqua_valley.geojson",
        "source_coordinate_url": "https://raw.githubusercontent.com/UCDavisLibrary/ava/7af5b29d45aee5e6c6ce3889e9b1de19085d7107/avas_aggregated_files/avas.geojson",
        "source_commit": "7af5b29d45aee5e6c6ce3889e9b1de19085d7107",
        "source_file_sha256": "c90068f7154764519f0a7c6fb2788e597b7c56bf7581e8c0faa979554d984926",
        "source_feature_id": "umpqua_valley",
        "source_cfr_index": "9.89",
        "derivation": "widest verified interior horizontal scanline interval midpoint; 63 evenly spaced scanlines per polygon",
        "retrieved_on": "2026-09-26",
        "license": "CC0-1.0",
        "attribution": "UC Davis Library and DataLab American Viticultural Areas Project, with UCSB Library and Virginia Tech contributors",
        "label_note": "Reference marker derived from the community digitized AVA polygon. It is not a legal boundary or an official centroid."
      },
      "geometry": {
        "type": "Point",
        "coordinates": [
          -123.5103812404468,
          43.66872674573951
        ]
      }
    },
    {
      "type": "Feature",
      "properties": {
        "node": "n_geo_applegate_valley",
        "node_id": "n_geo_applegate_valley",
        "name": "Applegate Valley",
        "parent_node_id": "n_geo_rogue_valley",
        "country_node_id": "n_geo_united_states",
        "point_role": "source_polygon_interior_reference_point",
        "point_place_name": "Applegate Valley",
        "source_url": "https://raw.githubusercontent.com/UCDavisLibrary/ava/7af5b29d45aee5e6c6ce3889e9b1de19085d7107/avas/applegate_valley.geojson",
        "source_coordinate_url": "https://raw.githubusercontent.com/UCDavisLibrary/ava/7af5b29d45aee5e6c6ce3889e9b1de19085d7107/avas_aggregated_files/avas.geojson",
        "source_commit": "7af5b29d45aee5e6c6ce3889e9b1de19085d7107",
        "source_file_sha256": "c90068f7154764519f0a7c6fb2788e597b7c56bf7581e8c0faa979554d984926",
        "source_feature_id": "applegate_valley",
        "source_cfr_index": "9.165",
        "derivation": "widest verified interior horizontal scanline interval midpoint; 63 evenly spaced scanlines per polygon",
        "retrieved_on": "2026-09-26",
        "license": "CC0-1.0",
        "attribution": "UC Davis Library and DataLab American Viticultural Areas Project, with UCSB Library and Virginia Tech contributors",
        "label_note": "Reference marker derived from the community digitized AVA polygon. It is not a legal boundary or an official centroid."
      },
      "geometry": {
        "type": "Point",
        "coordinates": [
          -123.09702769043895,
          42.150600797281925
        ]
      }
    },
    {
      "type": "Feature",
      "properties": {
        "node": "n_geo_elkton_oregon",
        "node_id": "n_geo_elkton_oregon",
        "name": "Elkton Oregon",
        "parent_node_id": "n_geo_umpqua_valley",
        "country_node_id": "n_geo_united_states",
        "point_role": "source_polygon_interior_reference_point",
        "point_place_name": "Elkton Oregon",
        "source_url": "https://raw.githubusercontent.com/UCDavisLibrary/ava/7af5b29d45aee5e6c6ce3889e9b1de19085d7107/avas/elkton_oregon.geojson",
        "source_coordinate_url": "https://raw.githubusercontent.com/UCDavisLibrary/ava/7af5b29d45aee5e6c6ce3889e9b1de19085d7107/avas_aggregated_files/avas.geojson",
        "source_commit": "7af5b29d45aee5e6c6ce3889e9b1de19085d7107",
        "source_file_sha256": "c90068f7154764519f0a7c6fb2788e597b7c56bf7581e8c0faa979554d984926",
        "source_feature_id": "elkton_oregon",
        "source_cfr_index": "9.229",
        "derivation": "widest verified interior horizontal scanline interval midpoint; 63 evenly spaced scanlines per polygon",
        "retrieved_on": "2026-09-26",
        "license": "CC0-1.0",
        "attribution": "UC Davis Library and DataLab American Viticultural Areas Project, with UCSB Library and Virginia Tech contributors",
        "label_note": "Reference marker derived from the community digitized AVA polygon. It is not a legal boundary or an official centroid."
      },
      "geometry": {
        "type": "Point",
        "coordinates": [
          -123.57205812370663,
          43.58931227968749
        ]
      }
    },
    {
      "type": "Feature",
      "properties": {
        "node": "n_geo_lenswood",
        "node_id": "n_geo_lenswood",
        "name": "Lenswood",
        "parent_node_id": "n_geo_adelaide_hills",
        "country_node_id": "n_geo_australia",
        "point_role": "gazetteer_reference_point",
        "point_place_name": "Lenswood, South Australia",
        "point_description": "town in South Australia",
        "source_url": "https://www.wikidata.org/wiki/Q1886139",
        "source_coordinate_url": "https://www.wikidata.org/wiki/Special:EntityData/Q1886139.json",
        "wikidata_id": "Q1886139",
        "wikidata_coordinate_claim": "q1886139$FD0F9E36-17E0-4735-A2D6-06270A7795A2",
        "coordinate_precision": 0.016666666666667,
        "retrieved_on": "2026-09-26",
        "license": "CC0-1.0",
        "label_note": "Reference point: Lenswood, South Australia. This does not represent the wine-area boundary or an official wine-area centroid."
      },
      "geometry": {
        "type": "Point",
        "coordinates": [
          138.81666666667,
          -34.916666666667
        ]
      }
    },
    {
      "type": "Feature",
      "properties": {
        "node": "n_geo_piccadilly_valley",
        "node_id": "n_geo_piccadilly_valley",
        "name": "Piccadilly Valley",
        "parent_node_id": "n_geo_adelaide_hills",
        "country_node_id": "n_geo_australia",
        "point_role": "gazetteer_reference_point",
        "point_place_name": "Piccadilly, South Australia",
        "point_description": "town in South Australia",
        "source_url": "https://www.wikidata.org/wiki/Q7190553",
        "source_coordinate_url": "https://www.wikidata.org/wiki/Special:EntityData/Q7190553.json",
        "wikidata_id": "Q7190553",
        "wikidata_coordinate_claim": "q7190553$F316E6F4-D4E5-4CCF-8A4B-86A346A25E8B",
        "coordinate_precision": 0.0001,
        "retrieved_on": "2026-09-26",
        "license": "CC0-1.0",
        "label_note": "Reference point: Piccadilly, South Australia. This does not represent the wine-area boundary or an official wine-area centroid."
      },
      "geometry": {
        "type": "Point",
        "coordinates": [
          138.733,
          -34.9833
        ]
      }
    },
    {
      "type": "Feature",
      "properties": {
        "node": "n_geo_pokolbin",
        "node_id": "n_geo_pokolbin",
        "name": "Pokolbin",
        "parent_node_id": "n_geo_hunter",
        "country_node_id": "n_geo_australia",
        "point_role": "gazetteer_reference_point",
        "point_place_name": "Pokolbin, New South Wales",
        "point_description": "town in New South Wales, Australia",
        "source_url": "https://www.wikidata.org/wiki/Q14229690",
        "source_coordinate_url": "https://www.wikidata.org/wiki/Special:EntityData/Q14229690.json",
        "wikidata_id": "Q14229690",
        "wikidata_coordinate_claim": "Q14229690$8CE74B37-9876-46A0-A11C-07C30507D266",
        "coordinate_precision": 0.000278,
        "retrieved_on": "2026-09-26",
        "license": "CC0-1.0",
        "label_note": "Reference point: Pokolbin, New South Wales. This does not represent the wine-area boundary or an official wine-area centroid."
      },
      "geometry": {
        "type": "Point",
        "coordinates": [
          151.2844444,
          -32.79833333333333
        ]
      }
    },
    {
      "type": "Feature",
      "properties": {
        "node": "n_geo_upper_hunter_valley",
        "node_id": "n_geo_upper_hunter_valley",
        "name": "Upper Hunter Valley",
        "parent_node_id": "n_geo_hunter",
        "country_node_id": "n_geo_australia",
        "point_role": "gazetteer_reference_point",
        "point_place_name": "Denman, New South Wales",
        "point_description": "town in New South Wales, Australia",
        "source_url": "https://www.wikidata.org/wiki/Q2261983",
        "source_coordinate_url": "https://www.wikidata.org/wiki/Special:EntityData/Q2261983.json",
        "wikidata_id": "Q2261983",
        "wikidata_coordinate_claim": "q2261983$3C70A578-C8C8-4577-8B21-733A60629132",
        "coordinate_precision": 0.016666666666667,
        "retrieved_on": "2026-09-26",
        "license": "CC0-1.0",
        "label_note": "Reference point: Denman, New South Wales. This does not represent the wine-area boundary or an official wine-area centroid."
      },
      "geometry": {
        "type": "Point",
        "coordinates": [
          150.68333333333,
          -32.383333333333
        ]
      }
    },
    {
      "type": "Feature",
      "properties": {
        "node": "n_geo_broke_fordwich",
        "node_id": "n_geo_broke_fordwich",
        "name": "Broke Fordwich",
        "parent_node_id": "n_geo_hunter",
        "country_node_id": "n_geo_australia",
        "point_role": "gazetteer_reference_point",
        "point_place_name": "Broke, New South Wales",
        "point_description": "town in New South Wales, Australia",
        "source_url": "https://www.wikidata.org/wiki/Q4973261",
        "source_coordinate_url": "https://www.wikidata.org/wiki/Special:EntityData/Q4973261.json",
        "wikidata_id": "Q4973261",
        "wikidata_coordinate_claim": "Q4973261$243E1753-D5DC-4512-9942-3B10A96D417E",
        "coordinate_precision": 0.000278,
        "retrieved_on": "2026-09-26",
        "license": "CC0-1.0",
        "label_note": "Reference point: Broke, New South Wales. This does not represent the wine-area boundary or an official wine-area centroid."
      },
      "geometry": {
        "type": "Point",
        "coordinates": [
          151.1011111,
          -32.748333333333335
        ]
      }
    },
    {
      "type": "Feature",
      "properties": {
        "node": "n_geo_albany_wine",
        "node_id": "n_geo_albany_wine",
        "name": "Albany (wine subregion)",
        "parent_node_id": "n_geo_great_southern",
        "country_node_id": "n_geo_australia",
        "point_role": "gazetteer_reference_point",
        "point_place_name": "Albany, Western Australia",
        "point_description": "port city in Western Australia, Australia",
        "source_url": "https://www.wikidata.org/wiki/Q704257",
        "source_coordinate_url": "https://www.wikidata.org/wiki/Special:EntityData/Q704257.json",
        "wikidata_id": "Q704257",
        "wikidata_coordinate_claim": "q704257$A9D02113-2EE2-45CC-B446-8CAB13BD6838",
        "coordinate_precision": 0.00000277778,
        "retrieved_on": "2026-09-26",
        "license": "CC0-1.0",
        "label_note": "Reference point: Albany, Western Australia. This does not represent the wine-area boundary or an official wine-area centroid."
      },
      "geometry": {
        "type": "Point",
        "coordinates": [
          117.88138888888889,
          -35.022777777777776
        ]
      }
    },
    {
      "type": "Feature",
      "properties": {
        "node": "n_geo_denmark_wine",
        "node_id": "n_geo_denmark_wine",
        "name": "Denmark (wine subregion)",
        "parent_node_id": "n_geo_great_southern",
        "country_node_id": "n_geo_australia",
        "point_role": "gazetteer_reference_point",
        "point_place_name": "Denmark, Western Australia",
        "point_description": "town in Western Australia",
        "source_url": "https://www.wikidata.org/wiki/Q1013988",
        "source_coordinate_url": "https://www.wikidata.org/wiki/Special:EntityData/Q1013988.json",
        "wikidata_id": "Q1013988",
        "wikidata_coordinate_claim": "q1013988$5A6999DF-DD8C-486D-A5BD-1733D68A7B61",
        "coordinate_precision": 0.00027777777777778,
        "retrieved_on": "2026-09-26",
        "license": "CC0-1.0",
        "label_note": "Reference point: Denmark, Western Australia. This does not represent the wine-area boundary or an official wine-area centroid."
      },
      "geometry": {
        "type": "Point",
        "coordinates": [
          117.35305555556,
          -34.96
        ]
      }
    },
    {
      "type": "Feature",
      "properties": {
        "node": "n_geo_frankland_river_wine",
        "node_id": "n_geo_frankland_river_wine",
        "name": "Frankland River",
        "parent_node_id": "n_geo_great_southern",
        "country_node_id": "n_geo_australia",
        "point_role": "gazetteer_reference_point",
        "point_place_name": "Frankland River, Western Australia",
        "point_description": "town in Western Australia, Australia",
        "source_url": "https://www.wikidata.org/wiki/Q5491115",
        "source_coordinate_url": "https://www.wikidata.org/wiki/Special:EntityData/Q5491115.json",
        "wikidata_id": "Q5491115",
        "wikidata_coordinate_claim": "q5491115$4E1BA980-E248-4E7F-AC2D-D1A38DCBCB5E",
        "coordinate_precision": 0.01,
        "retrieved_on": "2026-09-26",
        "license": "CC0-1.0",
        "label_note": "Reference point: Frankland River, Western Australia. This does not represent the wine-area boundary or an official wine-area centroid."
      },
      "geometry": {
        "type": "Point",
        "coordinates": [
          117.08,
          -34.36
        ]
      }
    },
    {
      "type": "Feature",
      "properties": {
        "node": "n_geo_mount_barker_wine",
        "node_id": "n_geo_mount_barker_wine",
        "name": "Mount Barker (wine subregion)",
        "parent_node_id": "n_geo_great_southern",
        "country_node_id": "n_geo_australia",
        "point_role": "gazetteer_reference_point",
        "point_place_name": "Mount Barker, Western Australia",
        "point_description": "town in Western Australia",
        "source_url": "https://www.wikidata.org/wiki/Q1950380",
        "source_coordinate_url": "https://www.wikidata.org/wiki/Special:EntityData/Q1950380.json",
        "wikidata_id": "Q1950380",
        "wikidata_coordinate_claim": "q1950380$19F4A702-8874-4601-9954-E2193E50661C",
        "coordinate_precision": 0.01,
        "retrieved_on": "2026-09-26",
        "license": "CC0-1.0",
        "label_note": "Reference point: Mount Barker, Western Australia. This does not represent the wine-area boundary or an official wine-area centroid."
      },
      "geometry": {
        "type": "Point",
        "coordinates": [
          117.667,
          -34.63
        ]
      }
    },
    {
      "type": "Feature",
      "properties": {
        "node": "n_geo_porongurup_wine",
        "node_id": "n_geo_porongurup_wine",
        "name": "Porongurup",
        "parent_node_id": "n_geo_great_southern",
        "country_node_id": "n_geo_australia",
        "point_role": "gazetteer_reference_point",
        "point_place_name": "Porongurup, Western Australia",
        "point_description": "locality in the Shire of Plantagenet, Western Australia",
        "source_url": "https://www.wikidata.org/wiki/Q55819362",
        "source_coordinate_url": "https://www.wikidata.org/wiki/Special:EntityData/Q55819362.json",
        "wikidata_id": "Q55819362",
        "wikidata_coordinate_claim": "Q55819362$DACAEBFA-EB9A-44C2-B710-1EB082FFCB49",
        "coordinate_precision": 0.00033712873005769,
        "retrieved_on": "2026-09-26",
        "license": "CC0-1.0",
        "label_note": "Reference point: Porongurup, Western Australia. This does not represent the wine-area boundary or an official wine-area centroid."
      },
      "geometry": {
        "type": "Point",
        "coordinates": [
          117.86666667,
          -34.66666667
        ]
      }
    },
    {
      "type": "Feature",
      "properties": {
        "node": "n_geo_fleurieu_zone",
        "node_id": "n_geo_fleurieu_zone",
        "name": "Fleurieu (zone)",
        "parent_node_id": "n_geo_south_australia",
        "country_node_id": "n_geo_australia",
        "point_role": "gazetteer_reference_point",
        "point_place_name": "Fleurieu Peninsula",
        "point_description": "peninsula in South Australia",
        "source_url": "https://www.wikidata.org/wiki/Q1353372",
        "source_coordinate_url": "https://www.wikidata.org/wiki/Special:EntityData/Q1353372.json",
        "wikidata_id": "Q1353372",
        "wikidata_coordinate_claim": "q1353372$E0CD84C1-8B82-429A-AE1B-708A0AD3DAD1",
        "coordinate_precision": 0.1,
        "retrieved_on": "2026-09-26",
        "license": "CC0-1.0",
        "label_note": "Reference point: Fleurieu Peninsula. This does not represent the wine-area boundary or an official wine-area centroid."
      },
      "geometry": {
        "type": "Point",
        "coordinates": [
          138.43,
          -35.5
        ]
      }
    },
    {
      "type": "Feature",
      "properties": {
        "node": "n_geo_langhorne_creek",
        "node_id": "n_geo_langhorne_creek",
        "name": "Langhorne Creek",
        "parent_node_id": "n_geo_fleurieu_zone",
        "country_node_id": "n_geo_australia",
        "point_role": "gazetteer_reference_point",
        "point_place_name": "Langhorne Creek wine region",
        "point_description": "Australian Geographical indication",
        "source_url": "https://www.wikidata.org/wiki/Q19597670",
        "source_coordinate_url": "https://www.wikidata.org/wiki/Special:EntityData/Q19597670.json",
        "wikidata_id": "Q19597670",
        "wikidata_coordinate_claim": "Q19597670$6CEC5F75-BB7E-42C1-84DA-680042A63434",
        "coordinate_precision": 0.33019097340913,
        "retrieved_on": "2026-09-26",
        "license": "CC0-1.0",
        "label_note": "Reference point: Langhorne Creek wine region. This does not represent the wine-area boundary or an official wine-area centroid."
      },
      "geometry": {
        "type": "Point",
        "coordinates": [
          139,
          -35.316666666667
        ]
      }
    },
    {
      "type": "Feature",
      "properties": {
        "node": "n_geo_padthaway",
        "node_id": "n_geo_padthaway",
        "name": "Padthaway",
        "parent_node_id": "n_geo_limestone_coast",
        "country_node_id": "n_geo_australia",
        "point_role": "gazetteer_reference_point",
        "point_place_name": "Padthaway wine region",
        "point_description": "wine-growing region in South Australia",
        "source_url": "https://www.wikidata.org/wiki/Q19573545",
        "source_coordinate_url": "https://www.wikidata.org/wiki/Special:EntityData/Q19573545.json",
        "wikidata_id": "Q19573545",
        "wikidata_coordinate_claim": "Q19573545$F88DF790-7DE3-4000-BF9E-0D1E111DDA87",
        "coordinate_precision": 0.33569600604072,
        "retrieved_on": "2026-09-26",
        "license": "CC0-1.0",
        "label_note": "Reference point: Padthaway wine region. This does not represent the wine-area boundary or an official wine-area centroid."
      },
      "geometry": {
        "type": "Point",
        "coordinates": [
          140.65,
          -36.583333333333
        ]
      }
    },
    {
      "type": "Feature",
      "properties": {
        "node": "n_geo_wrattonbully",
        "node_id": "n_geo_wrattonbully",
        "name": "Wrattonbully",
        "parent_node_id": "n_geo_limestone_coast",
        "country_node_id": "n_geo_australia",
        "point_role": "gazetteer_reference_point",
        "point_place_name": "Wrattonbully, South Australia",
        "point_description": "locality in South Australia",
        "source_url": "https://www.wikidata.org/wiki/Q24089813",
        "source_coordinate_url": "https://www.wikidata.org/wiki/Special:EntityData/Q24089813.json",
        "wikidata_id": "Q24089813",
        "wikidata_coordinate_claim": "Q24089813$809CD272-9641-4B80-A53B-49B38ABA8857",
        "coordinate_precision": 0.000001,
        "retrieved_on": "2026-09-26",
        "license": "CC0-1.0",
        "label_note": "Reference point: Wrattonbully, South Australia. This does not represent the wine-area boundary or an official wine-area centroid."
      },
      "geometry": {
        "type": "Point",
        "coordinates": [
          140.94388889,
          -37.16888889
        ]
      }
    },
    {
      "type": "Feature",
      "properties": {
        "node": "n_geo_riverland",
        "node_id": "n_geo_riverland",
        "name": "Riverland",
        "parent_node_id": "n_geo_south_australia",
        "country_node_id": "n_geo_australia",
        "point_role": "gazetteer_reference_point",
        "point_place_name": "Riverland",
        "point_description": "region of South Australia",
        "source_url": "https://www.wikidata.org/wiki/Q372498",
        "source_coordinate_url": "https://www.wikidata.org/wiki/Special:EntityData/Q372498.json",
        "wikidata_id": "Q372498",
        "wikidata_coordinate_claim": "q372498$F501E0B9-3FCF-4418-90C0-94772DCE0E59",
        "coordinate_precision": 0.016666666666667,
        "retrieved_on": "2026-09-26",
        "license": "CC0-1.0",
        "label_note": "Reference point: Riverland. This does not represent the wine-area boundary or an official wine-area centroid."
      },
      "geometry": {
        "type": "Point",
        "coordinates": [
          140.46666666667,
          -34.25
        ]
      }
    },
    {
      "type": "Feature",
      "properties": {
        "node": "n_geo_rutherglen_wine",
        "node_id": "n_geo_rutherglen_wine",
        "name": "Rutherglen",
        "parent_node_id": "n_geo_victoria",
        "country_node_id": "n_geo_australia",
        "point_role": "gazetteer_reference_point",
        "point_place_name": "Rutherglen wine region",
        "point_description": "wine producing area in Victoria, Australia",
        "source_url": "https://www.wikidata.org/wiki/Q7383371",
        "source_coordinate_url": "https://www.wikidata.org/wiki/Special:EntityData/Q7383371.json",
        "wikidata_id": "Q7383371",
        "wikidata_coordinate_claim": "q7383371$19CCCF5B-284D-4B0B-9CCB-4951CB9B7B8C",
        "coordinate_precision": 0.01,
        "retrieved_on": "2026-09-26",
        "license": "CC0-1.0",
        "label_note": "Reference point: Rutherglen wine region. This does not represent the wine-area boundary or an official wine-area centroid."
      },
      "geometry": {
        "type": "Point",
        "coordinates": [
          146.467,
          -36.05
        ]
      }
    },
    {
      "type": "Feature",
      "properties": {
        "node": "n_geo_heathcote_wine",
        "node_id": "n_geo_heathcote_wine",
        "name": "Heathcote",
        "parent_node_id": "n_geo_victoria",
        "country_node_id": "n_geo_australia",
        "point_role": "gazetteer_reference_point",
        "point_place_name": "Heathcote wine region",
        "point_description": "wine region in Victoria, Australia",
        "source_url": "https://www.wikidata.org/wiki/Q5693656",
        "source_coordinate_url": "https://www.wikidata.org/wiki/Special:EntityData/Q5693656.json",
        "wikidata_id": "Q5693656",
        "wikidata_coordinate_claim": "q5693656$458A87DC-5901-42C3-AE0D-4E8161AB052F",
        "coordinate_precision": 0.0001,
        "retrieved_on": "2026-09-26",
        "license": "CC0-1.0",
        "label_note": "Reference point: Heathcote wine region. This does not represent the wine-area boundary or an official wine-area centroid."
      },
      "geometry": {
        "type": "Point",
        "coordinates": [
          144.696,
          -36.9161
        ]
      }
    },
    {
      "type": "Feature",
      "properties": {
        "node": "n_geo_geelong_wine",
        "node_id": "n_geo_geelong_wine",
        "name": "Geelong",
        "parent_node_id": "n_geo_port_phillip",
        "country_node_id": "n_geo_australia",
        "point_role": "gazetteer_reference_point",
        "point_place_name": "Geelong",
        "point_description": "city in Victoria, Australia",
        "source_url": "https://www.wikidata.org/wiki/Q231765",
        "source_coordinate_url": "https://www.wikidata.org/wiki/Special:EntityData/Q231765.json",
        "wikidata_id": "Q231765",
        "wikidata_coordinate_claim": "q231765$7F4D006F-D6FE-44C5-A4B0-77AA4BD7B35F",
        "coordinate_precision": 0.0166667,
        "retrieved_on": "2026-09-26",
        "license": "CC0-1.0",
        "label_note": "Reference point: Geelong. This does not represent the wine-area boundary or an official wine-area centroid."
      },
      "geometry": {
        "type": "Point",
        "coordinates": [
          144.35,
          -38.15
        ]
      }
    },
    {
      "type": "Feature",
      "properties": {
        "node": "n_geo_macedon_ranges_wine",
        "node_id": "n_geo_macedon_ranges_wine",
        "name": "Macedon Ranges",
        "parent_node_id": "n_geo_port_phillip",
        "country_node_id": "n_geo_australia",
        "point_role": "gazetteer_reference_point",
        "point_place_name": "Macedon, Victoria",
        "point_description": "town in Victoria, Australia",
        "source_url": "https://www.wikidata.org/wiki/Q3274192",
        "source_coordinate_url": "https://www.wikidata.org/wiki/Special:EntityData/Q3274192.json",
        "wikidata_id": "Q3274192",
        "wikidata_coordinate_claim": "q3274192$7574F2BC-1AE3-4C67-BC22-6C862C75CBC8",
        "coordinate_precision": 0.016666666666667,
        "retrieved_on": "2026-09-26",
        "license": "CC0-1.0",
        "label_note": "Reference point: Macedon, Victoria. This does not represent the wine-area boundary or an official wine-area centroid."
      },
      "geometry": {
        "type": "Point",
        "coordinates": [
          144.56666666667,
          -37.416666666667
        ]
      }
    },
    {
      "type": "Feature",
      "properties": {
        "node": "n_geo_king_valley",
        "node_id": "n_geo_king_valley",
        "name": "King Valley",
        "parent_node_id": "n_geo_victoria",
        "country_node_id": "n_geo_australia",
        "point_role": "gazetteer_reference_point",
        "point_place_name": "King Valley",
        "point_description": "locality in Victoria, Australia",
        "source_url": "https://www.wikidata.org/wiki/Q6412131",
        "source_coordinate_url": "https://www.wikidata.org/wiki/Special:EntityData/Q6412131.json",
        "wikidata_id": "Q6412131",
        "wikidata_coordinate_claim": "q6412131$DD98A907-690C-41BE-8A43-837AED6FB949",
        "coordinate_precision": 0.0001,
        "retrieved_on": "2026-09-26",
        "license": "CC0-1.0",
        "label_note": "Reference point: King Valley. This does not represent the wine-area boundary or an official wine-area centroid."
      },
      "geometry": {
        "type": "Point",
        "coordinates": [
          146.402,
          -36.6947
        ]
      }
    },
    {
      "type": "Feature",
      "properties": {
        "node": "n_geo_grampians_wine",
        "node_id": "n_geo_grampians_wine",
        "name": "Grampians",
        "parent_node_id": "n_geo_victoria",
        "country_node_id": "n_geo_australia",
        "point_role": "gazetteer_reference_point",
        "point_place_name": "Grampians wine region",
        "point_description": "wine-producing region in Victoria, Australia",
        "source_url": "https://www.wikidata.org/wiki/Q5593940",
        "source_coordinate_url": "https://www.wikidata.org/wiki/Special:EntityData/Q5593940.json",
        "wikidata_id": "Q5593940",
        "wikidata_coordinate_claim": "q5593940$B69D5FE4-9369-475F-8401-E91E833D67F3",
        "coordinate_precision": 0.0001,
        "retrieved_on": "2026-09-26",
        "license": "CC0-1.0",
        "label_note": "Reference point: Grampians wine region. This does not represent the wine-area boundary or an official wine-area centroid."
      },
      "geometry": {
        "type": "Point",
        "coordinates": [
          142.275,
          -37.2432
        ]
      }
    },
    {
      "type": "Feature",
      "properties": {
        "node": "n_geo_great_western_wine",
        "node_id": "n_geo_great_western_wine",
        "name": "Great Western",
        "parent_node_id": "n_geo_grampians_wine",
        "country_node_id": "n_geo_australia",
        "point_role": "gazetteer_reference_point",
        "point_place_name": "Great Western, Victoria",
        "point_description": "town in Victoria, Australia",
        "source_url": "https://www.wikidata.org/wiki/Q5600179",
        "source_coordinate_url": "https://www.wikidata.org/wiki/Special:EntityData/Q5600179.json",
        "wikidata_id": "Q5600179",
        "wikidata_coordinate_claim": "q5600179$4101C45E-47E9-4B6C-9FE2-848093BA11EA",
        "coordinate_precision": 0.01,
        "retrieved_on": "2026-09-26",
        "license": "CC0-1.0",
        "label_note": "Reference point: Great Western, Victoria. This does not represent the wine-area boundary or an official wine-area centroid."
      },
      "geometry": {
        "type": "Point",
        "coordinates": [
          142.85,
          -37.15
        ]
      }
    },
    {
      "type": "Feature",
      "properties": {
        "node": "n_geo_goulburn_valley_wine",
        "node_id": "n_geo_goulburn_valley_wine",
        "name": "Goulburn Valley",
        "parent_node_id": "n_geo_victoria",
        "country_node_id": "n_geo_australia",
        "point_role": "gazetteer_reference_point",
        "point_place_name": "Goulburn Valley",
        "point_description": "sub-region of the Hume region in Victoria, Australia",
        "source_url": "https://www.wikidata.org/wiki/Q5588252",
        "source_coordinate_url": "https://www.wikidata.org/wiki/Special:EntityData/Q5588252.json",
        "wikidata_id": "Q5588252",
        "wikidata_coordinate_claim": "q5588252$26DF18CB-A63D-4327-B554-DAEFDA74D1D6",
        "coordinate_precision": 0.0001,
        "retrieved_on": "2026-09-26",
        "license": "CC0-1.0",
        "label_note": "Reference point: Goulburn Valley. This does not represent the wine-area boundary or an official wine-area centroid."
      },
      "geometry": {
        "type": "Point",
        "coordinates": [
          145.399,
          -36.3831
        ]
      }
    },
    {
      "type": "Feature",
      "properties": {
        "node": "n_geo_nagambie_lakes",
        "node_id": "n_geo_nagambie_lakes",
        "name": "Nagambie Lakes",
        "parent_node_id": "n_geo_goulburn_valley_wine",
        "country_node_id": "n_geo_australia",
        "point_role": "gazetteer_reference_point",
        "point_place_name": "Nagambie",
        "point_description": "town in Victoria, Australia",
        "source_url": "https://www.wikidata.org/wiki/Q6958405",
        "source_coordinate_url": "https://www.wikidata.org/wiki/Special:EntityData/Q6958405.json",
        "wikidata_id": "Q6958405",
        "wikidata_coordinate_claim": "q6958405$10C24A5F-AFB8-448F-8D7C-4CD1EEFA8B9F",
        "coordinate_precision": 0.0001,
        "retrieved_on": "2026-09-26",
        "license": "CC0-1.0",
        "label_note": "Reference point: Nagambie. This does not represent the wine-area boundary or an official wine-area centroid."
      },
      "geometry": {
        "type": "Point",
        "coordinates": [
          145.155,
          -36.7703
        ]
      }
    },
    {
      "type": "Feature",
      "properties": {
        "node": "n_geo_new_south_wales",
        "node_id": "n_geo_new_south_wales",
        "name": "New South Wales",
        "parent_node_id": "n_geo_australia",
        "country_node_id": "n_geo_australia",
        "point_role": "gazetteer_reference_point",
        "point_place_name": "New South Wales",
        "point_description": "state of Australia",
        "source_url": "https://www.wikidata.org/wiki/Q3224",
        "source_coordinate_url": "https://www.wikidata.org/wiki/Special:EntityData/Q3224.json",
        "wikidata_id": "Q3224",
        "wikidata_coordinate_claim": "q3224$EF42A35E-D69A-47C4-8C2F-236016CC5279",
        "coordinate_precision": 1,
        "retrieved_on": "2026-09-26",
        "license": "CC0-1.0",
        "label_note": "Reference point: New South Wales. This does not represent the wine-area boundary or an official wine-area centroid."
      },
      "geometry": {
        "type": "Point",
        "coordinates": [
          147,
          -32
        ]
      }
    },
    {
      "type": "Feature",
      "properties": {
        "node": "n_geo_hunter_valley_zone",
        "node_id": "n_geo_hunter_valley_zone",
        "name": "Hunter Valley (zone)",
        "parent_node_id": "n_geo_new_south_wales",
        "country_node_id": "n_geo_australia",
        "point_role": "gazetteer_reference_point",
        "point_place_name": "Hunter Valley",
        "point_description": "region of New South Wales, Australia",
        "source_url": "https://www.wikidata.org/wiki/Q1638164",
        "source_coordinate_url": "https://www.wikidata.org/wiki/Special:EntityData/Q1638164.json",
        "wikidata_id": "Q1638164",
        "wikidata_coordinate_claim": "q1638164$E9786E5A-0D97-4FEF-B1BB-E8FFFD59C03C",
        "coordinate_precision": 0.0002777777777777778,
        "retrieved_on": "2026-09-26",
        "license": "CC0-1.0",
        "label_note": "Reference point: Hunter Valley. This does not represent the wine-area boundary or an official wine-area centroid."
      },
      "geometry": {
        "type": "Point",
        "coordinates": [
          151.17083333333332,
          -32.56
        ]
      }
    },
    {
      "type": "Feature",
      "properties": {
        "node": "n_geo_mudgee_wine",
        "node_id": "n_geo_mudgee_wine",
        "name": "Mudgee",
        "parent_node_id": "n_geo_new_south_wales",
        "country_node_id": "n_geo_australia",
        "point_role": "gazetteer_reference_point",
        "point_place_name": "Mudgee",
        "point_description": "town in the central west of New South Wales, Australia in the local council area of Mid-Western Regional Council",
        "source_url": "https://www.wikidata.org/wiki/Q59819",
        "source_coordinate_url": "https://www.wikidata.org/wiki/Special:EntityData/Q59819.json",
        "wikidata_id": "Q59819",
        "wikidata_coordinate_claim": "Q59819$C1EA9153-BB32-4150-848A-37187E464658",
        "coordinate_precision": 0.000278,
        "retrieved_on": "2026-09-26",
        "license": "CC0-1.0",
        "label_note": "Reference point: Mudgee. This does not represent the wine-area boundary or an official wine-area centroid."
      },
      "geometry": {
        "type": "Point",
        "coordinates": [
          149.5872222,
          -32.612500000000004
        ]
      }
    },
    {
      "type": "Feature",
      "properties": {
        "node": "n_geo_orange_wine",
        "node_id": "n_geo_orange_wine",
        "name": "Orange",
        "parent_node_id": "n_geo_new_south_wales",
        "country_node_id": "n_geo_australia",
        "point_role": "gazetteer_reference_point",
        "point_place_name": "Orange wine region",
        "point_description": "registered Australian Geographical Indication",
        "source_url": "https://www.wikidata.org/wiki/Q24521769",
        "source_coordinate_url": "https://www.wikidata.org/wiki/Special:EntityData/Q24521769.json",
        "wikidata_id": "Q24521769",
        "wikidata_coordinate_claim": "Q24521769$7969D92B-0949-4FB1-AA2F-28A59E992089",
        "coordinate_precision": 0.0166667,
        "retrieved_on": "2026-09-26",
        "license": "CC0-1.0",
        "label_note": "Reference point: Orange wine region. This does not represent the wine-area boundary or an official wine-area centroid."
      },
      "geometry": {
        "type": "Point",
        "coordinates": [
          149.1,
          -33.4
        ]
      }
    },
    {
      "type": "Feature",
      "properties": {
        "node": "n_geo_tumbarumba_wine",
        "node_id": "n_geo_tumbarumba_wine",
        "name": "Tumbarumba",
        "parent_node_id": "n_geo_new_south_wales",
        "country_node_id": "n_geo_australia",
        "point_role": "gazetteer_reference_point",
        "point_place_name": "Tumbarumba",
        "point_description": "town in New South Wales, Australia",
        "source_url": "https://www.wikidata.org/wiki/Q1444175",
        "source_coordinate_url": "https://www.wikidata.org/wiki/Special:EntityData/Q1444175.json",
        "wikidata_id": "Q1444175",
        "wikidata_coordinate_claim": "q1444175$8217C86A-43C1-4582-AEC6-9710809363FC",
        "coordinate_precision": 0.00027777777777778,
        "retrieved_on": "2026-09-26",
        "license": "CC0-1.0",
        "label_note": "Reference point: Tumbarumba. This does not represent the wine-area boundary or an official wine-area centroid."
      },
      "geometry": {
        "type": "Point",
        "coordinates": [
          148.01666666667,
          -35.783333333333
        ]
      }
    },
    {
      "type": "Feature",
      "properties": {
        "node": "n_geo_riverina_wine",
        "node_id": "n_geo_riverina_wine",
        "name": "Riverina",
        "parent_node_id": "n_geo_new_south_wales",
        "country_node_id": "n_geo_australia",
        "point_role": "gazetteer_reference_point",
        "point_place_name": "Griffith, New South Wales",
        "point_description": "city in New South Wales, Australia",
        "source_url": "https://www.wikidata.org/wiki/Q14217100",
        "source_coordinate_url": "https://www.wikidata.org/wiki/Special:EntityData/Q14217100.json",
        "wikidata_id": "Q14217100",
        "wikidata_coordinate_claim": "Q14217100$0CF93F7E-D257-4CF6-BF56-2F12539760C4",
        "coordinate_precision": 0.000278,
        "retrieved_on": "2026-09-26",
        "license": "CC0-1.0",
        "label_note": "Reference point: Griffith, New South Wales. This does not represent the wine-area boundary or an official wine-area centroid."
      },
      "geometry": {
        "type": "Point",
        "coordinates": [
          146.0344444,
          -34.281666666666666
        ]
      }
    },
    {
      "type": "Feature",
      "properties": {
        "node": "n_geo_canberra_district",
        "node_id": "n_geo_canberra_district",
        "name": "Canberra District",
        "parent_node_id": "n_geo_australia",
        "country_node_id": "n_geo_australia",
        "point_role": "gazetteer_reference_point",
        "point_place_name": "Canberra District wine region",
        "point_description": "wine producing region in Australia",
        "source_url": "https://www.wikidata.org/wiki/Q5031253",
        "source_coordinate_url": "https://www.wikidata.org/wiki/Special:EntityData/Q5031253.json",
        "wikidata_id": "Q5031253",
        "wikidata_coordinate_claim": "q5031253$3C346C6D-D6D4-4354-842C-405D18ABD44C",
        "coordinate_precision": 0.00001,
        "retrieved_on": "2026-09-26",
        "license": "CC0-1.0",
        "label_note": "Reference point: Canberra District wine region. This does not represent the wine-area boundary or an official wine-area centroid."
      },
      "geometry": {
        "type": "Point",
        "coordinates": [
          149.333,
          -35
        ]
      }
    },
    {
      "type": "Feature",
      "properties": {
        "node": "n_geo_pemberton_wine",
        "node_id": "n_geo_pemberton_wine",
        "name": "Pemberton",
        "parent_node_id": "n_geo_western_australia",
        "country_node_id": "n_geo_australia",
        "point_role": "gazetteer_reference_point",
        "point_place_name": "Pemberton, Western Australia",
        "point_description": "town in Western Australia",
        "source_url": "https://www.wikidata.org/wiki/Q918067",
        "source_coordinate_url": "https://www.wikidata.org/wiki/Special:EntityData/Q918067.json",
        "wikidata_id": "Q918067",
        "wikidata_coordinate_claim": "q918067$E1585DD4-9B6A-4F57-AC4A-29CA55316B24",
        "coordinate_precision": 0.01,
        "retrieved_on": "2026-09-26",
        "license": "CC0-1.0",
        "label_note": "Reference point: Pemberton, Western Australia. This does not represent the wine-area boundary or an official wine-area centroid."
      },
      "geometry": {
        "type": "Point",
        "coordinates": [
          116.05,
          -34.44
        ]
      }
    },
    {
      "type": "Feature",
      "properties": {
        "node": "n_geo_swan_district",
        "node_id": "n_geo_swan_district",
        "name": "Swan District",
        "parent_node_id": "n_geo_western_australia",
        "country_node_id": "n_geo_australia",
        "point_role": "gazetteer_reference_point",
        "point_place_name": "Swan Valley (Western Australia)",
        "point_description": "region in north eastern Perth, Western Australia.",
        "source_url": "https://www.wikidata.org/wiki/Q641419",
        "source_coordinate_url": "https://www.wikidata.org/wiki/Special:EntityData/Q641419.json",
        "wikidata_id": "Q641419",
        "wikidata_coordinate_claim": "q641419$DAAC6A83-E3A1-468F-A26E-4738F35A2DAB",
        "coordinate_precision": 0.0001,
        "retrieved_on": "2026-09-26",
        "license": "CC0-1.0",
        "label_note": "Reference point: Swan Valley (Western Australia). This does not represent the wine-area boundary or an official wine-area centroid."
      },
      "geometry": {
        "type": "Point",
        "coordinates": [
          116,
          -31.8333
        ]
      }
    },
    {
      "type": "Feature",
      "properties": {
        "node": "n_geo_swan_valley",
        "node_id": "n_geo_swan_valley",
        "name": "Swan Valley",
        "parent_node_id": "n_geo_swan_district",
        "country_node_id": "n_geo_australia",
        "point_role": "gazetteer_reference_point",
        "point_place_name": "Swan Valley (Western Australia)",
        "point_description": "region in north eastern Perth, Western Australia.",
        "source_url": "https://www.wikidata.org/wiki/Q641419",
        "source_coordinate_url": "https://www.wikidata.org/wiki/Special:EntityData/Q641419.json",
        "wikidata_id": "Q641419",
        "wikidata_coordinate_claim": "q641419$DAAC6A83-E3A1-468F-A26E-4738F35A2DAB",
        "coordinate_precision": 0.0001,
        "retrieved_on": "2026-09-26",
        "license": "CC0-1.0",
        "label_note": "Reference point: Swan Valley (Western Australia). This does not represent the wine-area boundary or an official wine-area centroid."
      },
      "geometry": {
        "type": "Point",
        "coordinates": [
          116,
          -31.8333
        ]
      }
    },
    {
      "type": "Feature",
      "properties": {
        "node": "n_geo_gibbston",
        "node_id": "n_geo_gibbston",
        "name": "Gibbston",
        "parent_node_id": "n_geo_central_otago",
        "country_node_id": "n_geo_new_zealand",
        "point_role": "gazetteer_reference_point",
        "point_place_name": "Gibbston",
        "point_description": "human settlement in Queenstown-Lakes District, Otago Region, New Zealand",
        "source_url": "https://www.wikidata.org/wiki/Q4068924",
        "source_coordinate_url": "https://www.wikidata.org/wiki/Special:EntityData/Q4068924.json",
        "wikidata_id": "Q4068924",
        "wikidata_coordinate_claim": "q4068924$68952938-7564-4C5E-858B-9061C701A0C2",
        "coordinate_precision": 0.0001,
        "retrieved_on": "2026-09-26",
        "license": "CC0-1.0",
        "label_note": "Reference point: Gibbston. This does not represent the wine-area boundary or an official wine-area centroid."
      },
      "geometry": {
        "type": "Point",
        "coordinates": [
          168.957,
          -45.0257
        ]
      }
    },
    {
      "type": "Feature",
      "properties": {
        "node": "n_geo_cromwell_basin",
        "node_id": "n_geo_cromwell_basin",
        "name": "Cromwell Basin",
        "parent_node_id": "n_geo_central_otago",
        "country_node_id": "n_geo_new_zealand",
        "point_role": "gazetteer_reference_point",
        "point_place_name": "Cromwell, New Zealand",
        "point_description": "town in Central Otago District, Otago Region, New Zealand",
        "source_url": "https://www.wikidata.org/wiki/Q973355",
        "source_coordinate_url": "https://www.wikidata.org/wiki/Special:EntityData/Q973355.json",
        "wikidata_id": "Q973355",
        "wikidata_coordinate_claim": "q973355$FEEAEF5D-3B20-467E-9591-B9E0DFED0B4F",
        "coordinate_precision": 0.01,
        "retrieved_on": "2026-09-26",
        "license": "CC0-1.0",
        "label_note": "Reference point: Cromwell, New Zealand. This does not represent the wine-area boundary or an official wine-area centroid."
      },
      "geometry": {
        "type": "Point",
        "coordinates": [
          169.2,
          -45.04
        ]
      }
    },
    {
      "type": "Feature",
      "properties": {
        "node": "n_geo_lowburn",
        "node_id": "n_geo_lowburn",
        "name": "Lowburn",
        "parent_node_id": "n_geo_central_otago",
        "country_node_id": "n_geo_new_zealand",
        "point_role": "gazetteer_reference_point",
        "point_place_name": "Lowburn",
        "point_description": "locality in New Zealand",
        "source_url": "https://www.wikidata.org/wiki/Q6693070",
        "source_coordinate_url": "https://www.wikidata.org/wiki/Special:EntityData/Q6693070.json",
        "wikidata_id": "Q6693070",
        "wikidata_coordinate_claim": "Q6693070$bd74040e-461d-e0ed-c6a3-e570f0654937",
        "coordinate_precision": 0.001,
        "retrieved_on": "2026-09-26",
        "license": "CC0-1.0",
        "label_note": "Reference point: Lowburn. This does not represent the wine-area boundary or an official wine-area centroid."
      },
      "geometry": {
        "type": "Point",
        "coordinates": [
          169.213,
          -45.004
        ]
      }
    },
    {
      "type": "Feature",
      "properties": {
        "node": "n_geo_pisa_wine",
        "node_id": "n_geo_pisa_wine",
        "name": "Pisa",
        "parent_node_id": "n_geo_central_otago",
        "country_node_id": "n_geo_new_zealand",
        "point_role": "gazetteer_reference_point",
        "point_place_name": "Pisa Moorings",
        "point_description": "rural settlement in Otago, New Zealand",
        "source_url": "https://www.wikidata.org/wiki/Q109974425",
        "source_coordinate_url": "https://www.wikidata.org/wiki/Special:EntityData/Q109974425.json",
        "wikidata_id": "Q109974425",
        "wikidata_coordinate_claim": "Q109974425$17f3bbfc-1282-4e5b-a78a-f5dcd95280c4",
        "coordinate_precision": 0.001,
        "retrieved_on": "2026-09-26",
        "license": "CC0-1.0",
        "label_note": "Reference point: Pisa Moorings. This does not represent the wine-area boundary or an official wine-area centroid."
      },
      "geometry": {
        "type": "Point",
        "coordinates": [
          169.239,
          -44.978
        ]
      }
    },
    {
      "type": "Feature",
      "properties": {
        "node": "n_geo_bendigo_otago",
        "node_id": "n_geo_bendigo_otago",
        "name": "Bendigo (Central Otago)",
        "parent_node_id": "n_geo_central_otago",
        "country_node_id": "n_geo_new_zealand",
        "point_role": "gazetteer_reference_point",
        "point_place_name": "Bendigo, New Zealand",
        "point_description": "locality in New Zealand",
        "source_url": "https://www.wikidata.org/wiki/Q16823009",
        "source_coordinate_url": "https://www.wikidata.org/wiki/Special:EntityData/Q16823009.json",
        "wikidata_id": "Q16823009",
        "wikidata_coordinate_claim": "Q16823009$2360240E-A652-4554-8F7D-9D14DC083B60",
        "coordinate_precision": 0.000001,
        "retrieved_on": "2026-09-26",
        "license": "CC0-1.0",
        "label_note": "Reference point: Bendigo, New Zealand. This does not represent the wine-area boundary or an official wine-area centroid."
      },
      "geometry": {
        "type": "Point",
        "coordinates": [
          169.34363,
          -44.92591
        ]
      }
    },
    {
      "type": "Feature",
      "properties": {
        "node": "n_geo_alexandra_otago",
        "node_id": "n_geo_alexandra_otago",
        "name": "Alexandra (Central Otago)",
        "parent_node_id": "n_geo_central_otago",
        "country_node_id": "n_geo_new_zealand",
        "point_role": "gazetteer_reference_point",
        "point_place_name": "Alexandra, New Zealand",
        "point_description": "locality in Central Otago District, Otago Region, New Zealand",
        "source_url": "https://www.wikidata.org/wiki/Q2058593",
        "source_coordinate_url": "https://www.wikidata.org/wiki/Special:EntityData/Q2058593.json",
        "wikidata_id": "Q2058593",
        "wikidata_coordinate_claim": "q2058593$E00C2323-18C6-402D-82A3-6260295E1B16",
        "coordinate_precision": null,
        "retrieved_on": "2026-09-26",
        "license": "CC0-1.0",
        "label_note": "Reference point: Alexandra, New Zealand. This does not represent the wine-area boundary or an official wine-area centroid."
      },
      "geometry": {
        "type": "Point",
        "coordinates": [
          169.37972222222,
          -45.249166666667
        ]
      }
    },
    {
      "type": "Feature",
      "properties": {
        "node": "n_geo_wanaka_wine",
        "node_id": "n_geo_wanaka_wine",
        "name": "Wānaka",
        "parent_node_id": "n_geo_central_otago",
        "country_node_id": "n_geo_new_zealand",
        "point_role": "gazetteer_reference_point",
        "point_place_name": "Wānaka",
        "point_description": "ski and summer resort town in the Otago region of the South Island of New Zealand",
        "source_url": "https://www.wikidata.org/wiki/Q930344",
        "source_coordinate_url": "https://www.wikidata.org/wiki/Special:EntityData/Q930344.json",
        "wikidata_id": "Q930344",
        "wikidata_coordinate_claim": "q930344$3A412694-5D0A-47EB-9652-B7FDCB02EBF6",
        "coordinate_precision": 0.00001,
        "retrieved_on": "2026-09-26",
        "license": "CC0-1.0",
        "label_note": "Reference point: Wānaka. This does not represent the wine-area boundary or an official wine-area centroid."
      },
      "geometry": {
        "type": "Point",
        "coordinates": [
          169.123889,
          -44.708056
        ]
      }
    },
    {
      "type": "Feature",
      "properties": {
        "node": "n_geo_wairau_valley",
        "node_id": "n_geo_wairau_valley",
        "name": "Wairau Valley",
        "parent_node_id": "n_geo_marlborough",
        "country_node_id": "n_geo_new_zealand",
        "point_role": "gazetteer_reference_point",
        "point_place_name": "Wairau Valley",
        "point_description": "locality in Marlborough District, New Zealand",
        "source_url": "https://www.wikidata.org/wiki/Q14479614",
        "source_coordinate_url": "https://www.wikidata.org/wiki/Special:EntityData/Q14479614.json",
        "wikidata_id": "Q14479614",
        "wikidata_coordinate_claim": "Q14479614$3C847FF7-4AE3-42F5-9586-9BE92A19FCA7",
        "coordinate_precision": 0.12006407368248,
        "retrieved_on": "2026-09-26",
        "license": "CC0-1.0",
        "label_note": "Reference point: Wairau Valley. This does not represent the wine-area boundary or an official wine-area centroid."
      },
      "geometry": {
        "type": "Point",
        "coordinates": [
          173.529,
          -41.5656
        ]
      }
    },
    {
      "type": "Feature",
      "properties": {
        "node": "n_geo_awatere_valley",
        "node_id": "n_geo_awatere_valley",
        "name": "Awatere Valley",
        "parent_node_id": "n_geo_marlborough",
        "country_node_id": "n_geo_new_zealand",
        "point_role": "gazetteer_reference_point",
        "point_place_name": "Seddon, New Zealand",
        "point_description": "locality in Marlborough District, New Zealand",
        "source_url": "https://www.wikidata.org/wiki/Q2264298",
        "source_coordinate_url": "https://www.wikidata.org/wiki/Special:EntityData/Q2264298.json",
        "wikidata_id": "Q2264298",
        "wikidata_coordinate_claim": "Q2264298$A9AD5DE8-6BB2-4FF7-822F-24AD6DC1B103",
        "coordinate_precision": 0.00027777777777778,
        "retrieved_on": "2026-09-26",
        "license": "CC0-1.0",
        "label_note": "Reference point: Seddon, New Zealand. This does not represent the wine-area boundary or an official wine-area centroid."
      },
      "geometry": {
        "type": "Point",
        "coordinates": [
          174.07361111,
          -41.67
        ]
      }
    },
    {
      "type": "Feature",
      "properties": {
        "node": "n_geo_southern_valleys_marlborough",
        "node_id": "n_geo_southern_valleys_marlborough",
        "name": "Southern Valleys (Marlborough)",
        "parent_node_id": "n_geo_marlborough",
        "country_node_id": "n_geo_new_zealand",
        "point_role": "gazetteer_reference_point",
        "point_place_name": "Fairhall",
        "point_description": "human settlement in Marlborough District, New Zealand",
        "source_url": "https://www.wikidata.org/wiki/Q5430446",
        "source_coordinate_url": "https://www.wikidata.org/wiki/Special:EntityData/Q5430446.json",
        "wikidata_id": "Q5430446",
        "wikidata_coordinate_claim": "q5430446$1A55E803-6AD6-43BA-9DA1-5F51C065162D",
        "coordinate_precision": 0.00027777777777778,
        "retrieved_on": "2026-09-26",
        "license": "CC0-1.0",
        "label_note": "Reference point: Fairhall. This does not represent the wine-area boundary or an official wine-area centroid."
      },
      "geometry": {
        "type": "Point",
        "coordinates": [
          173.87805555556,
          -41.529722222222
        ]
      }
    },
    {
      "type": "Feature",
      "properties": {
        "node": "n_geo_gladstone_wairarapa",
        "node_id": "n_geo_gladstone_wairarapa",
        "name": "Gladstone (Wairarapa)",
        "parent_node_id": "n_geo_wairarapa",
        "country_node_id": "n_geo_new_zealand",
        "point_role": "gazetteer_reference_point",
        "point_place_name": "Gladstone, New Zealand",
        "point_description": "locality in Carterton District, Wellington Region, New Zealand",
        "source_url": "https://www.wikidata.org/wiki/Q1529086",
        "source_coordinate_url": "https://www.wikidata.org/wiki/Special:EntityData/Q1529086.json",
        "wikidata_id": "Q1529086",
        "wikidata_coordinate_claim": "Q1529086$48290df2-4df3-c5c4-51b0-74e37bca8064",
        "coordinate_precision": 0.001,
        "retrieved_on": "2026-09-26",
        "license": "CC0-1.0",
        "label_note": "Reference point: Gladstone, New Zealand. This does not represent the wine-area boundary or an official wine-area centroid."
      },
      "geometry": {
        "type": "Point",
        "coordinates": [
          175.645,
          -41.086
        ]
      }
    },
    {
      "type": "Feature",
      "properties": {
        "node": "n_geo_waitaki_valley_wine",
        "node_id": "n_geo_waitaki_valley_wine",
        "name": "Waitaki Valley, North Otago",
        "parent_node_id": "n_geo_new_zealand",
        "country_node_id": "n_geo_new_zealand",
        "point_role": "gazetteer_reference_point",
        "point_place_name": "Kurow",
        "point_description": "locality in New Zealand",
        "source_url": "https://www.wikidata.org/wiki/Q1292255",
        "source_coordinate_url": "https://www.wikidata.org/wiki/Special:EntityData/Q1292255.json",
        "wikidata_id": "Q1292255",
        "wikidata_coordinate_claim": "q1292255$E82B9015-A913-4386-A257-1F6DC8B44698",
        "coordinate_precision": 0.016666666666667,
        "retrieved_on": "2026-09-26",
        "license": "CC0-1.0",
        "label_note": "Reference point: Kurow. This does not represent the wine-area boundary or an official wine-area centroid."
      },
      "geometry": {
        "type": "Point",
        "coordinates": [
          170.46666666667,
          -44.733333333333
        ]
      }
    },
    {
      "type": "Feature",
      "properties": {
        "node": "n_geo_auckland_wine",
        "node_id": "n_geo_auckland_wine",
        "name": "Auckland",
        "parent_node_id": "n_geo_new_zealand",
        "country_node_id": "n_geo_new_zealand",
        "point_role": "gazetteer_reference_point",
        "point_place_name": "Kumeū",
        "point_description": "town in the Auckland Region, New Zealand",
        "source_url": "https://www.wikidata.org/wiki/Q267227",
        "source_coordinate_url": "https://www.wikidata.org/wiki/Special:EntityData/Q267227.json",
        "wikidata_id": "Q267227",
        "wikidata_coordinate_claim": "q267227$9DAFB4E9-D314-49DD-BA5F-49AE9803F50D",
        "coordinate_precision": 0.00027777777777778,
        "retrieved_on": "2026-09-26",
        "license": "CC0-1.0",
        "label_note": "Reference point: Kumeū. This does not represent the wine-area boundary or an official wine-area centroid."
      },
      "geometry": {
        "type": "Point",
        "coordinates": [
          174.55527777778,
          -36.775833333333
        ]
      }
    },
    {
      "type": "Feature",
      "properties": {
        "node": "n_geo_waiheke_island_wine",
        "node_id": "n_geo_waiheke_island_wine",
        "name": "Waiheke Island",
        "parent_node_id": "n_geo_auckland_wine",
        "country_node_id": "n_geo_new_zealand",
        "point_role": "gazetteer_reference_point",
        "point_place_name": "Waiheke Island",
        "point_description": "island in the Hauraki Gulf of New Zealand",
        "source_url": "https://www.wikidata.org/wiki/Q909136",
        "source_coordinate_url": "https://www.wikidata.org/wiki/Special:EntityData/Q909136.json",
        "wikidata_id": "Q909136",
        "wikidata_coordinate_claim": "q909136$436FBA57-DFDC-47C7-8D98-1516A16BA7B2",
        "coordinate_precision": 0.016666666666667,
        "retrieved_on": "2026-09-26",
        "license": "CC0-1.0",
        "label_note": "Reference point: Waiheke Island. This does not represent the wine-area boundary or an official wine-area centroid."
      },
      "geometry": {
        "type": "Point",
        "coordinates": [
          175.1,
          -36.8
        ]
      }
    },
    {
      "type": "Feature",
      "properties": {
        "node": "n_geo_kumeu_wine",
        "node_id": "n_geo_kumeu_wine",
        "name": "Kumeu",
        "parent_node_id": "n_geo_auckland_wine",
        "country_node_id": "n_geo_new_zealand",
        "point_role": "gazetteer_reference_point",
        "point_place_name": "Huapai",
        "point_description": "locality in Auckland Region, New Zealand",
        "source_url": "https://www.wikidata.org/wiki/Q10963690",
        "source_coordinate_url": "https://www.wikidata.org/wiki/Special:EntityData/Q10963690.json",
        "wikidata_id": "Q10963690",
        "wikidata_coordinate_claim": "q10963690$514D2015-A24E-4309-87F7-5F0B91136C40",
        "coordinate_precision": 0.00027777777777778,
        "retrieved_on": "2026-09-26",
        "license": "CC0-1.0",
        "label_note": "Reference point: Huapai. This does not represent the wine-area boundary or an official wine-area centroid."
      },
      "geometry": {
        "type": "Point",
        "coordinates": [
          174.53861111111,
          -36.771388888889
        ]
      }
    },
    {
      "type": "Feature",
      "properties": {
        "node": "n_geo_northland_wine",
        "node_id": "n_geo_northland_wine",
        "name": "Northland",
        "parent_node_id": "n_geo_new_zealand",
        "country_node_id": "n_geo_new_zealand",
        "point_role": "gazetteer_reference_point",
        "point_place_name": "Northland Region",
        "point_description": "region at the northern end of New Zealand's North Island",
        "source_url": "https://www.wikidata.org/wiki/Q59596",
        "source_coordinate_url": "https://www.wikidata.org/wiki/Special:EntityData/Q59596.json",
        "wikidata_id": "Q59596",
        "wikidata_coordinate_claim": "Q59596$E251AFA7-014A-46AF-AC6A-3E65716A05B9",
        "coordinate_precision": 0.0001,
        "retrieved_on": "2026-09-26",
        "license": "CC0-1.0",
        "label_note": "Reference point: Northland Region. This does not represent the wine-area boundary or an official wine-area centroid."
      },
      "geometry": {
        "type": "Point",
        "coordinates": [
          173.97,
          -35.58
        ]
      }
    },
    {
      "type": "Feature",
      "properties": {
        "node": "n_geo_matakana_wine",
        "node_id": "n_geo_matakana_wine",
        "name": "Matakana",
        "parent_node_id": "n_geo_auckland_wine",
        "country_node_id": "n_geo_new_zealand",
        "point_role": "gazetteer_reference_point",
        "point_place_name": "Matakana",
        "point_description": "locality in Auckland Region, New Zealand",
        "source_url": "https://www.wikidata.org/wiki/Q6786009",
        "source_coordinate_url": "https://www.wikidata.org/wiki/Special:EntityData/Q6786009.json",
        "wikidata_id": "Q6786009",
        "wikidata_coordinate_claim": "q6786009$64585F41-7E3F-4CC6-B7DB-C4499252922C",
        "coordinate_precision": 0.000001,
        "retrieved_on": "2026-09-26",
        "license": "CC0-1.0",
        "label_note": "Reference point: Matakana. This does not represent the wine-area boundary or an official wine-area centroid."
      },
      "geometry": {
        "type": "Point",
        "coordinates": [
          174.714356,
          -36.349773
        ]
      }
    },
    {
      "type": "Feature",
      "properties": {
        "node": "n_geo_central_hawkes_bay",
        "node_id": "n_geo_central_hawkes_bay",
        "name": "Central Hawke’s Bay",
        "parent_node_id": "n_geo_hawkes_bay",
        "country_node_id": "n_geo_new_zealand",
        "point_role": "gazetteer_reference_point",
        "point_place_name": "Waipukurau",
        "point_description": "town in New Zealand",
        "source_url": "https://www.wikidata.org/wiki/Q913122",
        "source_coordinate_url": "https://www.wikidata.org/wiki/Special:EntityData/Q913122.json",
        "wikidata_id": "Q913122",
        "wikidata_coordinate_claim": "q913122$0C30FE90-F2DE-4375-9BEA-F659DD339EFC",
        "coordinate_precision": null,
        "retrieved_on": "2026-09-26",
        "license": "CC0-1.0",
        "label_note": "Reference point: Waipukurau. This does not represent the wine-area boundary or an official wine-area centroid."
      },
      "geometry": {
        "type": "Point",
        "coordinates": [
          176.557,
          -39.995
        ]
      }
    },
    {
      "type": "Feature",
      "properties": {
        "node": "n_geo_canterbury_wine",
        "node_id": "n_geo_canterbury_wine",
        "name": "Canterbury",
        "parent_node_id": "n_geo_new_zealand",
        "country_node_id": "n_geo_new_zealand",
        "point_role": "gazetteer_reference_point",
        "point_place_name": "Canterbury Region",
        "point_description": "region of New Zealand's South Island",
        "source_url": "https://www.wikidata.org/wiki/Q657004",
        "source_coordinate_url": "https://www.wikidata.org/wiki/Special:EntityData/Q657004.json",
        "wikidata_id": "Q657004",
        "wikidata_coordinate_claim": "q657004$171F7CE7-5581-4ADF-AAEE-9B5D03B16033",
        "coordinate_precision": 0.0166667,
        "retrieved_on": "2026-09-26",
        "license": "CC0-1.0",
        "label_note": "Reference point: Canterbury Region. This does not represent the wine-area boundary or an official wine-area centroid."
      },
      "geometry": {
        "type": "Point",
        "coordinates": [
          172,
          -43.6
        ]
      }
    },
    {
      "type": "Feature",
      "properties": {
        "node": "n_geo_simonsberg_stellenbosch",
        "node_id": "n_geo_simonsberg_stellenbosch",
        "name": "Simonsberg-Stellenbosch",
        "parent_node_id": "n_geo_stellenbosch",
        "country_node_id": "n_geo_south_africa",
        "point_role": "gazetteer_reference_point",
        "point_place_name": "Simonsberg",
        "point_description": "mountain in Germany",
        "source_url": "https://www.wikidata.org/wiki/Q5836308",
        "source_coordinate_url": "https://www.wikidata.org/wiki/Special:EntityData/Q5836308.json",
        "wikidata_id": "Q5836308",
        "wikidata_coordinate_claim": "q5836308$6C1007EF-E541-47D0-8214-525B74332E57",
        "coordinate_precision": 0.00027777777777778,
        "retrieved_on": "2026-09-26",
        "license": "CC0-1.0",
        "label_note": "Reference point: Simonsberg. This does not represent the wine-area boundary or an official wine-area centroid."
      },
      "geometry": {
        "type": "Point",
        "coordinates": [
          8.9719444444444,
          54.436666666667
        ]
      }
    },
    {
      "type": "Feature",
      "properties": {
        "node": "n_geo_cape_town_wine",
        "node_id": "n_geo_cape_town_wine",
        "name": "Cape Town (wine district)",
        "parent_node_id": "n_geo_coastal_region",
        "country_node_id": "n_geo_south_africa",
        "point_role": "gazetteer_reference_point",
        "point_place_name": "Cape Town",
        "point_description": "city in the Western Cape, South Africa",
        "source_url": "https://www.wikidata.org/wiki/Q5465",
        "source_coordinate_url": "https://www.wikidata.org/wiki/Special:EntityData/Q5465.json",
        "wikidata_id": "Q5465",
        "wikidata_coordinate_claim": "q5465$71122937-C1D2-4535-83C2-F563C3B2425C",
        "coordinate_precision": 0.0002777777777777778,
        "retrieved_on": "2026-09-26",
        "license": "CC0-1.0",
        "label_note": "Reference point: Cape Town. This does not represent the wine-area boundary or an official wine-area centroid."
      },
      "geometry": {
        "type": "Point",
        "coordinates": [
          18.42388888888889,
          -33.92527777777778
        ]
      }
    },
    {
      "type": "Feature",
      "properties": {
        "node": "n_geo_durbanville_wine",
        "node_id": "n_geo_durbanville_wine",
        "name": "Durbanville",
        "parent_node_id": "n_geo_cape_town_wine",
        "country_node_id": "n_geo_south_africa",
        "point_role": "gazetteer_reference_point",
        "point_place_name": "Durbanville",
        "point_description": "Suburb in the Western Cape, South Africa",
        "source_url": "https://www.wikidata.org/wiki/Q3041548",
        "source_coordinate_url": "https://www.wikidata.org/wiki/Special:EntityData/Q3041548.json",
        "wikidata_id": "Q3041548",
        "wikidata_coordinate_claim": "q3041548$2C1B5B77-9BDF-4B0A-8D09-EB2407305382",
        "coordinate_precision": 0.016666666666667,
        "retrieved_on": "2026-09-26",
        "license": "CC0-1.0",
        "label_note": "Reference point: Durbanville. This does not represent the wine-area boundary or an official wine-area centroid."
      },
      "geometry": {
        "type": "Point",
        "coordinates": [
          18.85,
          -33.816666666667
        ]
      }
    },
    {
      "type": "Feature",
      "properties": {
        "node": "n_geo_franschhoek_wine",
        "node_id": "n_geo_franschhoek_wine",
        "name": "Franschhoek",
        "parent_node_id": "n_geo_coastal_region",
        "country_node_id": "n_geo_south_africa",
        "point_role": "gazetteer_reference_point",
        "point_place_name": "Franschhoek",
        "point_description": "town in the Western Cape, South Africa",
        "source_url": "https://www.wikidata.org/wiki/Q1025086",
        "source_coordinate_url": "https://www.wikidata.org/wiki/Special:EntityData/Q1025086.json",
        "wikidata_id": "Q1025086",
        "wikidata_coordinate_claim": "q1025086$7B13A35A-AE0F-40FE-B009-BB98DC1A8B8C",
        "coordinate_precision": 0.016666666666667,
        "retrieved_on": "2026-09-26",
        "license": "CC0-1.0",
        "label_note": "Reference point: Franschhoek. This does not represent the wine-area boundary or an official wine-area centroid."
      },
      "geometry": {
        "type": "Point",
        "coordinates": [
          19.133333333333,
          -33.916666666667
        ]
      }
    },
    {
      "type": "Feature",
      "properties": {
        "node": "n_geo_wellington_wine",
        "node_id": "n_geo_wellington_wine",
        "name": "Wellington",
        "parent_node_id": "n_geo_coastal_region",
        "country_node_id": "n_geo_south_africa",
        "point_role": "gazetteer_reference_point",
        "point_place_name": "Wellington, South Africa",
        "point_description": "town in the Western Cape, South Africa",
        "source_url": "https://www.wikidata.org/wiki/Q1534385",
        "source_coordinate_url": "https://www.wikidata.org/wiki/Special:EntityData/Q1534385.json",
        "wikidata_id": "Q1534385",
        "wikidata_coordinate_claim": "q1534385$E690D9EA-AF6A-47B6-BA9C-C2526A022D86",
        "coordinate_precision": 0.016666666666667,
        "retrieved_on": "2026-09-26",
        "license": "CC0-1.0",
        "label_note": "Reference point: Wellington, South Africa. This does not represent the wine-area boundary or an official wine-area centroid."
      },
      "geometry": {
        "type": "Point",
        "coordinates": [
          18.983333333333,
          -33.633333333333
        ]
      }
    },
    {
      "type": "Feature",
      "properties": {
        "node": "n_geo_tulbagh_wine",
        "node_id": "n_geo_tulbagh_wine",
        "name": "Tulbagh",
        "parent_node_id": "n_geo_coastal_region",
        "country_node_id": "n_geo_south_africa",
        "point_role": "gazetteer_reference_point",
        "point_place_name": "Tulbagh",
        "point_description": "place in Western Cape, South Africa",
        "source_url": "https://www.wikidata.org/wiki/Q1937242",
        "source_coordinate_url": "https://www.wikidata.org/wiki/Special:EntityData/Q1937242.json",
        "wikidata_id": "Q1937242",
        "wikidata_coordinate_claim": "q1937242$FAFF2D33-1663-43BD-B7F3-6A42B0090181",
        "coordinate_precision": 0.00027777777777778,
        "retrieved_on": "2026-09-26",
        "license": "CC0-1.0",
        "label_note": "Reference point: Tulbagh. This does not represent the wine-area boundary or an official wine-area centroid."
      },
      "geometry": {
        "type": "Point",
        "coordinates": [
          19.137777777778,
          -33.285
        ]
      }
    },
    {
      "type": "Feature",
      "properties": {
        "node": "n_geo_darling_wine",
        "node_id": "n_geo_darling_wine",
        "name": "Darling",
        "parent_node_id": "n_geo_coastal_region",
        "country_node_id": "n_geo_south_africa",
        "point_role": "gazetteer_reference_point",
        "point_place_name": "Darling, South Africa",
        "point_description": "town in the Western Cape, South Africa",
        "source_url": "https://www.wikidata.org/wiki/Q1003369",
        "source_coordinate_url": "https://www.wikidata.org/wiki/Special:EntityData/Q1003369.json",
        "wikidata_id": "Q1003369",
        "wikidata_coordinate_claim": "q1003369$C3ABB706-C833-4791-AE3C-80AAB1E2FEC2",
        "coordinate_precision": 0.016666666666667,
        "retrieved_on": "2026-09-26",
        "license": "CC0-1.0",
        "label_note": "Reference point: Darling, South Africa. This does not represent the wine-area boundary or an official wine-area centroid."
      },
      "geometry": {
        "type": "Point",
        "coordinates": [
          18.383333333333,
          -33.383333333333
        ]
      }
    },
    {
      "type": "Feature",
      "properties": {
        "node": "n_geo_breede_river_valley",
        "node_id": "n_geo_breede_river_valley",
        "name": "Breede River Valley",
        "parent_node_id": "n_geo_western_cape",
        "country_node_id": "n_geo_south_africa",
        "point_role": "gazetteer_reference_point",
        "point_place_name": "Breede River Valley",
        "point_description": "valley in Western Cape, South Africa",
        "source_url": "https://www.wikidata.org/wiki/Q4960213",
        "source_coordinate_url": "https://www.wikidata.org/wiki/Special:EntityData/Q4960213.json",
        "wikidata_id": "Q4960213",
        "wikidata_coordinate_claim": "q4960213$71C5D71D-B4D8-46E6-B37F-8B6AE7CE4736",
        "coordinate_precision": 0.016666666666667,
        "retrieved_on": "2026-09-26",
        "license": "CC0-1.0",
        "label_note": "Reference point: Breede River Valley. This does not represent the wine-area boundary or an official wine-area centroid."
      },
      "geometry": {
        "type": "Point",
        "coordinates": [
          19.5,
          -33.75
        ]
      }
    },
    {
      "type": "Feature",
      "properties": {
        "node": "n_geo_robertson_wine",
        "node_id": "n_geo_robertson_wine",
        "name": "Robertson",
        "parent_node_id": "n_geo_breede_river_valley",
        "country_node_id": "n_geo_south_africa",
        "point_role": "gazetteer_reference_point",
        "point_place_name": "Robertson, South Africa",
        "point_description": "town in the Western Cape, South Africa",
        "source_url": "https://www.wikidata.org/wiki/Q2096823",
        "source_coordinate_url": "https://www.wikidata.org/wiki/Special:EntityData/Q2096823.json",
        "wikidata_id": "Q2096823",
        "wikidata_coordinate_claim": "q2096823$B8291BF6-A510-47A8-A33A-AAF2CE494725",
        "coordinate_precision": 0.016666666666667,
        "retrieved_on": "2026-09-26",
        "license": "CC0-1.0",
        "label_note": "Reference point: Robertson, South Africa. This does not represent the wine-area boundary or an official wine-area centroid."
      },
      "geometry": {
        "type": "Point",
        "coordinates": [
          19.883333333333,
          -33.8
        ]
      }
    },
    {
      "type": "Feature",
      "properties": {
        "node": "n_geo_worcester_wine",
        "node_id": "n_geo_worcester_wine",
        "name": "Worcester",
        "parent_node_id": "n_geo_breede_river_valley",
        "country_node_id": "n_geo_south_africa",
        "point_role": "gazetteer_reference_point",
        "point_place_name": "Worcester, South Africa",
        "point_description": "town in the Western Cape, South Africa",
        "source_url": "https://www.wikidata.org/wiki/Q1025649",
        "source_coordinate_url": "https://www.wikidata.org/wiki/Special:EntityData/Q1025649.json",
        "wikidata_id": "Q1025649",
        "wikidata_coordinate_claim": "q1025649$D8784E78-0AD0-45EE-94A0-F52401A785B0",
        "coordinate_precision": 0.00027777777777778,
        "retrieved_on": "2026-09-26",
        "license": "CC0-1.0",
        "label_note": "Reference point: Worcester, South Africa. This does not represent the wine-area boundary or an official wine-area centroid."
      },
      "geometry": {
        "type": "Point",
        "coordinates": [
          19.443611111111,
          -33.645
        ]
      }
    },
    {
      "type": "Feature",
      "properties": {
        "node": "n_geo_breedekloof",
        "node_id": "n_geo_breedekloof",
        "name": "Breedekloof",
        "parent_node_id": "n_geo_breede_river_valley",
        "country_node_id": "n_geo_south_africa",
        "point_role": "gazetteer_reference_point",
        "point_place_name": "Rawsonville",
        "point_description": "place in Western Cape, South Africa",
        "source_url": "https://www.wikidata.org/wiki/Q2319575",
        "source_coordinate_url": "https://www.wikidata.org/wiki/Special:EntityData/Q2319575.json",
        "wikidata_id": "Q2319575",
        "wikidata_coordinate_claim": "q2319575$2AD6043D-820C-4271-9B38-5D7A346C6987",
        "coordinate_precision": 0.00027777777777778,
        "retrieved_on": "2026-09-26",
        "license": "CC0-1.0",
        "label_note": "Reference point: Rawsonville. This does not represent the wine-area boundary or an official wine-area centroid."
      },
      "geometry": {
        "type": "Point",
        "coordinates": [
          19.315,
          -33.684694444444
        ]
      }
    },
    {
      "type": "Feature",
      "properties": {
        "node": "n_geo_klein_karoo_wine",
        "node_id": "n_geo_klein_karoo_wine",
        "name": "Klein Karoo",
        "parent_node_id": "n_geo_western_cape",
        "country_node_id": "n_geo_south_africa",
        "point_role": "gazetteer_reference_point",
        "point_place_name": "Oudtshoorn",
        "point_description": "town in the Western Cape, South Africa",
        "source_url": "https://www.wikidata.org/wiki/Q951049",
        "source_coordinate_url": "https://www.wikidata.org/wiki/Special:EntityData/Q951049.json",
        "wikidata_id": "Q951049",
        "wikidata_coordinate_claim": "q951049$8DF08BB0-D9F0-445F-BF8E-593A2E609EBE",
        "coordinate_precision": 0.016666666666667,
        "retrieved_on": "2026-09-26",
        "license": "CC0-1.0",
        "label_note": "Reference point: Oudtshoorn. This does not represent the wine-area boundary or an official wine-area centroid."
      },
      "geometry": {
        "type": "Point",
        "coordinates": [
          22.2,
          -33.583333333333
        ]
      }
    },
    {
      "type": "Feature",
      "properties": {
        "node": "n_geo_calitzdorp_wine",
        "node_id": "n_geo_calitzdorp_wine",
        "name": "Calitzdorp",
        "parent_node_id": "n_geo_klein_karoo_wine",
        "country_node_id": "n_geo_south_africa",
        "point_role": "gazetteer_reference_point",
        "point_place_name": "Calitzdorp",
        "point_description": "town in the Western Cape, South Africa",
        "source_url": "https://www.wikidata.org/wiki/Q1027048",
        "source_coordinate_url": "https://www.wikidata.org/wiki/Special:EntityData/Q1027048.json",
        "wikidata_id": "Q1027048",
        "wikidata_coordinate_claim": "q1027048$F6754820-8BEE-4610-A2C5-DD9B6A9C8F38",
        "coordinate_precision": 0.00027777777777778,
        "retrieved_on": "2026-09-26",
        "license": "CC0-1.0",
        "label_note": "Reference point: Calitzdorp. This does not represent the wine-area boundary or an official wine-area centroid."
      },
      "geometry": {
        "type": "Point",
        "coordinates": [
          21.685163888889,
          -33.537386111111
        ]
      }
    },
    {
      "type": "Feature",
      "properties": {
        "node": "n_geo_cape_agulhas_wine",
        "node_id": "n_geo_cape_agulhas_wine",
        "name": "Cape Agulhas",
        "parent_node_id": "n_geo_cape_south_coast",
        "country_node_id": "n_geo_south_africa",
        "point_role": "gazetteer_reference_point",
        "point_place_name": "Bredasdorp",
        "point_description": "town in the Western Cape, South Africa",
        "source_url": "https://www.wikidata.org/wiki/Q1640898",
        "source_coordinate_url": "https://www.wikidata.org/wiki/Special:EntityData/Q1640898.json",
        "wikidata_id": "Q1640898",
        "wikidata_coordinate_claim": "q1640898$E3F52C70-5326-4450-9C7D-E273DAF83584",
        "coordinate_precision": 0.00027777777777778,
        "retrieved_on": "2026-09-26",
        "license": "CC0-1.0",
        "label_note": "Reference point: Bredasdorp. This does not represent the wine-area boundary or an official wine-area centroid."
      },
      "geometry": {
        "type": "Point",
        "coordinates": [
          20.041666666667,
          -34.533333333333
        ]
      }
    },
    {
      "type": "Feature",
      "properties": {
        "node": "n_geo_elim_wine",
        "node_id": "n_geo_elim_wine",
        "name": "Elim",
        "parent_node_id": "n_geo_cape_agulhas_wine",
        "country_node_id": "n_geo_south_africa",
        "point_role": "gazetteer_reference_point",
        "point_place_name": "Elim, Western Cape",
        "point_description": "village in the Western Cape, South Africa",
        "source_url": "https://www.wikidata.org/wiki/Q1003342",
        "source_coordinate_url": "https://www.wikidata.org/wiki/Special:EntityData/Q1003342.json",
        "wikidata_id": "Q1003342",
        "wikidata_coordinate_claim": "q1003342$BBB1696D-E9AB-4D46-B2C9-8AD86A7F2151",
        "coordinate_precision": 0.00027777777777778,
        "retrieved_on": "2026-09-26",
        "license": "CC0-1.0",
        "label_note": "Reference point: Elim, Western Cape. This does not represent the wine-area boundary or an official wine-area centroid."
      },
      "geometry": {
        "type": "Point",
        "coordinates": [
          19.758333333333,
          -34.591666666667
        ]
      }
    },
    {
      "type": "Feature",
      "properties": {
        "node": "n_geo_bot_river_wine",
        "node_id": "n_geo_bot_river_wine",
        "name": "Bot River",
        "parent_node_id": "n_geo_walker_bay",
        "country_node_id": "n_geo_south_africa",
        "point_role": "gazetteer_reference_point",
        "point_place_name": "Botrivier",
        "point_description": "town in the Western Cape, South Africa",
        "source_url": "https://www.wikidata.org/wiki/Q894766",
        "source_coordinate_url": "https://www.wikidata.org/wiki/Special:EntityData/Q894766.json",
        "wikidata_id": "Q894766",
        "wikidata_coordinate_claim": "q894766$51E9244C-A1FE-4320-BD21-BA4E25E2385B",
        "coordinate_precision": 0.00027777777777778,
        "retrieved_on": "2026-09-26",
        "license": "CC0-1.0",
        "label_note": "Reference point: Botrivier. This does not represent the wine-area boundary or an official wine-area centroid."
      },
      "geometry": {
        "type": "Point",
        "coordinates": [
          19.205,
          -34.225833333333
        ]
      }
    },
    {
      "type": "Feature",
      "properties": {
        "node": "n_geo_overberg_wine",
        "node_id": "n_geo_overberg_wine",
        "name": "Overberg",
        "parent_node_id": "n_geo_cape_south_coast",
        "country_node_id": "n_geo_south_africa",
        "point_role": "gazetteer_reference_point",
        "point_place_name": "Overberg",
        "point_description": "region of the Western Cape, South Africa",
        "source_url": "https://www.wikidata.org/wiki/Q3361528",
        "source_coordinate_url": "https://www.wikidata.org/wiki/Special:EntityData/Q3361528.json",
        "wikidata_id": "Q3361528",
        "wikidata_coordinate_claim": "q3361528$A19BD2E0-EF12-4D2F-AE71-31C5DB8D56AA",
        "coordinate_precision": 0.0001,
        "retrieved_on": "2026-09-26",
        "license": "CC0-1.0",
        "label_note": "Reference point: Overberg. This does not represent the wine-area boundary or an official wine-area centroid."
      },
      "geometry": {
        "type": "Point",
        "coordinates": [
          19.8921,
          -34.6332
        ]
      }
    },
    {
      "type": "Feature",
      "properties": {
        "node": "n_geo_los_chacayes",
        "node_id": "n_geo_los_chacayes",
        "name": "Los Chacayes",
        "parent_node_id": "n_geo_tunuyan",
        "country_node_id": "n_geo_argentina",
        "point_role": "gazetteer_reference_point",
        "point_place_name": "El Manzano Histórico",
        "point_description": "human settlement in Argentina",
        "source_url": "https://www.wikidata.org/wiki/Q5822395",
        "source_coordinate_url": "https://www.wikidata.org/wiki/Special:EntityData/Q5822395.json",
        "wikidata_id": "Q5822395",
        "wikidata_coordinate_claim": "Q5822395$A1AB6DBC-7C57-471F-817A-18B29A6B5956",
        "coordinate_precision": 0.10785254343572,
        "retrieved_on": "2026-09-26",
        "license": "CC0-1.0",
        "label_note": "Reference point: El Manzano Histórico. This does not represent the wine-area boundary or an official wine-area centroid."
      },
      "geometry": {
        "type": "Point",
        "coordinates": [
          -69.3819,
          -33.6011
        ]
      }
    },
    {
      "type": "Feature",
      "properties": {
        "node": "n_geo_pampa_el_cepillo",
        "node_id": "n_geo_pampa_el_cepillo",
        "name": "Pampa El Cepillo",
        "parent_node_id": "n_geo_san_carlos_mendoza",
        "country_node_id": "n_geo_argentina",
        "point_role": "gazetteer_reference_point",
        "point_place_name": "El Cepillo",
        "point_description": "human settlement in Argentina",
        "source_url": "https://www.wikidata.org/wiki/Q5821343",
        "source_coordinate_url": "https://www.wikidata.org/wiki/Special:EntityData/Q5821343.json",
        "wikidata_id": "Q5821343",
        "wikidata_coordinate_claim": "Q5821343$AE5C596A-F1F2-401E-9F11-6729C6658D41",
        "coordinate_precision": 0.10814779368255,
        "retrieved_on": "2026-09-26",
        "license": "CC0-1.0",
        "label_note": "Reference point: El Cepillo. This does not represent the wine-area boundary or an official wine-area centroid."
      },
      "geometry": {
        "type": "Point",
        "coordinates": [
          -69.1239,
          -33.8358
        ]
      }
    },
    {
      "type": "Feature",
      "properties": {
        "node": "n_geo_vista_flores",
        "node_id": "n_geo_vista_flores",
        "name": "Vista Flores",
        "parent_node_id": "n_geo_tunuyan",
        "country_node_id": "n_geo_argentina",
        "point_role": "gazetteer_reference_point",
        "point_place_name": "Vista Flores",
        "point_description": "human settlement in Argentina",
        "source_url": "https://www.wikidata.org/wiki/Q6163980",
        "source_coordinate_url": "https://www.wikidata.org/wiki/Special:EntityData/Q6163980.json",
        "wikidata_id": "Q6163980",
        "wikidata_coordinate_claim": "Q6163980$73E8ACE8-085C-4544-939B-21BA229190DA",
        "coordinate_precision": 0.1079137768648,
        "retrieved_on": "2026-09-26",
        "license": "CC0-1.0",
        "label_note": "Reference point: Vista Flores. This does not represent the wine-area boundary or an official wine-area centroid."
      },
      "geometry": {
        "type": "Point",
        "coordinates": [
          -69.155,
          -33.65
        ]
      }
    },
    {
      "type": "Feature",
      "properties": {
        "node": "n_geo_san_rafael_mendoza",
        "node_id": "n_geo_san_rafael_mendoza",
        "name": "San Rafael (Mendoza)",
        "parent_node_id": "n_geo_mendoza",
        "country_node_id": "n_geo_argentina",
        "point_role": "gazetteer_reference_point",
        "point_place_name": "San Rafael, Mendoza",
        "point_description": "city in Mendoza Province, Argentina",
        "source_url": "https://www.wikidata.org/wiki/Q23044",
        "source_coordinate_url": "https://www.wikidata.org/wiki/Special:EntityData/Q23044.json",
        "wikidata_id": "Q23044",
        "wikidata_coordinate_claim": "q23044$CA1EC6B9-1ECE-4E68-8406-27C674888F09",
        "coordinate_precision": 0.00027777777777778,
        "retrieved_on": "2026-09-26",
        "license": "CC0-1.0",
        "label_note": "Reference point: San Rafael, Mendoza. This does not represent the wine-area boundary or an official wine-area centroid."
      },
      "geometry": {
        "type": "Point",
        "coordinates": [
          -68.335555555556,
          -34.6175
        ]
      }
    },
    {
      "type": "Feature",
      "properties": {
        "node": "n_geo_san_juan_argentina",
        "node_id": "n_geo_san_juan_argentina",
        "name": "San Juan",
        "parent_node_id": "n_geo_argentina",
        "country_node_id": "n_geo_argentina",
        "point_role": "gazetteer_reference_point",
        "point_place_name": "San Juan Province, Argentina",
        "point_description": "province of Argentina",
        "source_url": "https://www.wikidata.org/wiki/Q44805",
        "source_coordinate_url": "https://www.wikidata.org/wiki/Special:EntityData/Q44805.json",
        "wikidata_id": "Q44805",
        "wikidata_coordinate_claim": "q44805$592B238E-BF16-4310-8D95-733F26DCA56C",
        "coordinate_precision": 0.00027777777777778,
        "retrieved_on": "2026-09-26",
        "license": "CC0-1.0",
        "label_note": "Reference point: San Juan Province, Argentina. This does not represent the wine-area boundary or an official wine-area centroid."
      },
      "geometry": {
        "type": "Point",
        "coordinates": [
          -68.98,
          -30.87
        ]
      }
    },
    {
      "type": "Feature",
      "properties": {
        "node": "n_geo_valle_del_pedernal",
        "node_id": "n_geo_valle_del_pedernal",
        "name": "Valle del Pedernal",
        "parent_node_id": "n_geo_san_juan_argentina",
        "country_node_id": "n_geo_argentina",
        "point_role": "gazetteer_reference_point",
        "point_place_name": "Pedernal (San Juan)",
        "point_description": "human settlement in Argentina",
        "source_url": "https://www.wikidata.org/wiki/Q6067992",
        "source_coordinate_url": "https://www.wikidata.org/wiki/Special:EntityData/Q6067992.json",
        "wikidata_id": "Q6067992",
        "wikidata_coordinate_claim": "Q6067992$7AB6A242-4487-495A-BF4C-51098D07BBC6",
        "coordinate_precision": 0.10590811362865,
        "retrieved_on": "2026-09-26",
        "license": "CC0-1.0",
        "label_note": "Reference point: Pedernal (San Juan). This does not represent the wine-area boundary or an official wine-area centroid."
      },
      "geometry": {
        "type": "Point",
        "coordinates": [
          -68.7333,
          -31.9833
        ]
      }
    },
    {
      "type": "Feature",
      "properties": {
        "node": "n_geo_patagonia_wine",
        "node_id": "n_geo_patagonia_wine",
        "name": "Patagonia (wine GI)",
        "parent_node_id": "n_geo_argentina",
        "country_node_id": "n_geo_argentina",
        "point_role": "gazetteer_reference_point",
        "point_place_name": "Patagonia",
        "point_description": "region located at the southern end of South America",
        "source_url": "https://www.wikidata.org/wiki/Q1507",
        "source_coordinate_url": "https://www.wikidata.org/wiki/Special:EntityData/Q1507.json",
        "wikidata_id": "Q1507",
        "wikidata_coordinate_claim": "Q1507$F2662F19-A40A-439C-80D8-D16859237D70",
        "coordinate_precision": 0.00000277777777778,
        "retrieved_on": "2026-09-26",
        "license": "CC0-1.0",
        "label_note": "Reference point: Patagonia. This does not represent the wine-area boundary or an official wine-area centroid."
      },
      "geometry": {
        "type": "Point",
        "coordinates": [
          -68.90627,
          -41.81015
        ]
      }
    },
    {
      "type": "Feature",
      "properties": {
        "node": "n_geo_calchaqui_valleys",
        "node_id": "n_geo_calchaqui_valleys",
        "name": "Calchaquí Valleys",
        "parent_node_id": "n_geo_argentina",
        "country_node_id": "n_geo_argentina",
        "point_role": "gazetteer_reference_point",
        "point_place_name": "San Carlos, Salta",
        "point_description": "village and rural municipality",
        "source_url": "https://www.wikidata.org/wiki/Q2396047",
        "source_coordinate_url": "https://www.wikidata.org/wiki/Special:EntityData/Q2396047.json",
        "wikidata_id": "Q2396047",
        "wikidata_coordinate_claim": "Q2396047$835CDC23-EB4C-4FC7-B081-9A9968CDDDA6",
        "coordinate_precision": 0.016666666666667,
        "retrieved_on": "2026-09-26",
        "license": "CC0-1.0",
        "label_note": "Reference point: San Carlos, Salta. This does not represent the wine-area boundary or an official wine-area centroid."
      },
      "geometry": {
        "type": "Point",
        "coordinates": [
          -65.93333333,
          -25.9
        ]
      }
    }
  ]
}
