{
  "type": "FeatureCollection",
  "features": [
    {
      "type": "Feature",
      "properties": {
        "node": "n_geo_za_cape_west_coast",
        "node_id": "n_geo_za_cape_west_coast",
        "name": "Cape West Coast",
        "parent_node_id": "n_geo_coastal_region",
        "country_node_id": "n_geo_south_africa",
        "point_role": "qualified_locality_or_terrain_reference_point",
        "point_place_name": "Lamberts Bay",
        "source_url": "https://www.geonames.org/3364847/",
        "source_coordinate_url": "https://download.geonames.org/export/dump/ZA.zip",
        "source_file_sha256": "65ab612c4c2ef21c25e6dc33ce0c9714d38fe9e777e36412c478166f1e543be8",
        "geonames_id": "3364847",
        "geonames_feature_class": "P",
        "geonames_feature_code": "PPL",
        "geonames_admin1_code": "11",
        "geonames_modified_on": "2024-12-02",
        "retrieved_on": "2026-09-26",
        "license": "CC-BY-4.0",
        "attribution": "Contains GeoNames ZA national geographical data, CC BY 4.0. Selected WGS84 locality/terrain references; no boundaries derived.",
        "label_note": "Qualified reference: Lamberts Bay (PPL). The named locality or nearby terrain feature provides orientation; it does not prove the precise legal wine-area extent or an official centroid."
      },
      "geometry": {
        "type": "Point",
        "coordinates": [
          18.3085,
          -32.09694
        ]
      }
    },
    {
      "type": "Feature",
      "properties": {
        "node": "n_geo_za_citrusdal_mountain",
        "node_id": "n_geo_za_citrusdal_mountain",
        "name": "Citrusdal Mountain",
        "parent_node_id": "n_geo_olifants_river_wine",
        "country_node_id": "n_geo_south_africa",
        "point_role": "qualified_locality_or_terrain_reference_point",
        "point_place_name": "Piekenierskloofpas",
        "source_url": "https://www.geonames.org/3362893/",
        "source_coordinate_url": "https://download.geonames.org/export/dump/ZA.zip",
        "source_file_sha256": "65ab612c4c2ef21c25e6dc33ce0c9714d38fe9e777e36412c478166f1e543be8",
        "geonames_id": "3362893",
        "geonames_feature_class": "T",
        "geonames_feature_code": "PASS",
        "geonames_admin1_code": "11",
        "geonames_modified_on": "2012-07-12",
        "retrieved_on": "2026-09-26",
        "license": "CC-BY-4.0",
        "attribution": "Contains GeoNames ZA national geographical data, CC BY 4.0. Selected WGS84 locality/terrain references; no boundaries derived.",
        "label_note": "Qualified reference: Piekenierskloofpas (PASS). The named locality or nearby terrain feature provides orientation; it does not prove the precise legal wine-area extent or an official centroid."
      },
      "geometry": {
        "type": "Point",
        "coordinates": [
          18.95481,
          -32.62128
        ]
      }
    },
    {
      "type": "Feature",
      "properties": {
        "node": "n_geo_za_nuveld_karoo",
        "node_id": "n_geo_za_nuveld_karoo",
        "name": "Nuveld-Karoo",
        "parent_node_id": "n_geo_western_cape",
        "country_node_id": "n_geo_south_africa",
        "point_role": "qualified_locality_or_terrain_reference_point",
        "point_place_name": "Nuweveldberge",
        "source_url": "https://www.geonames.org/968879/",
        "source_coordinate_url": "https://download.geonames.org/export/dump/ZA.zip",
        "source_file_sha256": "65ab612c4c2ef21c25e6dc33ce0c9714d38fe9e777e36412c478166f1e543be8",
        "geonames_id": "968879",
        "geonames_feature_class": "T",
        "geonames_feature_code": "MTS",
        "geonames_admin1_code": "11",
        "geonames_modified_on": "2012-01-18",
        "retrieved_on": "2026-09-26",
        "license": "CC-BY-4.0",
        "attribution": "Contains GeoNames ZA national geographical data, CC BY 4.0. Selected WGS84 locality/terrain references; no boundaries derived.",
        "label_note": "Qualified reference: Nuweveldberge (MTS). The named locality or nearby terrain feature provides orientation; it does not prove the precise legal wine-area extent or an official centroid."
      },
      "geometry": {
        "type": "Point",
        "coordinates": [
          22.33333,
          -32.16667
        ]
      }
    },
    {
      "type": "Feature",
      "properties": {
        "node": "n_geo_za_piekenierskloof",
        "node_id": "n_geo_za_piekenierskloof",
        "name": "Piekenierskloof",
        "parent_node_id": "n_geo_za_citrusdal_mountain",
        "country_node_id": "n_geo_south_africa",
        "point_role": "qualified_locality_or_terrain_reference_point",
        "point_place_name": "Piekenierskloof",
        "source_url": "https://www.geonames.org/3362894/",
        "source_coordinate_url": "https://download.geonames.org/export/dump/ZA.zip",
        "source_file_sha256": "65ab612c4c2ef21c25e6dc33ce0c9714d38fe9e777e36412c478166f1e543be8",
        "geonames_id": "3362894",
        "geonames_feature_class": "S",
        "geonames_feature_code": "FRM",
        "geonames_admin1_code": "11",
        "geonames_modified_on": "2012-07-11",
        "retrieved_on": "2026-09-26",
        "license": "CC-BY-4.0",
        "attribution": "Contains GeoNames ZA national geographical data, CC BY 4.0. Selected WGS84 locality/terrain references; no boundaries derived.",
        "label_note": "Qualified reference: Piekenierskloof (FRM). The named locality or nearby terrain feature provides orientation; it does not prove the precise legal wine-area extent or an official centroid."
      },
      "geometry": {
        "type": "Point",
        "coordinates": [
          18.91752,
          -32.62198
        ]
      }
    },
    {
      "type": "Feature",
      "properties": {
        "node": "n_geo_za_slanghoek",
        "node_id": "n_geo_za_slanghoek",
        "name": "Slanghoek",
        "parent_node_id": "n_geo_breedekloof",
        "country_node_id": "n_geo_south_africa",
        "point_role": "qualified_locality_or_terrain_reference_point",
        "point_place_name": "Slanghoek",
        "source_url": "https://www.geonames.org/3361469/",
        "source_coordinate_url": "https://download.geonames.org/export/dump/ZA.zip",
        "source_file_sha256": "65ab612c4c2ef21c25e6dc33ce0c9714d38fe9e777e36412c478166f1e543be8",
        "geonames_id": "3361469",
        "geonames_feature_class": "P",
        "geonames_feature_code": "PPL",
        "geonames_admin1_code": "11",
        "geonames_modified_on": "2012-07-11",
        "retrieved_on": "2026-09-26",
        "license": "CC-BY-4.0",
        "attribution": "Contains GeoNames ZA national geographical data, CC BY 4.0. Selected WGS84 locality/terrain references; no boundaries derived.",
        "label_note": "Qualified reference: Slanghoek (PPL). The named locality or nearby terrain feature provides orientation; it does not prove the precise legal wine-area extent or an official centroid."
      },
      "geometry": {
        "type": "Point",
        "coordinates": [
          19.21667,
          -33.63333
        ]
      }
    },
    {
      "type": "Feature",
      "properties": {
        "node": "n_geo_za_goudini",
        "node_id": "n_geo_za_goudini",
        "name": "Goudini",
        "parent_node_id": "n_geo_breedekloof",
        "country_node_id": "n_geo_south_africa",
        "point_role": "qualified_locality_or_terrain_reference_point",
        "point_place_name": "Goudini Spa",
        "source_url": "https://www.geonames.org/3367548/",
        "source_coordinate_url": "https://download.geonames.org/export/dump/ZA.zip",
        "source_file_sha256": "65ab612c4c2ef21c25e6dc33ce0c9714d38fe9e777e36412c478166f1e543be8",
        "geonames_id": "3367548",
        "geonames_feature_class": "S",
        "geonames_feature_code": "SPA",
        "geonames_admin1_code": "11",
        "geonames_modified_on": "2012-07-11",
        "retrieved_on": "2026-09-26",
        "license": "CC-BY-4.0",
        "attribution": "Contains GeoNames ZA national geographical data, CC BY 4.0. Selected WGS84 locality/terrain references; no boundaries derived.",
        "label_note": "Qualified reference: Goudini Spa (SPA). The named locality or nearby terrain feature provides orientation; it does not prove the precise legal wine-area extent or an official centroid."
      },
      "geometry": {
        "type": "Point",
        "coordinates": [
          19.26102,
          -33.66788
        ]
      }
    },
    {
      "type": "Feature",
      "properties": {
        "node": "n_geo_za_simonsberg_paarl",
        "node_id": "n_geo_za_simonsberg_paarl",
        "name": "Simonsberg-Paarl",
        "parent_node_id": "n_geo_paarl",
        "country_node_id": "n_geo_south_africa",
        "point_role": "qualified_locality_or_terrain_reference_point",
        "point_place_name": "Simonsberg",
        "source_url": "https://www.geonames.org/3361622/",
        "source_coordinate_url": "https://download.geonames.org/export/dump/ZA.zip",
        "source_file_sha256": "65ab612c4c2ef21c25e6dc33ce0c9714d38fe9e777e36412c478166f1e543be8",
        "geonames_id": "3361622",
        "geonames_feature_class": "T",
        "geonames_feature_code": "MT",
        "geonames_admin1_code": "11",
        "geonames_modified_on": "2012-07-11",
        "retrieved_on": "2026-09-26",
        "license": "CC-BY-4.0",
        "attribution": "Contains GeoNames ZA national geographical data, CC BY 4.0. Selected WGS84 locality/terrain references; no boundaries derived.",
        "label_note": "Qualified reference: Simonsberg (MT). The named locality or nearby terrain feature provides orientation; it does not prove the precise legal wine-area extent or an official centroid."
      },
      "geometry": {
        "type": "Point",
        "coordinates": [
          18.92889,
          -33.88559
        ]
      }
    },
    {
      "type": "Feature",
      "properties": {
        "node": "n_geo_za_agter_paarl",
        "node_id": "n_geo_za_agter_paarl",
        "name": "Agter-Paarl",
        "parent_node_id": "n_geo_paarl",
        "country_node_id": "n_geo_south_africa",
        "point_role": "qualified_locality_or_terrain_reference_point",
        "point_place_name": "Windmeul",
        "source_url": "https://www.geonames.org/3359354/",
        "source_coordinate_url": "https://download.geonames.org/export/dump/ZA.zip",
        "source_file_sha256": "65ab612c4c2ef21c25e6dc33ce0c9714d38fe9e777e36412c478166f1e543be8",
        "geonames_id": "3359354",
        "geonames_feature_class": "P",
        "geonames_feature_code": "PPL",
        "geonames_admin1_code": "11",
        "geonames_modified_on": "2012-07-12",
        "retrieved_on": "2026-09-26",
        "license": "CC-BY-4.0",
        "attribution": "Contains GeoNames ZA national geographical data, CC BY 4.0. Selected WGS84 locality/terrain references; no boundaries derived.",
        "label_note": "Qualified reference: Windmeul (PPL). The named locality or nearby terrain feature provides orientation; it does not prove the precise legal wine-area extent or an official centroid."
      },
      "geometry": {
        "type": "Point",
        "coordinates": [
          18.90954,
          -33.67349
        ]
      }
    },
    {
      "type": "Feature",
      "properties": {
        "node": "n_geo_za_voor_paardeberg",
        "node_id": "n_geo_za_voor_paardeberg",
        "name": "Voor-Paardeberg",
        "parent_node_id": "n_geo_paarl",
        "country_node_id": "n_geo_south_africa",
        "point_role": "qualified_locality_or_terrain_reference_point",
        "point_place_name": "Perdeberg",
        "source_url": "https://www.geonames.org/3362943/",
        "source_coordinate_url": "https://download.geonames.org/export/dump/ZA.zip",
        "source_file_sha256": "65ab612c4c2ef21c25e6dc33ce0c9714d38fe9e777e36412c478166f1e543be8",
        "geonames_id": "3362943",
        "geonames_feature_class": "T",
        "geonames_feature_code": "MT",
        "geonames_admin1_code": "11",
        "geonames_modified_on": "2012-07-12",
        "retrieved_on": "2026-09-26",
        "license": "CC-BY-4.0",
        "attribution": "Contains GeoNames ZA national geographical data, CC BY 4.0. Selected WGS84 locality/terrain references; no boundaries derived.",
        "label_note": "Qualified reference: Perdeberg (MT). The named locality or nearby terrain feature provides orientation; it does not prove the precise legal wine-area extent or an official centroid."
      },
      "geometry": {
        "type": "Point",
        "coordinates": [
          18.81258,
          -33.60119
        ]
      }
    },
    {
      "type": "Feature",
      "properties": {
        "node": "n_geo_za_paardeberg",
        "node_id": "n_geo_za_paardeberg",
        "name": "Paardeberg",
        "parent_node_id": "n_geo_swartland",
        "country_node_id": "n_geo_south_africa",
        "point_role": "qualified_locality_or_terrain_reference_point",
        "point_place_name": "Staart van Paardeberg",
        "source_url": "https://www.geonames.org/3361095/",
        "source_coordinate_url": "https://download.geonames.org/export/dump/ZA.zip",
        "source_file_sha256": "65ab612c4c2ef21c25e6dc33ce0c9714d38fe9e777e36412c478166f1e543be8",
        "geonames_id": "3361095",
        "geonames_feature_class": "T",
        "geonames_feature_code": "HLL",
        "geonames_admin1_code": "11",
        "geonames_modified_on": "2012-07-12",
        "retrieved_on": "2026-09-26",
        "license": "CC-BY-4.0",
        "attribution": "Contains GeoNames ZA national geographical data, CC BY 4.0. Selected WGS84 locality/terrain references; no boundaries derived.",
        "label_note": "Qualified reference: Staart van Paardeberg (HLL). The named locality or nearby terrain feature provides orientation; it does not prove the precise legal wine-area extent or an official centroid."
      },
      "geometry": {
        "type": "Point",
        "coordinates": [
          18.76667,
          -33.51667
        ]
      }
    },
    {
      "type": "Feature",
      "properties": {
        "node": "n_geo_za_porseleinberg",
        "node_id": "n_geo_za_porseleinberg",
        "name": "Porseleinberg",
        "parent_node_id": "n_geo_swartland",
        "country_node_id": "n_geo_south_africa",
        "point_role": "qualified_locality_or_terrain_reference_point",
        "point_place_name": "Porseleinberg",
        "source_url": "https://www.geonames.org/3362715/",
        "source_coordinate_url": "https://download.geonames.org/export/dump/ZA.zip",
        "source_file_sha256": "65ab612c4c2ef21c25e6dc33ce0c9714d38fe9e777e36412c478166f1e543be8",
        "geonames_id": "3362715",
        "geonames_feature_class": "T",
        "geonames_feature_code": "MT",
        "geonames_admin1_code": "11",
        "geonames_modified_on": "2018-12-05",
        "retrieved_on": "2026-09-26",
        "license": "CC-BY-4.0",
        "attribution": "Contains GeoNames ZA national geographical data, CC BY 4.0. Selected WGS84 locality/terrain references; no boundaries derived.",
        "label_note": "Qualified reference: Porseleinberg (MT). The named locality or nearby terrain feature provides orientation; it does not prove the precise legal wine-area extent or an official centroid."
      },
      "geometry": {
        "type": "Point",
        "coordinates": [
          18.88363,
          -33.4514
        ]
      }
    },
    {
      "type": "Feature",
      "properties": {
        "node": "n_geo_za_riebeekberg",
        "node_id": "n_geo_za_riebeekberg",
        "name": "Riebeekberg",
        "parent_node_id": "n_geo_swartland",
        "country_node_id": "n_geo_south_africa",
        "point_role": "qualified_locality_or_terrain_reference_point",
        "point_place_name": "Kasteelberg",
        "source_url": "https://www.geonames.org/3366070/",
        "source_coordinate_url": "https://download.geonames.org/export/dump/ZA.zip",
        "source_file_sha256": "65ab612c4c2ef21c25e6dc33ce0c9714d38fe9e777e36412c478166f1e543be8",
        "geonames_id": "3366070",
        "geonames_feature_class": "T",
        "geonames_feature_code": "MT",
        "geonames_admin1_code": "11",
        "geonames_modified_on": "2012-07-12",
        "retrieved_on": "2026-09-26",
        "license": "CC-BY-4.0",
        "attribution": "Contains GeoNames ZA national geographical data, CC BY 4.0. Selected WGS84 locality/terrain references; no boundaries derived.",
        "label_note": "Qualified reference: Kasteelberg (MT). The named locality or nearby terrain feature provides orientation; it does not prove the precise legal wine-area extent or an official centroid."
      },
      "geometry": {
        "type": "Point",
        "coordinates": [
          18.84972,
          -33.36543
        ]
      }
    },
    {
      "type": "Feature",
      "properties": {
        "node": "n_geo_za_riebeeksrivier",
        "node_id": "n_geo_za_riebeeksrivier",
        "name": "Riebeeksrivier",
        "parent_node_id": "n_geo_swartland",
        "country_node_id": "n_geo_south_africa",
        "point_role": "qualified_locality_or_terrain_reference_point",
        "point_place_name": "Riebeeksrivier",
        "source_url": "https://www.geonames.org/3362483/",
        "source_coordinate_url": "https://download.geonames.org/export/dump/ZA.zip",
        "source_file_sha256": "65ab612c4c2ef21c25e6dc33ce0c9714d38fe9e777e36412c478166f1e543be8",
        "geonames_id": "3362483",
        "geonames_feature_class": "S",
        "geonames_feature_code": "FRM",
        "geonames_admin1_code": "11",
        "geonames_modified_on": "2014-10-01",
        "retrieved_on": "2026-09-26",
        "license": "CC-BY-4.0",
        "attribution": "Contains GeoNames ZA national geographical data, CC BY 4.0. Selected WGS84 locality/terrain references; no boundaries derived.",
        "label_note": "Qualified reference: Riebeeksrivier (FRM). The named locality or nearby terrain feature provides orientation; it does not prove the precise legal wine-area extent or an official centroid."
      },
      "geometry": {
        "type": "Point",
        "coordinates": [
          18.83022,
          -33.36465
        ]
      }
    },
    {
      "type": "Feature",
      "properties": {
        "node": "n_geo_za_groenekloof",
        "node_id": "n_geo_za_groenekloof",
        "name": "Groenekloof",
        "parent_node_id": "n_geo_darling_wine",
        "country_node_id": "n_geo_south_africa",
        "point_role": "qualified_locality_or_terrain_reference_point",
        "point_place_name": "Mamreweg",
        "source_url": "https://www.geonames.org/3364342/",
        "source_coordinate_url": "https://download.geonames.org/export/dump/ZA.zip",
        "source_file_sha256": "65ab612c4c2ef21c25e6dc33ce0c9714d38fe9e777e36412c478166f1e543be8",
        "geonames_id": "3364342",
        "geonames_feature_class": "S",
        "geonames_feature_code": "RSTN",
        "geonames_admin1_code": "11",
        "geonames_modified_on": "2012-07-12",
        "retrieved_on": "2026-09-26",
        "license": "CC-BY-4.0",
        "attribution": "Contains GeoNames ZA national geographical data, CC BY 4.0. Selected WGS84 locality/terrain references; no boundaries derived.",
        "label_note": "Qualified reference: Mamreweg (RSTN). The named locality or nearby terrain feature provides orientation; it does not prove the precise legal wine-area extent or an official centroid."
      },
      "geometry": {
        "type": "Point",
        "coordinates": [
          18.52407,
          -33.44005
        ]
      }
    },
    {
      "type": "Feature",
      "properties": {
        "node": "n_geo_za_spruitdrift",
        "node_id": "n_geo_za_spruitdrift",
        "name": "Spruitdrift",
        "parent_node_id": "n_geo_olifants_river_wine",
        "country_node_id": "n_geo_south_africa",
        "point_role": "qualified_locality_or_terrain_reference_point",
        "point_place_name": "Spruitdrif",
        "source_url": "https://www.geonames.org/3361104/",
        "source_coordinate_url": "https://download.geonames.org/export/dump/ZA.zip",
        "source_file_sha256": "65ab612c4c2ef21c25e6dc33ce0c9714d38fe9e777e36412c478166f1e543be8",
        "geonames_id": "3361104",
        "geonames_feature_class": "S",
        "geonames_feature_code": "FRM",
        "geonames_admin1_code": "11",
        "geonames_modified_on": "2014-10-01",
        "retrieved_on": "2026-09-26",
        "license": "CC-BY-4.0",
        "attribution": "Contains GeoNames ZA national geographical data, CC BY 4.0. Selected WGS84 locality/terrain references; no boundaries derived.",
        "label_note": "Qualified reference: Spruitdrif (FRM). The named locality or nearby terrain feature provides orientation; it does not prove the precise legal wine-area extent or an official centroid."
      },
      "geometry": {
        "type": "Point",
        "coordinates": [
          18.53075,
          -31.72102
        ]
      }
    },
    {
      "type": "Feature",
      "properties": {
        "node": "n_geo_za_sundays_glen",
        "node_id": "n_geo_za_sundays_glen",
        "name": "Sunday's Glen",
        "parent_node_id": "n_geo_walker_bay",
        "country_node_id": "n_geo_south_africa",
        "point_role": "qualified_locality_or_terrain_reference_point",
        "point_place_name": "Sondagskloofrivier",
        "source_url": "https://www.geonames.org/3361365/",
        "source_coordinate_url": "https://download.geonames.org/export/dump/ZA.zip",
        "source_file_sha256": "65ab612c4c2ef21c25e6dc33ce0c9714d38fe9e777e36412c478166f1e543be8",
        "geonames_id": "3361365",
        "geonames_feature_class": "H",
        "geonames_feature_code": "STM",
        "geonames_admin1_code": "11",
        "geonames_modified_on": "2012-01-18",
        "retrieved_on": "2026-09-26",
        "license": "CC-BY-4.0",
        "attribution": "Contains GeoNames ZA national geographical data, CC BY 4.0. Selected WGS84 locality/terrain references; no boundaries derived.",
        "label_note": "Qualified reference: Sondagskloofrivier (STM). The named locality or nearby terrain feature provides orientation; it does not prove the precise legal wine-area extent or an official centroid."
      },
      "geometry": {
        "type": "Point",
        "coordinates": [
          19.66228,
          -34.47694
        ]
      }
    },
    {
      "type": "Feature",
      "properties": {
        "node": "n_geo_za_tradouw_highlands",
        "node_id": "n_geo_za_tradouw_highlands",
        "name": "Tradouw Highlands",
        "parent_node_id": "n_geo_klein_karoo_wine",
        "country_node_id": "n_geo_south_africa",
        "point_role": "qualified_locality_or_terrain_reference_point",
        "point_place_name": "Op de Tradouw",
        "source_url": "https://www.geonames.org/967674/",
        "source_coordinate_url": "https://download.geonames.org/export/dump/ZA.zip",
        "source_file_sha256": "65ab612c4c2ef21c25e6dc33ce0c9714d38fe9e777e36412c478166f1e543be8",
        "geonames_id": "967674",
        "geonames_feature_class": "S",
        "geonames_feature_code": "FRM",
        "geonames_admin1_code": "11",
        "geonames_modified_on": "2014-10-01",
        "retrieved_on": "2026-09-26",
        "license": "CC-BY-4.0",
        "attribution": "Contains GeoNames ZA national geographical data, CC BY 4.0. Selected WGS84 locality/terrain references; no boundaries derived.",
        "label_note": "Qualified reference: Op de Tradouw (FRM). The named locality or nearby terrain feature provides orientation; it does not prove the precise legal wine-area extent or an official centroid."
      },
      "geometry": {
        "type": "Point",
        "coordinates": [
          20.55579,
          -33.93682
        ]
      }
    },
    {
      "type": "Feature",
      "properties": {
        "node": "n_geo_za_agterkliphoogte",
        "node_id": "n_geo_za_agterkliphoogte",
        "name": "Agterkliphoogte",
        "parent_node_id": "n_geo_robertson_wine",
        "country_node_id": "n_geo_south_africa",
        "point_role": "qualified_locality_or_terrain_reference_point",
        "point_place_name": "Agter-Kliphoogte",
        "source_url": "https://www.geonames.org/3370547/",
        "source_coordinate_url": "https://download.geonames.org/export/dump/ZA.zip",
        "source_file_sha256": "65ab612c4c2ef21c25e6dc33ce0c9714d38fe9e777e36412c478166f1e543be8",
        "geonames_id": "3370547",
        "geonames_feature_class": "T",
        "geonames_feature_code": "HLLS",
        "geonames_admin1_code": "11",
        "geonames_modified_on": "2011-07-10",
        "retrieved_on": "2026-09-26",
        "license": "CC-BY-4.0",
        "attribution": "Contains GeoNames ZA national geographical data, CC BY 4.0. Selected WGS84 locality/terrain references; no boundaries derived.",
        "label_note": "Qualified reference: Agter-Kliphoogte (HLLS). The named locality or nearby terrain feature provides orientation; it does not prove the precise legal wine-area extent or an official centroid.",
        "reference_qualification": "Agter-Kliphoogte hills: named terrain reference in the Robertson area, not legal ward geometry."
      },
      "geometry": {
        "type": "Point",
        "coordinates": [
          19.66591,
          -33.92383
        ]
      }
    },
    {
      "type": "Feature",
      "properties": {
        "node": "n_geo_za_ashton",
        "node_id": "n_geo_za_ashton",
        "name": "Ashton",
        "parent_node_id": "n_geo_robertson_wine",
        "country_node_id": "n_geo_south_africa",
        "point_role": "qualified_locality_or_terrain_reference_point",
        "point_place_name": "Ashton",
        "source_url": "https://www.geonames.org/1022145/",
        "source_coordinate_url": "https://download.geonames.org/export/dump/ZA.zip",
        "source_file_sha256": "65ab612c4c2ef21c25e6dc33ce0c9714d38fe9e777e36412c478166f1e543be8",
        "geonames_id": "1022145",
        "geonames_feature_class": "P",
        "geonames_feature_code": "PPLA3",
        "geonames_admin1_code": "11",
        "geonames_modified_on": "2024-12-02",
        "retrieved_on": "2026-09-26",
        "license": "CC-BY-4.0",
        "attribution": "Contains GeoNames ZA national geographical data, CC BY 4.0. Selected WGS84 locality/terrain references; no boundaries derived.",
        "label_note": "Qualified reference: Ashton (PPLA3). The named locality or nearby terrain feature provides orientation; it does not prove the precise legal wine-area extent or an official centroid.",
        "reference_qualification": "Ashton town reference, not the whole ward boundary."
      },
      "geometry": {
        "type": "Point",
        "coordinates": [
          20.05595,
          -33.83136
        ]
      }
    },
    {
      "type": "Feature",
      "properties": {
        "node": "n_geo_za_boesmansrivier",
        "node_id": "n_geo_za_boesmansrivier",
        "name": "Boesmansrivier",
        "parent_node_id": "n_geo_robertson_wine",
        "country_node_id": "n_geo_south_africa",
        "point_role": "qualified_locality_or_terrain_reference_point",
        "point_place_name": "Boesmansrivier",
        "source_url": "https://www.geonames.org/1017917/",
        "source_coordinate_url": "https://download.geonames.org/export/dump/ZA.zip",
        "source_file_sha256": "65ab612c4c2ef21c25e6dc33ce0c9714d38fe9e777e36412c478166f1e543be8",
        "geonames_id": "1017917",
        "geonames_feature_class": "H",
        "geonames_feature_code": "STM",
        "geonames_admin1_code": "11",
        "geonames_modified_on": "2011-08-08",
        "retrieved_on": "2026-09-26",
        "license": "CC-BY-4.0",
        "attribution": "Contains GeoNames ZA national geographical data, CC BY 4.0. Selected WGS84 locality/terrain references; no boundaries derived.",
        "label_note": "Qualified reference: Boesmansrivier (STM). The named locality or nearby terrain feature provides orientation; it does not prove the precise legal wine-area extent or an official centroid.",
        "reference_qualification": "Boesmansrivier river reference near Bonnievale in the Robertson district; not the river/ward footprint."
      },
      "geometry": {
        "type": "Point",
        "coordinates": [
          20.04066,
          -33.96047
        ]
      }
    },
    {
      "type": "Feature",
      "properties": {
        "node": "n_geo_za_bonnievale",
        "node_id": "n_geo_za_bonnievale",
        "name": "Bonnievale",
        "parent_node_id": "n_geo_robertson_wine",
        "country_node_id": "n_geo_south_africa",
        "point_role": "qualified_locality_or_terrain_reference_point",
        "point_place_name": "Bonnievale",
        "source_url": "https://www.geonames.org/1017620/",
        "source_coordinate_url": "https://download.geonames.org/export/dump/ZA.zip",
        "source_file_sha256": "65ab612c4c2ef21c25e6dc33ce0c9714d38fe9e777e36412c478166f1e543be8",
        "geonames_id": "1017620",
        "geonames_feature_class": "P",
        "geonames_feature_code": "PPL",
        "geonames_admin1_code": "11",
        "geonames_modified_on": "2024-12-02",
        "retrieved_on": "2026-09-26",
        "license": "CC-BY-4.0",
        "attribution": "Contains GeoNames ZA national geographical data, CC BY 4.0. Selected WGS84 locality/terrain references; no boundaries derived.",
        "label_note": "Qualified reference: Bonnievale (PPL). The named locality or nearby terrain feature provides orientation; it does not prove the precise legal wine-area extent or an official centroid.",
        "reference_qualification": "Bonnievale town in the Robertson area; other homonymous national gazetteer places are excluded."
      },
      "geometry": {
        "type": "Point",
        "coordinates": [
          20.09924,
          -33.93224
        ]
      }
    },
    {
      "type": "Feature",
      "properties": {
        "node": "n_geo_za_eilandia",
        "node_id": "n_geo_za_eilandia",
        "name": "Eilandia",
        "parent_node_id": "n_geo_robertson_wine",
        "country_node_id": "n_geo_south_africa",
        "point_role": "qualified_locality_or_terrain_reference_point",
        "point_place_name": "Eilandia",
        "source_url": "https://www.geonames.org/3368130/",
        "source_coordinate_url": "https://download.geonames.org/export/dump/ZA.zip",
        "source_file_sha256": "65ab612c4c2ef21c25e6dc33ce0c9714d38fe9e777e36412c478166f1e543be8",
        "geonames_id": "3368130",
        "geonames_feature_class": "S",
        "geonames_feature_code": "FRM",
        "geonames_admin1_code": "11",
        "geonames_modified_on": "2012-07-12",
        "retrieved_on": "2026-09-26",
        "license": "CC-BY-4.0",
        "attribution": "Contains GeoNames ZA national geographical data, CC BY 4.0. Selected WGS84 locality/terrain references; no boundaries derived.",
        "label_note": "Qualified reference: Eilandia (FRM). The named locality or nearby terrain feature provides orientation; it does not prove the precise legal wine-area extent or an official centroid.",
        "reference_qualification": "Named Eilandia farm locality, not the ward boundary."
      },
      "geometry": {
        "type": "Point",
        "coordinates": [
          19.67609,
          -33.76431
        ]
      }
    },
    {
      "type": "Feature",
      "properties": {
        "node": "n_geo_za_goree",
        "node_id": "n_geo_za_goree",
        "name": "Goree",
        "parent_node_id": "n_geo_robertson_wine",
        "country_node_id": "n_geo_south_africa",
        "point_role": "qualified_locality_or_terrain_reference_point",
        "point_place_name": "De Goree",
        "source_url": "https://www.geonames.org/3368889/",
        "source_coordinate_url": "https://download.geonames.org/export/dump/ZA.zip",
        "source_file_sha256": "65ab612c4c2ef21c25e6dc33ce0c9714d38fe9e777e36412c478166f1e543be8",
        "geonames_id": "3368889",
        "geonames_feature_class": "S",
        "geonames_feature_code": "FRM",
        "geonames_admin1_code": "11",
        "geonames_modified_on": "2012-07-11",
        "retrieved_on": "2026-09-26",
        "license": "CC-BY-4.0",
        "attribution": "Contains GeoNames ZA national geographical data, CC BY 4.0. Selected WGS84 locality/terrain references; no boundaries derived.",
        "label_note": "Qualified reference: De Goree (FRM). The named locality or nearby terrain feature provides orientation; it does not prove the precise legal wine-area extent or an official centroid.",
        "reference_qualification": "De Goree farm locality between Eilandia and Zandrivier in the Robertson area; no cadastral extent is asserted.",
        "reference_context_url": "https://www.gov.za/sites/default/files/gcis_document/202203/45930-bn213.pdf"
      },
      "geometry": {
        "type": "Point",
        "coordinates": [
          19.76931,
          -33.82992
        ]
      }
    },
    {
      "type": "Feature",
      "properties": {
        "node": "n_geo_za_goudmyn",
        "node_id": "n_geo_za_goudmyn",
        "name": "Goudmyn",
        "parent_node_id": "n_geo_robertson_wine",
        "country_node_id": "n_geo_south_africa",
        "point_role": "qualified_locality_or_terrain_reference_point",
        "point_place_name": "Goudmyn",
        "source_url": "https://www.geonames.org/1000686/",
        "source_coordinate_url": "https://download.geonames.org/export/dump/ZA.zip",
        "source_file_sha256": "65ab612c4c2ef21c25e6dc33ce0c9714d38fe9e777e36412c478166f1e543be8",
        "geonames_id": "1000686",
        "geonames_feature_class": "S",
        "geonames_feature_code": "FRM",
        "geonames_admin1_code": "11",
        "geonames_modified_on": "2014-10-01",
        "retrieved_on": "2026-09-26",
        "license": "CC-BY-4.0",
        "attribution": "Contains GeoNames ZA national geographical data, CC BY 4.0. Selected WGS84 locality/terrain references; no boundaries derived.",
        "label_note": "Qualified reference: Goudmyn (FRM). The named locality or nearby terrain feature provides orientation; it does not prove the precise legal wine-area extent or an official centroid.",
        "reference_qualification": "Named Goudmyn farm in the Robertson/Bonnievale area; other Cape farms with the same name are excluded."
      },
      "geometry": {
        "type": "Point",
        "coordinates": [
          20.01131,
          -33.88177
        ]
      }
    },
    {
      "type": "Feature",
      "properties": {
        "node": "n_geo_za_hoopsrivier",
        "node_id": "n_geo_za_hoopsrivier",
        "name": "Hoopsrivier",
        "parent_node_id": "n_geo_robertson_wine",
        "country_node_id": "n_geo_south_africa",
        "point_role": "qualified_locality_or_terrain_reference_point",
        "point_place_name": "Hoopsrivier",
        "source_url": "https://www.geonames.org/3366699/",
        "source_coordinate_url": "https://download.geonames.org/export/dump/ZA.zip",
        "source_file_sha256": "65ab612c4c2ef21c25e6dc33ce0c9714d38fe9e777e36412c478166f1e543be8",
        "geonames_id": "3366699",
        "geonames_feature_class": "H",
        "geonames_feature_code": "STM",
        "geonames_admin1_code": "11",
        "geonames_modified_on": "2011-07-10",
        "retrieved_on": "2026-09-26",
        "license": "CC-BY-4.0",
        "attribution": "Contains GeoNames ZA national geographical data, CC BY 4.0. Selected WGS84 locality/terrain references; no boundaries derived.",
        "label_note": "Qualified reference: Hoopsrivier (STM). The named locality or nearby terrain feature provides orientation; it does not prove the precise legal wine-area extent or an official centroid.",
        "reference_qualification": "Named Hoopsrivier river near Robertson, not an asserted legal centroid."
      },
      "geometry": {
        "type": "Point",
        "coordinates": [
          19.86427,
          -33.82123
        ]
      }
    },
    {
      "type": "Feature",
      "properties": {
        "node": "n_geo_za_klaasvoogds",
        "node_id": "n_geo_za_klaasvoogds",
        "name": "Klaasvoogds",
        "parent_node_id": "n_geo_robertson_wine",
        "country_node_id": "n_geo_south_africa",
        "point_role": "qualified_locality_or_terrain_reference_point",
        "point_place_name": "Kranskop Winery",
        "source_url": "https://www.geonames.org/11777882/",
        "source_coordinate_url": "https://download.geonames.org/export/dump/ZA.zip",
        "source_file_sha256": "65ab612c4c2ef21c25e6dc33ce0c9714d38fe9e777e36412c478166f1e543be8",
        "geonames_id": "11777882",
        "geonames_feature_class": "V",
        "geonames_feature_code": "VIN",
        "geonames_admin1_code": "11",
        "geonames_modified_on": "2017-11-30",
        "retrieved_on": "2026-09-26",
        "license": "CC-BY-4.0",
        "attribution": "Contains GeoNames ZA national geographical data, CC BY 4.0. Selected WGS84 locality/terrain references; no boundaries derived.",
        "label_note": "Qualified reference: Kranskop Winery (VIN). The named locality or nearby terrain feature provides orientation; it does not prove the precise legal wine-area extent or an official centroid.",
        "reference_qualification": "Kranskop Winery reference in Klaasvoogds, Robertson, identified by the Wine Industry Directory and winery; coordinates come unchanged from the licensed GeoNames winery record, not the producer map.",
        "reference_context_url": "https://www.wosa.co.za/wosadocs/92025/SA%20Wine%20Directory%202025%20ONLINE%20Single%20Pages.pdf"
      },
      "geometry": {
        "type": "Point",
        "coordinates": [
          19.99881,
          -33.79805
        ]
      }
    },
    {
      "type": "Feature",
      "properties": {
        "node": "n_geo_za_le_chasseur",
        "node_id": "n_geo_za_le_chasseur",
        "name": "Le Chasseur",
        "parent_node_id": "n_geo_robertson_wine",
        "country_node_id": "n_geo_south_africa",
        "point_role": "qualified_locality_or_terrain_reference_point",
        "point_place_name": "Le Chasseur",
        "source_url": "https://www.geonames.org/3364658/",
        "source_coordinate_url": "https://download.geonames.org/export/dump/ZA.zip",
        "source_file_sha256": "65ab612c4c2ef21c25e6dc33ce0c9714d38fe9e777e36412c478166f1e543be8",
        "geonames_id": "3364658",
        "geonames_feature_class": "S",
        "geonames_feature_code": "FRM",
        "geonames_admin1_code": "11",
        "geonames_modified_on": "2012-07-11",
        "retrieved_on": "2026-09-26",
        "license": "CC-BY-4.0",
        "attribution": "Contains GeoNames ZA national geographical data, CC BY 4.0. Selected WGS84 locality/terrain references; no boundaries derived.",
        "label_note": "Qualified reference: Le Chasseur (FRM). The named locality or nearby terrain feature provides orientation; it does not prove the precise legal wine-area extent or an official centroid.",
        "reference_qualification": "Named Le Chasseur farm locality, not the ward boundary."
      },
      "geometry": {
        "type": "Point",
        "coordinates": [
          19.68541,
          -33.82653
        ]
      }
    },
    {
      "type": "Feature",
      "properties": {
        "node": "n_geo_za_mcgregor",
        "node_id": "n_geo_za_mcgregor",
        "name": "McGregor",
        "parent_node_id": "n_geo_robertson_wine",
        "country_node_id": "n_geo_south_africa",
        "point_role": "qualified_locality_or_terrain_reference_point",
        "point_place_name": "McGregor",
        "source_url": "https://www.geonames.org/3364246/",
        "source_coordinate_url": "https://download.geonames.org/export/dump/ZA.zip",
        "source_file_sha256": "65ab612c4c2ef21c25e6dc33ce0c9714d38fe9e777e36412c478166f1e543be8",
        "geonames_id": "3364246",
        "geonames_feature_class": "P",
        "geonames_feature_code": "PPL",
        "geonames_admin1_code": "11",
        "geonames_modified_on": "2024-12-02",
        "retrieved_on": "2026-09-26",
        "license": "CC-BY-4.0",
        "attribution": "Contains GeoNames ZA national geographical data, CC BY 4.0. Selected WGS84 locality/terrain references; no boundaries derived.",
        "label_note": "Qualified reference: McGregor (PPL). The named locality or nearby terrain feature provides orientation; it does not prove the precise legal wine-area extent or an official centroid.",
        "reference_qualification": "McGregor town reference, not the surrounding ward boundary."
      },
      "geometry": {
        "type": "Point",
        "coordinates": [
          19.82906,
          -33.94725
        ]
      }
    },
    {
      "type": "Feature",
      "properties": {
        "node": "n_geo_za_vinkrivier",
        "node_id": "n_geo_za_vinkrivier",
        "name": "Vinkrivier",
        "parent_node_id": "n_geo_robertson_wine",
        "country_node_id": "n_geo_south_africa",
        "point_role": "qualified_locality_or_terrain_reference_point",
        "point_place_name": "Vinkrivier",
        "source_url": "https://www.geonames.org/3359950/",
        "source_coordinate_url": "https://download.geonames.org/export/dump/ZA.zip",
        "source_file_sha256": "65ab612c4c2ef21c25e6dc33ce0c9714d38fe9e777e36412c478166f1e543be8",
        "geonames_id": "3359950",
        "geonames_feature_class": "H",
        "geonames_feature_code": "STM",
        "geonames_admin1_code": "11",
        "geonames_modified_on": "2012-01-18",
        "retrieved_on": "2026-09-26",
        "license": "CC-BY-4.0",
        "attribution": "Contains GeoNames ZA national geographical data, CC BY 4.0. Selected WGS84 locality/terrain references; no boundaries derived.",
        "label_note": "Qualified reference: Vinkrivier (STM). The named locality or nearby terrain feature provides orientation; it does not prove the precise legal wine-area extent or an official centroid.",
        "reference_qualification": "Named Vinkrivier river in the Robertson area; the eastern Western Cape homonym is excluded."
      },
      "geometry": {
        "type": "Point",
        "coordinates": [
          19.80195,
          -33.82913
        ]
      }
    },
    {
      "type": "Feature",
      "properties": {
        "node": "n_geo_za_zandrivier",
        "node_id": "n_geo_za_zandrivier",
        "name": "Zandrivier",
        "parent_node_id": "n_geo_robertson_wine",
        "country_node_id": "n_geo_south_africa",
        "point_role": "qualified_locality_or_terrain_reference_point",
        "point_place_name": "Zand Rivier",
        "source_url": "https://www.geonames.org/3358936/",
        "source_coordinate_url": "https://download.geonames.org/export/dump/ZA.zip",
        "source_file_sha256": "65ab612c4c2ef21c25e6dc33ce0c9714d38fe9e777e36412c478166f1e543be8",
        "geonames_id": "3358936",
        "geonames_feature_class": "S",
        "geonames_feature_code": "FRM",
        "geonames_admin1_code": "11",
        "geonames_modified_on": "2012-07-12",
        "retrieved_on": "2026-09-26",
        "license": "CC-BY-4.0",
        "attribution": "Contains GeoNames ZA national geographical data, CC BY 4.0. Selected WGS84 locality/terrain references; no boundaries derived.",
        "label_note": "Qualified reference: Zand Rivier (FRM). The named locality or nearby terrain feature provides orientation; it does not prove the precise legal wine-area extent or an official centroid.",
        "reference_qualification": "Zand Rivier farm locality in the Robertson area, not the ward footprint."
      },
      "geometry": {
        "type": "Point",
        "coordinates": [
          19.83333,
          -33.81667
        ]
      }
    },
    {
      "type": "Feature",
      "properties": {
        "node": "n_geo_za_hex_river_valley",
        "node_id": "n_geo_za_hex_river_valley",
        "name": "Hex River Valley",
        "parent_node_id": "n_geo_worcester_wine",
        "country_node_id": "n_geo_south_africa",
        "point_role": "qualified_locality_or_terrain_reference_point",
        "point_place_name": "Hexriviervallei",
        "source_url": "https://www.geonames.org/3366836/",
        "source_coordinate_url": "https://download.geonames.org/export/dump/ZA.zip",
        "source_file_sha256": "65ab612c4c2ef21c25e6dc33ce0c9714d38fe9e777e36412c478166f1e543be8",
        "geonames_id": "3366836",
        "geonames_feature_class": "T",
        "geonames_feature_code": "VAL",
        "geonames_admin1_code": "11",
        "geonames_modified_on": "2018-12-05",
        "retrieved_on": "2026-09-26",
        "license": "CC-BY-4.0",
        "attribution": "Contains GeoNames ZA national geographical data, CC BY 4.0. Selected WGS84 locality/terrain references; no boundaries derived.",
        "label_note": "Qualified reference: Hexriviervallei (VAL). The named locality or nearby terrain feature provides orientation; it does not prove the precise legal wine-area extent or an official centroid.",
        "reference_qualification": "Hexriviervallei geographical valley reference, not a legal ward centroid."
      },
      "geometry": {
        "type": "Point",
        "coordinates": [
          19.63549,
          -33.47004
        ]
      }
    },
    {
      "type": "Feature",
      "properties": {
        "node": "n_geo_za_keeromsberg",
        "node_id": "n_geo_za_keeromsberg",
        "name": "Keeromsberg",
        "parent_node_id": "n_geo_worcester_wine",
        "country_node_id": "n_geo_south_africa",
        "point_role": "qualified_locality_or_terrain_reference_point",
        "point_place_name": "Keeromsberg",
        "source_url": "https://www.geonames.org/3366028/",
        "source_coordinate_url": "https://download.geonames.org/export/dump/ZA.zip",
        "source_file_sha256": "65ab612c4c2ef21c25e6dc33ce0c9714d38fe9e777e36412c478166f1e543be8",
        "geonames_id": "3366028",
        "geonames_feature_class": "T",
        "geonames_feature_code": "MT",
        "geonames_admin1_code": "11",
        "geonames_modified_on": "2018-12-05",
        "retrieved_on": "2026-09-26",
        "license": "CC-BY-4.0",
        "attribution": "Contains GeoNames ZA national geographical data, CC BY 4.0. Selected WGS84 locality/terrain references; no boundaries derived.",
        "label_note": "Qualified reference: Keeromsberg (MT). The named locality or nearby terrain feature provides orientation; it does not prove the precise legal wine-area extent or an official centroid.",
        "reference_qualification": "Keeromsberg mountain orientation reference near Worcester; the summit does not prove precise legal ward extent.",
        "reference_context_url": "https://www.sawis.co.za/winelaw/download/99_Scherpenheuvel%2C_Keeromsberg_and_Rooikrans.pdf"
      },
      "geometry": {
        "type": "Point",
        "coordinates": [
          19.60224,
          -33.56167
        ]
      }
    },
    {
      "type": "Feature",
      "properties": {
        "node": "n_geo_za_moordkuil",
        "node_id": "n_geo_za_moordkuil",
        "name": "Moordkuil",
        "parent_node_id": "n_geo_worcester_wine",
        "country_node_id": "n_geo_south_africa",
        "point_role": "qualified_locality_or_terrain_reference_point",
        "point_place_name": "Moordkuil",
        "source_url": "https://www.geonames.org/3363958/",
        "source_coordinate_url": "https://download.geonames.org/export/dump/ZA.zip",
        "source_file_sha256": "65ab612c4c2ef21c25e6dc33ce0c9714d38fe9e777e36412c478166f1e543be8",
        "geonames_id": "3363958",
        "geonames_feature_class": "P",
        "geonames_feature_code": "PPL",
        "geonames_admin1_code": "11",
        "geonames_modified_on": "2012-07-11",
        "retrieved_on": "2026-09-26",
        "license": "CC-BY-4.0",
        "attribution": "Contains GeoNames ZA national geographical data, CC BY 4.0. Selected WGS84 locality/terrain references; no boundaries derived.",
        "label_note": "Qualified reference: Moordkuil (PPL). The named locality or nearby terrain feature provides orientation; it does not prove the precise legal wine-area extent or an official centroid.",
        "reference_qualification": "Moordkuil populated locality in the Worcester area, not the whole wine ward."
      },
      "geometry": {
        "type": "Point",
        "coordinates": [
          19.54266,
          -33.7564
        ]
      }
    },
    {
      "type": "Feature",
      "properties": {
        "node": "n_geo_za_nuy",
        "node_id": "n_geo_za_nuy",
        "name": "Nuy",
        "parent_node_id": "n_geo_worcester_wine",
        "country_node_id": "n_geo_south_africa",
        "point_role": "qualified_locality_or_terrain_reference_point",
        "point_place_name": "Nuy",
        "source_url": "https://www.geonames.org/3363459/",
        "source_coordinate_url": "https://download.geonames.org/export/dump/ZA.zip",
        "source_file_sha256": "65ab612c4c2ef21c25e6dc33ce0c9714d38fe9e777e36412c478166f1e543be8",
        "geonames_id": "3363459",
        "geonames_feature_class": "P",
        "geonames_feature_code": "PPL",
        "geonames_admin1_code": "11",
        "geonames_modified_on": "2012-07-12",
        "retrieved_on": "2026-09-26",
        "license": "CC-BY-4.0",
        "attribution": "Contains GeoNames ZA national geographical data, CC BY 4.0. Selected WGS84 locality/terrain references; no boundaries derived.",
        "label_note": "Qualified reference: Nuy (PPL). The named locality or nearby terrain feature provides orientation; it does not prove the precise legal wine-area extent or an official centroid.",
        "reference_qualification": "Nuy town reference east of Worcester, not legal ward geometry."
      },
      "geometry": {
        "type": "Point",
        "coordinates": [
          19.59054,
          -33.6865
        ]
      }
    },
    {
      "type": "Feature",
      "properties": {
        "node": "n_geo_za_scherpenheuvel",
        "node_id": "n_geo_za_scherpenheuvel",
        "name": "Scherpenheuvel",
        "parent_node_id": "n_geo_worcester_wine",
        "country_node_id": "n_geo_south_africa",
        "point_role": "qualified_locality_or_terrain_reference_point",
        "point_place_name": "Skerpenhevwel",
        "source_url": "https://www.geonames.org/3361584/",
        "source_coordinate_url": "https://download.geonames.org/export/dump/ZA.zip",
        "source_file_sha256": "65ab612c4c2ef21c25e6dc33ce0c9714d38fe9e777e36412c478166f1e543be8",
        "geonames_id": "3361584",
        "geonames_feature_class": "P",
        "geonames_feature_code": "PPL",
        "geonames_admin1_code": "11",
        "geonames_modified_on": "2012-07-11",
        "retrieved_on": "2026-09-26",
        "license": "CC-BY-4.0",
        "attribution": "Contains GeoNames ZA national geographical data, CC BY 4.0. Selected WGS84 locality/terrain references; no boundaries derived.",
        "label_note": "Qualified reference: Skerpenhevwel (PPL). The named locality or nearby terrain feature provides orientation; it does not prove the precise legal wine-area extent or an official centroid.",
        "reference_qualification": "Skerpenhevwel gazetteer locality near Worcester; spelling retained from the source record, not an asserted legal centroid.",
        "reference_context_url": "https://www.sawis.co.za/winelaw/download/99_Scherpenheuvel%2C_Keeromsberg_and_Rooikrans.pdf"
      },
      "geometry": {
        "type": "Point",
        "coordinates": [
          19.61667,
          -33.78333
        ]
      }
    },
    {
      "type": "Feature",
      "properties": {
        "node": "n_geo_za_stettyn",
        "node_id": "n_geo_za_stettyn",
        "name": "Stettyn",
        "parent_node_id": "n_geo_worcester_wine",
        "country_node_id": "n_geo_south_africa",
        "point_role": "qualified_locality_or_terrain_reference_point",
        "point_place_name": "Stettyn",
        "source_url": "https://www.geonames.org/3361012/",
        "source_coordinate_url": "https://download.geonames.org/export/dump/ZA.zip",
        "source_file_sha256": "65ab612c4c2ef21c25e6dc33ce0c9714d38fe9e777e36412c478166f1e543be8",
        "geonames_id": "3361012",
        "geonames_feature_class": "S",
        "geonames_feature_code": "FRM",
        "geonames_admin1_code": "11",
        "geonames_modified_on": "2012-07-12",
        "retrieved_on": "2026-09-26",
        "license": "CC-BY-4.0",
        "attribution": "Contains GeoNames ZA national geographical data, CC BY 4.0. Selected WGS84 locality/terrain references; no boundaries derived.",
        "label_note": "Qualified reference: Stettyn (FRM). The named locality or nearby terrain feature provides orientation; it does not prove the precise legal wine-area extent or an official centroid.",
        "reference_qualification": "Stettyn farm near Worcester; the unrelated mountain record is excluded."
      },
      "geometry": {
        "type": "Point",
        "coordinates": [
          19.37617,
          -33.86523
        ]
      }
    },
    {
      "type": "Feature",
      "properties": {
        "node": "n_geo_za_groenfontein",
        "node_id": "n_geo_za_groenfontein",
        "name": "Groenfontein",
        "parent_node_id": "n_geo_calitzdorp_wine",
        "country_node_id": "n_geo_south_africa",
        "point_role": "qualified_locality_or_terrain_reference_point",
        "point_place_name": "Groene Fontein",
        "source_url": "https://www.geonames.org/999919/",
        "source_coordinate_url": "https://download.geonames.org/export/dump/ZA.zip",
        "source_file_sha256": "65ab612c4c2ef21c25e6dc33ce0c9714d38fe9e777e36412c478166f1e543be8",
        "geonames_id": "999919",
        "geonames_feature_class": "S",
        "geonames_feature_code": "FRM",
        "geonames_admin1_code": "11",
        "geonames_modified_on": "2012-07-12",
        "retrieved_on": "2026-09-26",
        "license": "CC-BY-4.0",
        "attribution": "Contains GeoNames ZA national geographical data, CC BY 4.0. Selected WGS84 locality/terrain references; no boundaries derived.",
        "label_note": "Qualified reference: Groene Fontein (FRM). The named locality or nearby terrain feature provides orientation; it does not prove the precise legal wine-area extent or an official centroid.",
        "reference_qualification": "Groene Fontein farm north of Calitzdorp provides orientation for the Nels River catchment ward; other homonymous farms are excluded. No cadastral identity or legal boundary is asserted.",
        "reference_context_url": "https://www.sawis.co.za/winelaw/download/91_Groenfontein_demarcation__MCC_proposals_Chambourcin.pdf"
      },
      "geometry": {
        "type": "Point",
        "coordinates": [
          21.81667,
          -33.45
        ]
      }
    },
    {
      "type": "Feature",
      "properties": {
        "node": "n_geo_za_koo_plateau",
        "node_id": "n_geo_za_koo_plateau",
        "name": "Koo Plateau",
        "parent_node_id": "n_geo_klein_karoo_wine",
        "country_node_id": "n_geo_south_africa",
        "point_role": "qualified_locality_or_terrain_reference_point",
        "point_place_name": "Koo",
        "source_url": "https://www.geonames.org/3365241/",
        "source_coordinate_url": "https://download.geonames.org/export/dump/ZA.zip",
        "source_file_sha256": "65ab612c4c2ef21c25e6dc33ce0c9714d38fe9e777e36412c478166f1e543be8",
        "geonames_id": "3365241",
        "geonames_feature_class": "P",
        "geonames_feature_code": "PPL",
        "geonames_admin1_code": "11",
        "geonames_modified_on": "2012-07-12",
        "retrieved_on": "2026-09-26",
        "license": "CC-BY-4.0",
        "attribution": "Contains GeoNames ZA national geographical data, CC BY 4.0. Selected WGS84 locality/terrain references; no boundaries derived.",
        "label_note": "Qualified reference: Koo (PPL). The named locality or nearby terrain feature provides orientation; it does not prove the precise legal wine-area extent or an official centroid.",
        "reference_qualification": "Koo village reference in the high basin near Montagu, not the legal plateau boundary.",
        "reference_context_url": "https://www.sawis.co.za/winelaw/download/Koo_Plateau_demarcation_Health_warning_update_New_varieties_approved.pdf"
      },
      "geometry": {
        "type": "Point",
        "coordinates": [
          19.84905,
          -33.69118
        ]
      }
    },
    {
      "type": "Feature",
      "properties": {
        "node": "n_geo_za_outeniqua",
        "node_id": "n_geo_za_outeniqua",
        "name": "Outeniqua",
        "parent_node_id": "n_geo_klein_karoo_wine",
        "country_node_id": "n_geo_south_africa",
        "point_role": "qualified_locality_or_terrain_reference_point",
        "point_place_name": "Outeniekwa",
        "source_url": "https://www.geonames.org/967006/",
        "source_coordinate_url": "https://download.geonames.org/export/dump/ZA.zip",
        "source_file_sha256": "65ab612c4c2ef21c25e6dc33ce0c9714d38fe9e777e36412c478166f1e543be8",
        "geonames_id": "967006",
        "geonames_feature_class": "P",
        "geonames_feature_code": "PPL",
        "geonames_admin1_code": "11",
        "geonames_modified_on": "2012-07-12",
        "retrieved_on": "2026-09-26",
        "license": "CC-BY-4.0",
        "attribution": "Contains GeoNames ZA national geographical data, CC BY 4.0. Selected WGS84 locality/terrain references; no boundaries derived.",
        "label_note": "Qualified reference: Outeniekwa (PPL). The named locality or nearby terrain feature provides orientation; it does not prove the precise legal wine-area extent or an official centroid.",
        "reference_qualification": "Outeniekwa populated locality provides coastal-area orientation, not a ward centroid or precise extent."
      },
      "geometry": {
        "type": "Point",
        "coordinates": [
          22.31079,
          -34.03097
        ]
      }
    },
    {
      "type": "Feature",
      "properties": {
        "node": "n_geo_za_ceres_ward",
        "node_id": "n_geo_za_ceres_ward",
        "name": "Ceres",
        "parent_node_id": "n_geo_za_ceres_plateau",
        "country_node_id": "n_geo_south_africa",
        "point_role": "qualified_locality_or_terrain_reference_point",
        "point_place_name": "Ceres",
        "source_url": "https://www.geonames.org/3369129/",
        "source_coordinate_url": "https://download.geonames.org/export/dump/ZA.zip",
        "source_file_sha256": "65ab612c4c2ef21c25e6dc33ce0c9714d38fe9e777e36412c478166f1e543be8",
        "geonames_id": "3369129",
        "geonames_feature_class": "P",
        "geonames_feature_code": "PPLA3",
        "geonames_admin1_code": "11",
        "geonames_modified_on": "2024-01-18",
        "retrieved_on": "2026-09-26",
        "license": "CC-BY-4.0",
        "attribution": "Contains GeoNames ZA national geographical data, CC BY 4.0. Selected WGS84 locality/terrain references; no boundaries derived.",
        "label_note": "Qualified reference: Ceres (PPLA3). The named locality or nearby terrain feature provides orientation; it does not prove the precise legal wine-area extent or an official centroid.",
        "reference_qualification": "Ceres town reference for the Ceres ward within Ceres Plateau; Northern Cape farms with the same name are excluded."
      },
      "geometry": {
        "type": "Point",
        "coordinates": [
          19.31095,
          -33.36889
        ]
      }
    },
    {
      "type": "Feature",
      "properties": {
        "node": "n_geo_za_swartberg",
        "node_id": "n_geo_za_swartberg",
        "name": "Swartberg",
        "parent_node_id": "n_geo_za_prince_albert",
        "country_node_id": "n_geo_south_africa",
        "point_role": "qualified_locality_or_terrain_reference_point",
        "point_place_name": "Groot-Swartberge",
        "source_url": "https://www.geonames.org/998927/",
        "source_coordinate_url": "https://download.geonames.org/export/dump/ZA.zip",
        "source_file_sha256": "65ab612c4c2ef21c25e6dc33ce0c9714d38fe9e777e36412c478166f1e543be8",
        "geonames_id": "998927",
        "geonames_feature_class": "T",
        "geonames_feature_code": "MTS",
        "geonames_admin1_code": "11",
        "geonames_modified_on": "2012-01-18",
        "retrieved_on": "2026-09-26",
        "license": "CC-BY-4.0",
        "attribution": "Contains GeoNames ZA national geographical data, CC BY 4.0. Selected WGS84 locality/terrain references; no boundaries derived.",
        "label_note": "Qualified reference: Groot-Swartberge (MTS). The named locality or nearby terrain feature provides orientation; it does not prove the precise legal wine-area extent or an official centroid.",
        "reference_qualification": "Groot-Swartberge mountain range near Prince Albert; this broad terrain reference does not assert legal ward extent."
      },
      "geometry": {
        "type": "Point",
        "coordinates": [
          22.16705,
          -33.36376
        ]
      }
    },
    {
      "type": "Feature",
      "properties": {
        "node": "n_geo_za_leipoldtville_sandveld",
        "node_id": "n_geo_za_leipoldtville_sandveld",
        "name": "Leipoldtville-Sandveld",
        "parent_node_id": "n_geo_western_cape",
        "country_node_id": "n_geo_south_africa",
        "point_role": "qualified_locality_or_terrain_reference_point",
        "point_place_name": "Leipoldtville",
        "source_url": "https://www.geonames.org/3364594/",
        "source_coordinate_url": "https://download.geonames.org/export/dump/ZA.zip",
        "source_file_sha256": "65ab612c4c2ef21c25e6dc33ce0c9714d38fe9e777e36412c478166f1e543be8",
        "geonames_id": "3364594",
        "geonames_feature_class": "P",
        "geonames_feature_code": "PPL",
        "geonames_admin1_code": "11",
        "geonames_modified_on": "2012-07-12",
        "retrieved_on": "2026-09-26",
        "license": "CC-BY-4.0",
        "attribution": "Contains GeoNames ZA national geographical data, CC BY 4.0. Selected WGS84 locality/terrain references; no boundaries derived.",
        "label_note": "Qualified reference: Leipoldtville (PPL). The named locality or nearby terrain feature provides orientation; it does not prove the precise legal wine-area extent or an official centroid.",
        "reference_qualification": "Leipoldtville village reference for the wider Sandveld wine ward, not an official centroid."
      },
      "geometry": {
        "type": "Point",
        "coordinates": [
          18.48097,
          -32.22287
        ]
      }
    },
    {
      "type": "Feature",
      "properties": {
        "node": "n_geo_za_groblershoop",
        "node_id": "n_geo_za_groblershoop",
        "name": "Groblershoop",
        "parent_node_id": "n_geo_za_central_orange_river",
        "country_node_id": "n_geo_south_africa",
        "point_role": "qualified_locality_or_terrain_reference_point",
        "point_place_name": "Groblershoop",
        "source_url": "https://www.geonames.org/999962/",
        "source_coordinate_url": "https://download.geonames.org/export/dump/ZA.zip",
        "source_file_sha256": "65ab612c4c2ef21c25e6dc33ce0c9714d38fe9e777e36412c478166f1e543be8",
        "geonames_id": "999962",
        "geonames_feature_class": "P",
        "geonames_feature_code": "PPLA3",
        "geonames_admin1_code": "08",
        "geonames_modified_on": "2012-07-12",
        "retrieved_on": "2026-09-26",
        "license": "CC-BY-4.0",
        "attribution": "Contains GeoNames ZA national geographical data, CC BY 4.0. Selected WGS84 locality/terrain references; no boundaries derived.",
        "label_note": "Qualified reference: Groblershoop (PPLA3). The named locality or nearby terrain feature provides orientation; it does not prove the precise legal wine-area extent or an official centroid.",
        "reference_qualification": "Groblershoop town reference within the Orange River wine area."
      },
      "geometry": {
        "type": "Point",
        "coordinates": [
          21.98378,
          -28.89531
        ]
      }
    },
    {
      "type": "Feature",
      "properties": {
        "node": "n_geo_za_grootdrink",
        "node_id": "n_geo_za_grootdrink",
        "name": "Grootdrink",
        "parent_node_id": "n_geo_za_central_orange_river",
        "country_node_id": "n_geo_south_africa",
        "point_role": "qualified_locality_or_terrain_reference_point",
        "point_place_name": "Grootdrink",
        "source_url": "https://www.geonames.org/12718853/",
        "source_coordinate_url": "https://download.geonames.org/export/dump/ZA.zip",
        "source_file_sha256": "65ab612c4c2ef21c25e6dc33ce0c9714d38fe9e777e36412c478166f1e543be8",
        "geonames_id": "12718853",
        "geonames_feature_class": "P",
        "geonames_feature_code": "PPL",
        "geonames_admin1_code": "08",
        "geonames_modified_on": "2024-01-18",
        "retrieved_on": "2026-09-26",
        "license": "CC-BY-4.0",
        "attribution": "Contains GeoNames ZA national geographical data, CC BY 4.0. Selected WGS84 locality/terrain references; no boundaries derived.",
        "label_note": "Qualified reference: Grootdrink (PPL). The named locality or nearby terrain feature provides orientation; it does not prove the precise legal wine-area extent or an official centroid.",
        "reference_qualification": "Grootdrink settlement on the Orange River; the unrelated northern Northern Cape homonym is excluded."
      },
      "geometry": {
        "type": "Point",
        "coordinates": [
          21.74656,
          -28.56402
        ]
      }
    },
    {
      "type": "Feature",
      "properties": {
        "node": "n_geo_za_kakamas",
        "node_id": "n_geo_za_kakamas",
        "name": "Kakamas",
        "parent_node_id": "n_geo_za_central_orange_river",
        "country_node_id": "n_geo_south_africa",
        "point_role": "qualified_locality_or_terrain_reference_point",
        "point_place_name": "Kakamas",
        "source_url": "https://www.geonames.org/993014/",
        "source_coordinate_url": "https://download.geonames.org/export/dump/ZA.zip",
        "source_file_sha256": "65ab612c4c2ef21c25e6dc33ce0c9714d38fe9e777e36412c478166f1e543be8",
        "geonames_id": "993014",
        "geonames_feature_class": "P",
        "geonames_feature_code": "PPLA3",
        "geonames_admin1_code": "08",
        "geonames_modified_on": "2025-07-04",
        "retrieved_on": "2026-09-26",
        "license": "CC-BY-4.0",
        "attribution": "Contains GeoNames ZA national geographical data, CC BY 4.0. Selected WGS84 locality/terrain references; no boundaries derived.",
        "label_note": "Qualified reference: Kakamas (PPLA3). The named locality or nearby terrain feature provides orientation; it does not prove the precise legal wine-area extent or an official centroid.",
        "reference_qualification": "Kakamas town reference on the Orange River, not the whole ward."
      },
      "geometry": {
        "type": "Point",
        "coordinates": [
          20.6147,
          -28.77341
        ]
      }
    },
    {
      "type": "Feature",
      "properties": {
        "node": "n_geo_za_keimoes",
        "node_id": "n_geo_za_keimoes",
        "name": "Keimoes",
        "parent_node_id": "n_geo_za_central_orange_river",
        "country_node_id": "n_geo_south_africa",
        "point_role": "qualified_locality_or_terrain_reference_point",
        "point_place_name": "Keimoes",
        "source_url": "https://www.geonames.org/991491/",
        "source_coordinate_url": "https://download.geonames.org/export/dump/ZA.zip",
        "source_file_sha256": "65ab612c4c2ef21c25e6dc33ce0c9714d38fe9e777e36412c478166f1e543be8",
        "geonames_id": "991491",
        "geonames_feature_class": "P",
        "geonames_feature_code": "PPL",
        "geonames_admin1_code": "08",
        "geonames_modified_on": "2012-07-12",
        "retrieved_on": "2026-09-26",
        "license": "CC-BY-4.0",
        "attribution": "Contains GeoNames ZA national geographical data, CC BY 4.0. Selected WGS84 locality/terrain references; no boundaries derived.",
        "label_note": "Qualified reference: Keimoes (PPL). The named locality or nearby terrain feature provides orientation; it does not prove the precise legal wine-area extent or an official centroid.",
        "reference_qualification": "Keimoes town reference on the Orange River, not legal ward geometry."
      },
      "geometry": {
        "type": "Point",
        "coordinates": [
          20.96325,
          -28.70146
        ]
      }
    },
    {
      "type": "Feature",
      "properties": {
        "node": "n_geo_za_upington",
        "node_id": "n_geo_za_upington",
        "name": "Upington",
        "parent_node_id": "n_geo_za_central_orange_river",
        "country_node_id": "n_geo_south_africa",
        "point_role": "qualified_locality_or_terrain_reference_point",
        "point_place_name": "Upington",
        "source_url": "https://www.geonames.org/945945/",
        "source_coordinate_url": "https://download.geonames.org/export/dump/ZA.zip",
        "source_file_sha256": "65ab612c4c2ef21c25e6dc33ce0c9714d38fe9e777e36412c478166f1e543be8",
        "geonames_id": "945945",
        "geonames_feature_class": "P",
        "geonames_feature_code": "PPLA2",
        "geonames_admin1_code": "08",
        "geonames_modified_on": "2012-07-12",
        "retrieved_on": "2026-09-26",
        "license": "CC-BY-4.0",
        "attribution": "Contains GeoNames ZA national geographical data, CC BY 4.0. Selected WGS84 locality/terrain references; no boundaries derived.",
        "label_note": "Qualified reference: Upington (PPLA2). The named locality or nearby terrain feature provides orientation; it does not prove the precise legal wine-area extent or an official centroid.",
        "reference_qualification": "Upington town reference, not the wider ward or Central Orange River district."
      },
      "geometry": {
        "type": "Point",
        "coordinates": [
          21.25612,
          -28.44776
        ]
      }
    },
    {
      "type": "Feature",
      "properties": {
        "node": "n_geo_za_hartswater",
        "node_id": "n_geo_za_hartswater",
        "name": "Hartswater",
        "parent_node_id": "n_geo_za_northern_cape",
        "country_node_id": "n_geo_south_africa",
        "point_role": "qualified_locality_or_terrain_reference_point",
        "point_place_name": "Hartswater",
        "source_url": "https://www.geonames.org/997373/",
        "source_coordinate_url": "https://download.geonames.org/export/dump/ZA.zip",
        "source_file_sha256": "65ab612c4c2ef21c25e6dc33ce0c9714d38fe9e777e36412c478166f1e543be8",
        "geonames_id": "997373",
        "geonames_feature_class": "P",
        "geonames_feature_code": "PPLA3",
        "geonames_admin1_code": "08",
        "geonames_modified_on": "2012-07-12",
        "retrieved_on": "2026-09-26",
        "license": "CC-BY-4.0",
        "attribution": "Contains GeoNames ZA national geographical data, CC BY 4.0. Selected WGS84 locality/terrain references; no boundaries derived.",
        "label_note": "Qualified reference: Hartswater (PPLA3). The named locality or nearby terrain feature provides orientation; it does not prove the precise legal wine-area extent or an official centroid.",
        "reference_qualification": "Hartswater town reference in Northern Cape, not the ward boundary."
      },
      "geometry": {
        "type": "Point",
        "coordinates": [
          24.79712,
          -27.74964
        ]
      }
    },
    {
      "type": "Feature",
      "properties": {
        "node": "n_geo_za_prieska",
        "node_id": "n_geo_za_prieska",
        "name": "Prieska",
        "parent_node_id": "n_geo_za_northern_cape",
        "country_node_id": "n_geo_south_africa",
        "point_role": "qualified_locality_or_terrain_reference_point",
        "point_place_name": "Prieska",
        "source_url": "https://www.geonames.org/964090/",
        "source_coordinate_url": "https://download.geonames.org/export/dump/ZA.zip",
        "source_file_sha256": "65ab612c4c2ef21c25e6dc33ce0c9714d38fe9e777e36412c478166f1e543be8",
        "geonames_id": "964090",
        "geonames_feature_class": "P",
        "geonames_feature_code": "PPLA3",
        "geonames_admin1_code": "08",
        "geonames_modified_on": "2014-11-08",
        "retrieved_on": "2026-09-26",
        "license": "CC-BY-4.0",
        "attribution": "Contains GeoNames ZA national geographical data, CC BY 4.0. Selected WGS84 locality/terrain references; no boundaries derived.",
        "label_note": "Qualified reference: Prieska (PPLA3). The named locality or nearby terrain feature provides orientation; it does not prove the precise legal wine-area extent or an official centroid.",
        "reference_qualification": "Prieska town reference in Northern Cape, not the surrounding wine ward."
      },
      "geometry": {
        "type": "Point",
        "coordinates": [
          22.74251,
          -29.66803
        ]
      }
    },
    {
      "type": "Feature",
      "properties": {
        "node": "n_geo_za_lanseria",
        "node_id": "n_geo_za_lanseria",
        "name": "Lanseria",
        "parent_node_id": "n_geo_south_africa",
        "country_node_id": "n_geo_south_africa",
        "point_role": "qualified_locality_or_terrain_reference_point",
        "point_place_name": "Lanseria",
        "source_url": "https://www.geonames.org/7646541/",
        "source_coordinate_url": "https://download.geonames.org/export/dump/ZA.zip",
        "source_file_sha256": "65ab612c4c2ef21c25e6dc33ce0c9714d38fe9e777e36412c478166f1e543be8",
        "geonames_id": "7646541",
        "geonames_feature_class": "P",
        "geonames_feature_code": "PPL",
        "geonames_admin1_code": "06",
        "geonames_modified_on": "2016-02-06",
        "retrieved_on": "2026-09-26",
        "license": "CC-BY-4.0",
        "attribution": "Contains GeoNames ZA national geographical data, CC BY 4.0. Selected WGS84 locality/terrain references; no boundaries derived.",
        "label_note": "Qualified reference: Lanseria (PPL). The named locality or nearby terrain feature provides orientation; it does not prove the precise legal wine-area extent or an official centroid.",
        "reference_qualification": "Lanseria settlement in Gauteng, not the unrelated Mpumalanga farm; the WO register assigns no geographical unit, so the containing parent is South Africa."
      },
      "geometry": {
        "type": "Point",
        "coordinates": [
          27.92819,
          -25.94101
        ]
      }
    },
    {
      "type": "Feature",
      "properties": {
        "node": "n_geo_za_elandskloof_kaaimansgat",
        "node_id": "n_geo_za_elandskloof_kaaimansgat",
        "name": "Elandskloof/Kaaimansgat",
        "parent_node_id": "n_geo_overberg_wine",
        "country_node_id": "n_geo_south_africa",
        "point_role": "qualified_locality_or_terrain_reference_point",
        "point_place_name": "Elandskloof",
        "source_url": "https://www.geonames.org/3368082/",
        "source_coordinate_url": "https://download.geonames.org/export/dump/ZA.zip",
        "source_file_sha256": "65ab612c4c2ef21c25e6dc33ce0c9714d38fe9e777e36412c478166f1e543be8",
        "geonames_id": "3368082",
        "geonames_feature_class": "H",
        "geonames_feature_code": "RVN",
        "geonames_admin1_code": "11",
        "geonames_modified_on": "2011-07-10",
        "retrieved_on": "2026-09-26",
        "license": "CC-BY-4.0",
        "attribution": "Contains GeoNames ZA national geographical data, CC BY 4.0. Selected WGS84 locality/terrain references; no boundaries derived.",
        "label_note": "Qualified reference: Elandskloof (RVN). The named locality or nearby terrain feature provides orientation; it does not prove the precise legal wine-area extent or an official centroid.",
        "reference_qualification": "Elandskloof ravine/valley geographic orientation reference. Altima section: isolated Elandskloof valley just north of Villiersdorp. Corroborating producer Crystallum /elandskloof describes near-Villiersdorp 700m vineyard; Bouchard Finlayson Crocodiles Lair describes Kaaimansgat in Elands Kloof behind Villiersdorp. Not a wine-ward centroid.",
        "reference_context_url": "https://www.rupertwines.com/vineyards/"
      },
      "geometry": {
        "type": "Point",
        "coordinates": [
          19.32284,
          -33.86381
        ]
      }
    },
    {
      "type": "Feature",
      "properties": {
        "node": "n_geo_za_greyton",
        "node_id": "n_geo_za_greyton",
        "name": "Greyton",
        "parent_node_id": "n_geo_overberg_wine",
        "country_node_id": "n_geo_south_africa",
        "point_role": "qualified_locality_or_terrain_reference_point",
        "point_place_name": "Greyton",
        "source_url": "https://www.geonames.org/3367442/",
        "source_coordinate_url": "https://download.geonames.org/export/dump/ZA.zip",
        "source_file_sha256": "65ab612c4c2ef21c25e6dc33ce0c9714d38fe9e777e36412c478166f1e543be8",
        "geonames_id": "3367442",
        "geonames_feature_class": "P",
        "geonames_feature_code": "PPL",
        "geonames_admin1_code": "11",
        "geonames_modified_on": "2024-12-02",
        "retrieved_on": "2026-09-26",
        "license": "CC-BY-4.0",
        "attribution": "Contains GeoNames ZA national geographical data, CC BY 4.0. Selected WGS84 locality/terrain references; no boundaries derived.",
        "label_note": "Qualified reference: Greyton (PPL). The named locality or nearby terrain feature provides orientation; it does not prove the precise legal wine-area extent or an official centroid.",
        "reference_qualification": "eponymous town orientation reference. Eponymous named geographic orientation reference only; SAWIS supports parent/classification. Coordinate comes unchanged from the pinned GeoNames record, not from wine-map tracing."
      },
      "geometry": {
        "type": "Point",
        "coordinates": [
          19.60884,
          -34.05048
        ]
      }
    },
    {
      "type": "Feature",
      "properties": {
        "node": "n_geo_za_klein_river",
        "node_id": "n_geo_za_klein_river",
        "name": "Klein River",
        "parent_node_id": "n_geo_overberg_wine",
        "country_node_id": "n_geo_south_africa",
        "point_role": "qualified_locality_or_terrain_reference_point",
        "point_place_name": "Kleinrivier",
        "source_url": "https://www.geonames.org/3365726/",
        "source_coordinate_url": "https://download.geonames.org/export/dump/ZA.zip",
        "source_file_sha256": "65ab612c4c2ef21c25e6dc33ce0c9714d38fe9e777e36412c478166f1e543be8",
        "geonames_id": "3365726",
        "geonames_feature_class": "H",
        "geonames_feature_code": "STM",
        "geonames_admin1_code": "11",
        "geonames_modified_on": "2012-01-18",
        "retrieved_on": "2026-09-26",
        "license": "CC-BY-4.0",
        "attribution": "Contains GeoNames ZA national geographical data, CC BY 4.0. Selected WGS84 locality/terrain references; no boundaries derived.",
        "label_note": "Qualified reference: Kleinrivier (STM). The named locality or nearby terrain feature provides orientation; it does not prove the precise legal wine-area extent or an official centroid.",
        "reference_qualification": "eponymous river orientation reference. Eponymous named geographic orientation reference only; SAWIS supports parent/classification. Coordinate comes unchanged from the pinned GeoNames record, not from wine-map tracing."
      },
      "geometry": {
        "type": "Point",
        "coordinates": [
          19.38158,
          -34.41189
        ]
      }
    },
    {
      "type": "Feature",
      "properties": {
        "node": "n_geo_za_shaws_mountain",
        "node_id": "n_geo_za_shaws_mountain",
        "name": "Shaw’s Mountain",
        "parent_node_id": "n_geo_overberg_wine",
        "country_node_id": "n_geo_south_africa",
        "point_role": "qualified_locality_or_terrain_reference_point",
        "point_place_name": "Shaw’s Mountain",
        "source_url": "https://www.geonames.org/3361658/",
        "source_coordinate_url": "https://download.geonames.org/export/dump/ZA.zip",
        "source_file_sha256": "65ab612c4c2ef21c25e6dc33ce0c9714d38fe9e777e36412c478166f1e543be8",
        "geonames_id": "3361658",
        "geonames_feature_class": "T",
        "geonames_feature_code": "MT",
        "geonames_admin1_code": "11",
        "geonames_modified_on": "2012-07-11",
        "retrieved_on": "2026-09-26",
        "license": "CC-BY-4.0",
        "attribution": "Contains GeoNames ZA national geographical data, CC BY 4.0. Selected WGS84 locality/terrain references; no boundaries derived.",
        "label_note": "Qualified reference: Shaw’s Mountain (MT). The named locality or nearby terrain feature provides orientation; it does not prove the precise legal wine-area extent or an official centroid.",
        "reference_qualification": "eponymous mountain orientation reference. Eponymous named geographic orientation reference only; SAWIS supports parent/classification. Coordinate comes unchanged from the pinned GeoNames record, not from wine-map tracing."
      },
      "geometry": {
        "type": "Point",
        "coordinates": [
          19.35437,
          -34.31198
        ]
      }
    },
    {
      "type": "Feature",
      "properties": {
        "node": "n_geo_za_theewater",
        "node_id": "n_geo_za_theewater",
        "name": "Theewater",
        "parent_node_id": "n_geo_overberg_wine",
        "country_node_id": "n_geo_south_africa",
        "point_role": "qualified_locality_or_terrain_reference_point",
        "point_place_name": "Theewaterskloofdam",
        "source_url": "https://www.geonames.org/3360578/",
        "source_coordinate_url": "https://download.geonames.org/export/dump/ZA.zip",
        "source_file_sha256": "65ab612c4c2ef21c25e6dc33ce0c9714d38fe9e777e36412c478166f1e543be8",
        "geonames_id": "3360578",
        "geonames_feature_class": "H",
        "geonames_feature_code": "RSV",
        "geonames_admin1_code": "11",
        "geonames_modified_on": "2011-07-10",
        "retrieved_on": "2026-09-26",
        "license": "CC-BY-4.0",
        "attribution": "Contains GeoNames ZA national geographical data, CC BY 4.0. Selected WGS84 locality/terrain references; no boundaries derived.",
        "label_note": "Qualified reference: Theewaterskloofdam (RSV). The named locality or nearby terrain feature provides orientation; it does not prove the precise legal wine-area extent or an official centroid.",
        "reference_qualification": "Theewaterskloof reservoir orientation reference. Reservoir point represents the named water feature, not vineyard or wine-ward centre."
      },
      "geometry": {
        "type": "Point",
        "coordinates": [
          19.16273,
          -34.0163
        ]
      }
    },
    {
      "type": "Feature",
      "properties": {
        "node": "n_geo_za_buffeljags",
        "node_id": "n_geo_za_buffeljags",
        "name": "Buffeljags",
        "parent_node_id": "n_geo_za_swellendam",
        "country_node_id": "n_geo_south_africa",
        "point_role": "qualified_locality_or_terrain_reference_point",
        "point_place_name": "Buffeljagsrivier",
        "source_url": "https://www.geonames.org/1015228/",
        "source_coordinate_url": "https://download.geonames.org/export/dump/ZA.zip",
        "source_file_sha256": "65ab612c4c2ef21c25e6dc33ce0c9714d38fe9e777e36412c478166f1e543be8",
        "geonames_id": "1015228",
        "geonames_feature_class": "P",
        "geonames_feature_code": "PPL",
        "geonames_admin1_code": "11",
        "geonames_modified_on": "2024-12-02",
        "retrieved_on": "2026-09-26",
        "license": "CC-BY-4.0",
        "attribution": "Contains GeoNames ZA national geographical data, CC BY 4.0. Selected WGS84 locality/terrain references; no boundaries derived.",
        "label_note": "Qualified reference: Buffeljagsrivier (PPL). The named locality or nearby terrain feature provides orientation; it does not prove the precise legal wine-area extent or an official centroid.",
        "reference_qualification": "Buffeljagsrivier town orientation reference. Eponymous named geographic orientation reference only; SAWIS supports parent/classification. Coordinate comes unchanged from the pinned GeoNames record, not from wine-map tracing."
      },
      "geometry": {
        "type": "Point",
        "coordinates": [
          20.52687,
          -34.04605
        ]
      }
    },
    {
      "type": "Feature",
      "properties": {
        "node": "n_geo_za_stormsvlei",
        "node_id": "n_geo_za_stormsvlei",
        "name": "Stormsvlei",
        "parent_node_id": "n_geo_za_swellendam",
        "country_node_id": "n_geo_south_africa",
        "point_role": "qualified_locality_or_terrain_reference_point",
        "point_place_name": "Stormsvlei",
        "source_url": "https://www.geonames.org/951902/",
        "source_coordinate_url": "https://download.geonames.org/export/dump/ZA.zip",
        "source_file_sha256": "65ab612c4c2ef21c25e6dc33ce0c9714d38fe9e777e36412c478166f1e543be8",
        "geonames_id": "951902",
        "geonames_feature_class": "P",
        "geonames_feature_code": "PPL",
        "geonames_admin1_code": "11",
        "geonames_modified_on": "2018-12-05",
        "retrieved_on": "2026-09-26",
        "license": "CC-BY-4.0",
        "attribution": "Contains GeoNames ZA national geographical data, CC BY 4.0. Selected WGS84 locality/terrain references; no boundaries derived.",
        "label_note": "Qualified reference: Stormsvlei (PPL). The named locality or nearby terrain feature provides orientation; it does not prove the precise legal wine-area extent or an official centroid.",
        "reference_qualification": "eponymous town orientation reference. Eponymous named geographic orientation reference only; SAWIS supports parent/classification. Coordinate comes unchanged from the pinned GeoNames record, not from wine-map tracing."
      },
      "geometry": {
        "type": "Point",
        "coordinates": [
          20.0962,
          -34.08339
        ]
      }
    },
    {
      "type": "Feature",
      "properties": {
        "node": "n_geo_za_springfontein_rim",
        "node_id": "n_geo_za_springfontein_rim",
        "name": "Springfontein Rim",
        "parent_node_id": "n_geo_walker_bay",
        "country_node_id": "n_geo_south_africa",
        "point_role": "qualified_locality_or_terrain_reference_point",
        "point_place_name": "Springfontein",
        "source_url": "https://www.geonames.org/3361116/",
        "source_coordinate_url": "https://download.geonames.org/export/dump/ZA.zip",
        "source_file_sha256": "65ab612c4c2ef21c25e6dc33ce0c9714d38fe9e777e36412c478166f1e543be8",
        "geonames_id": "3361116",
        "geonames_feature_class": "S",
        "geonames_feature_code": "FRM",
        "geonames_admin1_code": "11",
        "geonames_modified_on": "2012-07-12",
        "retrieved_on": "2026-09-26",
        "license": "CC-BY-4.0",
        "attribution": "Contains GeoNames ZA national geographical data, CC BY 4.0. Selected WGS84 locality/terrain references; no boundaries derived.",
        "label_note": "Qualified reference: Springfontein (FRM). The named locality or nearby terrain feature provides orientation; it does not prove the precise legal wine-area extent or an official centroid.",
        "reference_qualification": "Springfontein farm geographic orientation reference. Estate owner describes historic Springfontein passage from Hermanus to Stanford on south side of Kleinrivier lagoon/course. /terroir/ explicitly identifies its own exclusive Springfontein Rim wine appellation. Gazetteer record is Springfontein farm, Western Cape/Overstrand, not legal appellation centroid.",
        "reference_context_url": "https://springfontein.co.za/about-us/"
      },
      "geometry": {
        "type": "Point",
        "coordinates": [
          19.3891,
          -34.44432
        ]
      }
    },
    {
      "type": "Feature",
      "properties": {
        "node": "n_geo_za_goukou_river_valley",
        "node_id": "n_geo_za_goukou_river_valley",
        "name": "Goukou River Valley",
        "parent_node_id": "n_geo_za_still_bay",
        "country_node_id": "n_geo_south_africa",
        "point_role": "qualified_locality_or_terrain_reference_point",
        "point_place_name": "Goukou Rivier",
        "source_url": "https://www.geonames.org/993250/",
        "source_coordinate_url": "https://download.geonames.org/export/dump/ZA.zip",
        "source_file_sha256": "65ab612c4c2ef21c25e6dc33ce0c9714d38fe9e777e36412c478166f1e543be8",
        "geonames_id": "993250",
        "geonames_feature_class": "H",
        "geonames_feature_code": "STM",
        "geonames_admin1_code": "11",
        "geonames_modified_on": "2023-09-24",
        "retrieved_on": "2026-09-26",
        "license": "CC-BY-4.0",
        "attribution": "Contains GeoNames ZA national geographical data, CC BY 4.0. Selected WGS84 locality/terrain references; no boundaries derived.",
        "label_note": "Qualified reference: Goukou Rivier (STM). The named locality or nearby terrain feature provides orientation; it does not prove the precise legal wine-area extent or an official centroid.",
        "reference_qualification": "eponymous Goukou river orientation reference. Eponymous named geographic orientation reference only; SAWIS supports parent/classification. Coordinate comes unchanged from the pinned GeoNames record, not from wine-map tracing."
      },
      "geometry": {
        "type": "Point",
        "coordinates": [
          21.41667,
          -34.36667
        ]
      }
    },
    {
      "type": "Feature",
      "properties": {
        "node": "n_geo_za_herbertsdale",
        "node_id": "n_geo_za_herbertsdale",
        "name": "Herbertsdale",
        "parent_node_id": "n_geo_cape_south_coast",
        "country_node_id": "n_geo_south_africa",
        "point_role": "qualified_locality_or_terrain_reference_point",
        "point_place_name": "Herbertsdale",
        "source_url": "https://www.geonames.org/996899/",
        "source_coordinate_url": "https://download.geonames.org/export/dump/ZA.zip",
        "source_file_sha256": "65ab612c4c2ef21c25e6dc33ce0c9714d38fe9e777e36412c478166f1e543be8",
        "geonames_id": "996899",
        "geonames_feature_class": "P",
        "geonames_feature_code": "PPL",
        "geonames_admin1_code": "11",
        "geonames_modified_on": "2012-07-12",
        "retrieved_on": "2026-09-26",
        "license": "CC-BY-4.0",
        "attribution": "Contains GeoNames ZA national geographical data, CC BY 4.0. Selected WGS84 locality/terrain references; no boundaries derived.",
        "label_note": "Qualified reference: Herbertsdale (PPL). The named locality or nearby terrain feature provides orientation; it does not prove the precise legal wine-area extent or an official centroid.",
        "reference_qualification": "eponymous town orientation reference. Eponymous named geographic orientation reference only; SAWIS supports parent/classification. Coordinate comes unchanged from the pinned GeoNames record, not from wine-map tracing."
      },
      "geometry": {
        "type": "Point",
        "coordinates": [
          21.76203,
          -34.01689
        ]
      }
    },
    {
      "type": "Feature",
      "properties": {
        "node": "n_geo_za_napier",
        "node_id": "n_geo_za_napier",
        "name": "Napier",
        "parent_node_id": "n_geo_cape_south_coast",
        "country_node_id": "n_geo_south_africa",
        "point_role": "qualified_locality_or_terrain_reference_point",
        "point_place_name": "Napier",
        "source_url": "https://www.geonames.org/3363792/",
        "source_coordinate_url": "https://download.geonames.org/export/dump/ZA.zip",
        "source_file_sha256": "65ab612c4c2ef21c25e6dc33ce0c9714d38fe9e777e36412c478166f1e543be8",
        "geonames_id": "3363792",
        "geonames_feature_class": "P",
        "geonames_feature_code": "PPL",
        "geonames_admin1_code": "11",
        "geonames_modified_on": "2024-12-02",
        "retrieved_on": "2026-09-26",
        "license": "CC-BY-4.0",
        "attribution": "Contains GeoNames ZA national geographical data, CC BY 4.0. Selected WGS84 locality/terrain references; no boundaries derived.",
        "label_note": "Qualified reference: Napier (PPL). The named locality or nearby terrain feature provides orientation; it does not prove the precise legal wine-area extent or an official centroid.",
        "reference_qualification": "eponymous town orientation reference. Eponymous named geographic orientation reference only; SAWIS supports parent/classification. Coordinate comes unchanged from the pinned GeoNames record, not from wine-map tracing."
      },
      "geometry": {
        "type": "Point",
        "coordinates": [
          19.89812,
          -34.47451
        ]
      }
    },
    {
      "type": "Feature",
      "properties": {
        "node": "n_geo_za_hout_bay",
        "node_id": "n_geo_za_hout_bay",
        "name": "Hout Bay",
        "parent_node_id": "n_geo_cape_town_wine",
        "country_node_id": "n_geo_south_africa",
        "point_role": "qualified_locality_or_terrain_reference_point",
        "point_place_name": "Bokkemanskloof",
        "source_url": "https://www.geonames.org/3369752/",
        "source_coordinate_url": "https://download.geonames.org/export/dump/ZA.zip",
        "source_file_sha256": "65ab612c4c2ef21c25e6dc33ce0c9714d38fe9e777e36412c478166f1e543be8",
        "geonames_id": "3369752",
        "geonames_feature_class": "H",
        "geonames_feature_code": "RVN",
        "geonames_admin1_code": "11",
        "geonames_modified_on": "2011-07-10",
        "retrieved_on": "2026-09-26",
        "license": "CC-BY-4.0",
        "attribution": "Contains GeoNames ZA national geographical data, CC BY 4.0. Selected WGS84 locality/terrain references; no boundaries derived.",
        "label_note": "Qualified reference: Bokkemanskloof (RVN). The named locality or nearby terrain feature provides orientation; it does not prove the precise legal wine-area extent or an official centroid.",
        "reference_qualification": "Bokkemanskloof ravine is an inland Hout Bay valley reference supported by the City of Cape Town report; the coarser coastal Hout Bay gazetteer town point falls outside the simplified display coast. Not legal ward geometry or an official centroid.",
        "reference_context_url": "https://resource.capetown.gov.za/documentcentre/Documents/City%20research%20reports%20and%20review/Hout-Bay-Coastal_Water_Quality_report.pdf"
      },
      "geometry": {
        "type": "Point",
        "coordinates": [
          18.38827,
          -34.02817
        ]
      }
    },
    {
      "type": "Feature",
      "properties": {
        "node": "n_geo_za_philadelphia",
        "node_id": "n_geo_za_philadelphia",
        "name": "Philadelphia",
        "parent_node_id": "n_geo_cape_town_wine",
        "country_node_id": "n_geo_south_africa",
        "point_role": "qualified_locality_or_terrain_reference_point",
        "point_place_name": "Philadelphia",
        "source_url": "https://www.geonames.org/3362900/",
        "source_coordinate_url": "https://download.geonames.org/export/dump/ZA.zip",
        "source_file_sha256": "65ab612c4c2ef21c25e6dc33ce0c9714d38fe9e777e36412c478166f1e543be8",
        "geonames_id": "3362900",
        "geonames_feature_class": "P",
        "geonames_feature_code": "PPL",
        "geonames_admin1_code": "11",
        "geonames_modified_on": "2026-05-22",
        "retrieved_on": "2026-09-26",
        "license": "CC-BY-4.0",
        "attribution": "Contains GeoNames ZA national geographical data, CC BY 4.0. Selected WGS84 locality/terrain references; no boundaries derived.",
        "label_note": "Qualified reference: Philadelphia (PPL). The named locality or nearby terrain feature provides orientation; it does not prove the precise legal wine-area extent or an official centroid.",
        "reference_qualification": "eponymous town orientation reference. Eponymous named geographic orientation reference only; SAWIS supports parent/classification. Coordinate comes unchanged from the pinned GeoNames record, not from wine-map tracing."
      },
      "geometry": {
        "type": "Point",
        "coordinates": [
          18.58123,
          -33.66584
        ]
      }
    },
    {
      "type": "Feature",
      "properties": {
        "node": "n_geo_za_piket_bo_berg",
        "node_id": "n_geo_za_piket_bo_berg",
        "name": "Piket-Bo-Berg",
        "parent_node_id": "n_geo_swartland",
        "country_node_id": "n_geo_south_africa",
        "point_role": "qualified_locality_or_terrain_reference_point",
        "point_place_name": "Piketberg",
        "source_url": "https://www.geonames.org/3362871/",
        "source_coordinate_url": "https://download.geonames.org/export/dump/ZA.zip",
        "source_file_sha256": "65ab612c4c2ef21c25e6dc33ce0c9714d38fe9e777e36412c478166f1e543be8",
        "geonames_id": "3362871",
        "geonames_feature_class": "T",
        "geonames_feature_code": "MTS",
        "geonames_admin1_code": "11",
        "geonames_modified_on": "2012-01-18",
        "retrieved_on": "2026-09-26",
        "license": "CC-BY-4.0",
        "attribution": "Contains GeoNames ZA national geographical data, CC BY 4.0. Selected WGS84 locality/terrain references; no boundaries derived.",
        "label_note": "Qualified reference: Piketberg (MTS). The named locality or nearby terrain feature provides orientation; it does not prove the precise legal wine-area extent or an official centroid.",
        "reference_qualification": "Piketberg mountain range/plateau orientation reference. Producer describes founding Piket-Bo-Berg WO, high-altitude Platteklip vineyards and address Langeberg Afdelings Road, Platteklip Farm, Piket-Bo-Berg. This is qualified eponymous mountain-range reference, NOT exact farm nor legal centroid. GeoNames3362781 Platteklip is a different lowland residence west of Malmesbury, not this vineyard.",
        "reference_context_url": "https://motherrockwines.com/"
      },
      "geometry": {
        "type": "Point",
        "coordinates": [
          18.75,
          -32.83333
        ]
      }
    },
    {
      "type": "Feature",
      "properties": {
        "node": "n_geo_za_st_helena_bay",
        "node_id": "n_geo_za_st_helena_bay",
        "name": "St Helena Bay",
        "parent_node_id": "n_geo_swartland",
        "country_node_id": "n_geo_south_africa",
        "point_role": "qualified_locality_or_terrain_reference_point",
        "point_place_name": "Laingville",
        "source_url": "https://www.geonames.org/11203921/",
        "source_coordinate_url": "https://download.geonames.org/export/dump/ZA.zip",
        "source_file_sha256": "65ab612c4c2ef21c25e6dc33ce0c9714d38fe9e777e36412c478166f1e543be8",
        "geonames_id": "11203921",
        "geonames_feature_class": "P",
        "geonames_feature_code": "PPL",
        "geonames_admin1_code": "11",
        "geonames_modified_on": "2016-07-11",
        "retrieved_on": "2026-09-26",
        "license": "CC-BY-4.0",
        "attribution": "Contains GeoNames ZA national geographical data, CC BY 4.0. Selected WGS84 locality/terrain references; no boundaries derived.",
        "label_note": "Qualified reference: Laingville (PPL). The named locality or nearby terrain feature provides orientation; it does not prove the precise legal wine-area extent or an official centroid.",
        "reference_qualification": "Laingville is within St Helena Bay according to the Western Cape Government; its precise inland settlement reference replaces the coarse coastal town point outside the simplified display country. Not a wine-ward centroid or boundary.",
        "reference_context_url": "https://www.westerncape.gov.za/health-wellness/facility/laingville-clinic"
      },
      "geometry": {
        "type": "Point",
        "coordinates": [
          18.06206,
          -32.79101
        ]
      }
    },
    {
      "type": "Feature",
      "properties": {
        "node": "n_geo_za_groenberg",
        "node_id": "n_geo_za_groenberg",
        "name": "Groenberg",
        "parent_node_id": "n_geo_wellington_wine",
        "country_node_id": "n_geo_south_africa",
        "point_role": "qualified_locality_or_terrain_reference_point",
        "point_place_name": "Groenberg",
        "source_url": "https://www.geonames.org/3367431/",
        "source_coordinate_url": "https://download.geonames.org/export/dump/ZA.zip",
        "source_file_sha256": "65ab612c4c2ef21c25e6dc33ce0c9714d38fe9e777e36412c478166f1e543be8",
        "geonames_id": "3367431",
        "geonames_feature_class": "T",
        "geonames_feature_code": "MT",
        "geonames_admin1_code": "11",
        "geonames_modified_on": "2018-12-05",
        "retrieved_on": "2026-09-26",
        "license": "CC-BY-4.0",
        "attribution": "Contains GeoNames ZA national geographical data, CC BY 4.0. Selected WGS84 locality/terrain references; no boundaries derived.",
        "label_note": "Qualified reference: Groenberg (MT). The named locality or nearby terrain feature provides orientation; it does not prove the precise legal wine-area extent or an official centroid.",
        "reference_qualification": "eponymous mountain orientation reference. Producer identifies adjacent Groenberg mountain affecting Bovlei climate. Select mountain rather than similarly named farm.",
        "reference_context_url": "https://nabygelegen.co.za/about/"
      },
      "geometry": {
        "type": "Point",
        "coordinates": [
          19.06106,
          -33.59784
        ]
      }
    },
    {
      "type": "Feature",
      "properties": {
        "node": "n_geo_za_limietberg",
        "node_id": "n_geo_za_limietberg",
        "name": "Limietberg",
        "parent_node_id": "n_geo_wellington_wine",
        "country_node_id": "n_geo_south_africa",
        "point_role": "qualified_locality_or_terrain_reference_point",
        "point_place_name": "Limietberge",
        "source_url": "https://www.geonames.org/3364530/",
        "source_coordinate_url": "https://download.geonames.org/export/dump/ZA.zip",
        "source_file_sha256": "65ab612c4c2ef21c25e6dc33ce0c9714d38fe9e777e36412c478166f1e543be8",
        "geonames_id": "3364530",
        "geonames_feature_class": "T",
        "geonames_feature_code": "MTS",
        "geonames_admin1_code": "11",
        "geonames_modified_on": "2012-01-18",
        "retrieved_on": "2026-09-26",
        "license": "CC-BY-4.0",
        "attribution": "Contains GeoNames ZA national geographical data, CC BY 4.0. Selected WGS84 locality/terrain references; no boundaries derived.",
        "label_note": "Qualified reference: Limietberge (MTS). The named locality or nearby terrain feature provides orientation; it does not prove the precise legal wine-area extent or an official centroid.",
        "reference_qualification": "eponymous mountain range orientation reference. Producer Doolhof expressly at foot of Limietberg; own map identifies Limietberg, South Africa. Alternative licensed farm3368540(-33.62622,19.08348) matches own GPS33.37.32.8S19.4.59.37E closely and could be qualified estate reference.",
        "reference_context_url": "https://doolhof.com/"
      },
      "geometry": {
        "type": "Point",
        "coordinates": [
          19.10107,
          -33.57065
        ]
      }
    },
    {
      "type": "Feature",
      "properties": {
        "node": "n_geo_za_bamboes_bay",
        "node_id": "n_geo_za_bamboes_bay",
        "name": "Bamboes Bay",
        "parent_node_id": "n_geo_za_cape_west_coast",
        "country_node_id": "n_geo_south_africa",
        "point_role": "qualified_locality_or_terrain_reference_point",
        "point_place_name": "Bamboesbaai",
        "source_url": "https://www.geonames.org/3370225/",
        "source_coordinate_url": "https://download.geonames.org/export/dump/ZA.zip",
        "source_file_sha256": "65ab612c4c2ef21c25e6dc33ce0c9714d38fe9e777e36412c478166f1e543be8",
        "geonames_id": "3370225",
        "geonames_feature_class": "S",
        "geonames_feature_code": "RSD",
        "geonames_admin1_code": "11",
        "geonames_modified_on": "2012-07-11",
        "retrieved_on": "2026-09-26",
        "license": "CC-BY-4.0",
        "attribution": "Contains GeoNames ZA national geographical data, CC BY 4.0. Selected WGS84 locality/terrain references; no boundaries derived.",
        "label_note": "Qualified reference: Bamboesbaai (RSD). The named locality or nearby terrain feature provides orientation; it does not prove the precise legal wine-area extent or an official centroid.",
        "reference_qualification": "Bamboesbaai residence/locality orientation reference. Use named land residence rather than water bay3370226. Legal primary parent is subregion Cape West Coast, with no district."
      },
      "geometry": {
        "type": "Point",
        "coordinates": [
          18.23333,
          -31.78333
        ]
      }
    },
    {
      "type": "Feature",
      "properties": {
        "node": "n_geo_za_lamberts_bay",
        "node_id": "n_geo_za_lamberts_bay",
        "name": "Lamberts Bay",
        "parent_node_id": "n_geo_za_cape_west_coast",
        "country_node_id": "n_geo_south_africa",
        "point_role": "qualified_locality_or_terrain_reference_point",
        "point_place_name": "Lamberts Bay",
        "source_url": "https://www.geonames.org/3364847/",
        "source_coordinate_url": "https://download.geonames.org/export/dump/ZA.zip",
        "source_file_sha256": "65ab612c4c2ef21c25e6dc33ce0c9714d38fe9e777e36412c478166f1e543be8",
        "geonames_id": "3364847",
        "geonames_feature_class": "P",
        "geonames_feature_code": "PPL",
        "geonames_admin1_code": "11",
        "geonames_modified_on": "2024-12-02",
        "retrieved_on": "2026-09-26",
        "license": "CC-BY-4.0",
        "attribution": "Contains GeoNames ZA national geographical data, CC BY 4.0. Selected WGS84 locality/terrain references; no boundaries derived.",
        "label_note": "Qualified reference: Lamberts Bay (PPL). The named locality or nearby terrain feature provides orientation; it does not prove the precise legal wine-area extent or an official centroid.",
        "reference_qualification": "eponymous town orientation reference. Legal primary parent is subregion Cape West Coast, with no district."
      },
      "geometry": {
        "type": "Point",
        "coordinates": [
          18.3085,
          -32.09694
        ]
      }
    },
    {
      "type": "Feature",
      "properties": {
        "node": "n_geo_za_goedemoed",
        "node_id": "n_geo_za_goedemoed",
        "name": "Goedemoed",
        "parent_node_id": "n_geo_robertson_wine",
        "country_node_id": "n_geo_south_africa",
        "point_role": "qualified_locality_or_terrain_reference_point",
        "point_place_name": "Klaas Voogdsrivier",
        "source_url": "https://www.geonames.org/3365931/",
        "source_coordinate_url": "https://download.geonames.org/export/dump/ZA.zip",
        "source_file_sha256": "65ab612c4c2ef21c25e6dc33ce0c9714d38fe9e777e36412c478166f1e543be8",
        "geonames_id": "3365931",
        "geonames_feature_class": "S",
        "geonames_feature_code": "RSD",
        "geonames_admin1_code": "11",
        "geonames_modified_on": "2012-07-12",
        "retrieved_on": "2026-09-26",
        "license": "CC-BY-4.0",
        "attribution": "Contains GeoNames ZA national geographical data, CC BY 4.0. Selected WGS84 locality/terrain references; no boundaries derived.",
        "label_note": "Qualified reference: Klaas Voogdsrivier (RSD). The named locality or nearby terrain feature provides orientation; it does not prove the precise legal wine-area extent or an official centroid.",
        "reference_qualification": "Klaas Voogdsrivier railway locality provides nearby orientation toward Bon Courage on farm Goedemoed128 southeast Robertson; not the wine ward centroid or asserted legal extent.",
        "reference_context_url": "https://www.boncourage.co.za/"
      },
      "geometry": {
        "type": "Point",
        "coordinates": [
          19.96762,
          -33.83683
        ]
      }
    },
    {
      "type": "Feature",
      "properties": {
        "node": "n_geo_za_rooikrans",
        "node_id": "n_geo_za_rooikrans",
        "name": "Rooikrans",
        "parent_node_id": "n_geo_worcester_wine",
        "country_node_id": "n_geo_south_africa",
        "point_role": "qualified_locality_or_terrain_reference_point",
        "point_place_name": "Over-Hex",
        "source_url": "https://www.geonames.org/3363123/",
        "source_coordinate_url": "https://download.geonames.org/export/dump/ZA.zip",
        "source_file_sha256": "65ab612c4c2ef21c25e6dc33ce0c9714d38fe9e777e36412c478166f1e543be8",
        "geonames_id": "3363123",
        "geonames_feature_class": "S",
        "geonames_feature_code": "RSD",
        "geonames_admin1_code": "11",
        "geonames_modified_on": "2012-07-12",
        "retrieved_on": "2026-09-26",
        "license": "CC-BY-4.0",
        "attribution": "Contains GeoNames ZA national geographical data, CC BY 4.0. Selected WGS84 locality/terrain references; no boundaries derived.",
        "label_note": "Qualified reference: Over-Hex (RSD). The named locality or nearby terrain feature provides orientation; it does not prove the precise legal wine-area extent or an official centroid.",
        "reference_qualification": "Over-Hex railway siding provides nearby orientation for the area along R60 east of Worcester identified in the official demarcation text; not the precise ward boundary or legal centroid.",
        "reference_context_url": "https://www.sawis.co.za/winelaw/download/99_Scherpenheuvel%2C_Keeromsberg_and_Rooikrans.pdf"
      },
      "geometry": {
        "type": "Point",
        "coordinates": [
          19.54428,
          -33.66441
        ]
      }
    },
    {
      "type": "Feature",
      "properties": {
        "node": "n_geo_za_cango_valley",
        "node_id": "n_geo_za_cango_valley",
        "name": "Cango Valley",
        "parent_node_id": "n_geo_klein_karoo_wine",
        "country_node_id": "n_geo_south_africa",
        "point_role": "qualified_locality_or_terrain_reference_point",
        "point_place_name": "Schoemanshoek",
        "source_url": "https://www.geonames.org/957171/",
        "source_coordinate_url": "https://download.geonames.org/export/dump/ZA.zip",
        "source_file_sha256": "65ab612c4c2ef21c25e6dc33ce0c9714d38fe9e777e36412c478166f1e543be8",
        "geonames_id": "957171",
        "geonames_feature_class": "P",
        "geonames_feature_code": "PPL",
        "geonames_admin1_code": "11",
        "geonames_modified_on": "2012-07-12",
        "retrieved_on": "2026-09-26",
        "license": "CC-BY-4.0",
        "attribution": "Contains GeoNames ZA national geographical data, CC BY 4.0. Selected WGS84 locality/terrain references; no boundaries derived.",
        "label_note": "Qualified reference: Schoemanshoek (PPL). The named locality or nearby terrain feature provides orientation; it does not prove the precise legal wine-area extent or an official centroid.",
        "reference_qualification": "Schoemanshoek populated locality in Cango Valley, explicitly identified in producer Karusa address; not a legal centroid.",
        "reference_context_url": "https://karusa.co.za/contact/"
      },
      "geometry": {
        "type": "Point",
        "coordinates": [
          22.24632,
          -33.48148
        ]
      }
    },
    {
      "type": "Feature",
      "properties": {
        "node": "n_geo_za_upper_langkloof",
        "node_id": "n_geo_za_upper_langkloof",
        "name": "Upper Langkloof",
        "parent_node_id": "n_geo_klein_karoo_wine",
        "country_node_id": "n_geo_south_africa",
        "point_role": "qualified_locality_or_terrain_reference_point",
        "point_place_name": "Herold",
        "source_url": "https://www.geonames.org/996821/",
        "source_coordinate_url": "https://download.geonames.org/export/dump/ZA.zip",
        "source_file_sha256": "65ab612c4c2ef21c25e6dc33ce0c9714d38fe9e777e36412c478166f1e543be8",
        "geonames_id": "996821",
        "geonames_feature_class": "P",
        "geonames_feature_code": "PPL",
        "geonames_admin1_code": "11",
        "geonames_modified_on": "2019-02-21",
        "retrieved_on": "2026-09-26",
        "license": "CC-BY-4.0",
        "attribution": "Contains GeoNames ZA national geographical data, CC BY 4.0. Selected WGS84 locality/terrain references; no boundaries derived.",
        "label_note": "Qualified reference: Herold (PPL). The named locality or nearby terrain feature provides orientation; it does not prove the precise legal wine-area extent or an official centroid.",
        "reference_qualification": "Herold town reference where the producer describes vineyards in Upper Langkloof near Herold; not the full ward extent.",
        "reference_context_url": "https://gardenroute-wines.co.za/"
      },
      "geometry": {
        "type": "Point",
        "coordinates": [
          22.44742,
          -33.84667
        ]
      }
    },
    {
      "type": "Feature",
      "properties": {
        "node": "n_geo_za_kweekvallei",
        "node_id": "n_geo_za_kweekvallei",
        "name": "Kweekvallei",
        "parent_node_id": "n_geo_za_prince_albert",
        "country_node_id": "n_geo_south_africa",
        "point_role": "qualified_locality_or_terrain_reference_point",
        "point_place_name": "Prince Albert",
        "source_url": "https://www.geonames.org/964078/",
        "source_coordinate_url": "https://download.geonames.org/export/dump/ZA.zip",
        "source_file_sha256": "65ab612c4c2ef21c25e6dc33ce0c9714d38fe9e777e36412c478166f1e543be8",
        "geonames_id": "964078",
        "geonames_feature_class": "P",
        "geonames_feature_code": "PPLA3",
        "geonames_admin1_code": "11",
        "geonames_modified_on": "2024-01-18",
        "retrieved_on": "2026-09-26",
        "license": "CC-BY-4.0",
        "attribution": "Contains GeoNames ZA national geographical data, CC BY 4.0. Selected WGS84 locality/terrain references; no boundaries derived.",
        "label_note": "Qualified reference: Prince Albert (PPLA3). The named locality or nearby terrain feature provides orientation; it does not prove the precise legal wine-area extent or an official centroid.",
        "reference_qualification": "Prince Albert town established on the historic Kweekvallei farm according to Statistics South Africa; qualified historic town reference, not the surrounding ward boundary.",
        "reference_context_url": "https://www.statssa.gov.za/?id=280&page_id=4286"
      },
      "geometry": {
        "type": "Point",
        "coordinates": [
          22.02673,
          -33.22476
        ]
      }
    },
    {
      "type": "Feature",
      "properties": {
        "node": "n_geo_za_prince_albert_valley",
        "node_id": "n_geo_za_prince_albert_valley",
        "name": "Prince Albert Valley",
        "parent_node_id": "n_geo_za_prince_albert",
        "country_node_id": "n_geo_south_africa",
        "point_role": "qualified_locality_or_terrain_reference_point",
        "point_place_name": "Bergwater",
        "source_url": "https://www.geonames.org/1019910/",
        "source_coordinate_url": "https://download.geonames.org/export/dump/ZA.zip",
        "source_file_sha256": "65ab612c4c2ef21c25e6dc33ce0c9714d38fe9e777e36412c478166f1e543be8",
        "geonames_id": "1019910",
        "geonames_feature_class": "P",
        "geonames_feature_code": "PPL",
        "geonames_admin1_code": "11",
        "geonames_modified_on": "2012-07-12",
        "retrieved_on": "2026-09-26",
        "license": "CC-BY-4.0",
        "attribution": "Contains GeoNames ZA national geographical data, CC BY 4.0. Selected WGS84 locality/terrain references; no boundaries derived.",
        "label_note": "Qualified reference: Bergwater (PPL). The named locality or nearby terrain feature provides orientation; it does not prove the precise legal wine-area extent or an official centroid.",
        "reference_qualification": "Bergwater locality provides orientation in the Prince Albert Valley. Historical winery context only; no current production claim or legal centroid is asserted.",
        "reference_context_url": "https://www.pamun.gov.za/download_document/518"
      },
      "geometry": {
        "type": "Point",
        "coordinates": [
          22.22495,
          -33.27812
        ]
      }
    },
    {
      "type": "Feature",
      "properties": {
        "node": "n_geo_za_rietrivier_fs",
        "node_id": "n_geo_za_rietrivier_fs",
        "name": "Rietrivier FS",
        "parent_node_id": "n_geo_za_free_state",
        "country_node_id": "n_geo_south_africa",
        "point_role": "qualified_locality_or_terrain_reference_point",
        "point_place_name": "Rietrivier",
        "source_url": "https://www.geonames.org/961572/",
        "source_coordinate_url": "https://download.geonames.org/export/dump/ZA.zip",
        "source_file_sha256": "65ab612c4c2ef21c25e6dc33ce0c9714d38fe9e777e36412c478166f1e543be8",
        "geonames_id": "961572",
        "geonames_feature_class": "P",
        "geonames_feature_code": "PPL",
        "geonames_admin1_code": "03",
        "geonames_modified_on": "2012-07-12",
        "retrieved_on": "2026-09-26",
        "license": "CC-BY-4.0",
        "attribution": "Contains GeoNames ZA national geographical data, CC BY 4.0. Selected WGS84 locality/terrain references; no boundaries derived.",
        "label_note": "Qualified reference: Rietrivier (PPL). The named locality or nearby terrain feature provides orientation; it does not prove the precise legal wine-area extent or an official centroid.",
        "reference_qualification": "Rietrivier settlement in Free State near Jacobsdal, whose municipality identifies nearby wine farms; not the wider ward boundary.",
        "reference_context_url": "https://www.letsemeng.fs.gov.za/?page_id=673"
      },
      "geometry": {
        "type": "Point",
        "coordinates": [
          24.68496,
          -29.1093
        ]
      }
    },
    {
      "type": "Feature",
      "properties": {
        "node": "n_geo_za_st_francis_bay",
        "node_id": "n_geo_za_st_francis_bay",
        "name": "St Francis Bay",
        "parent_node_id": "n_geo_za_eastern_cape",
        "country_node_id": "n_geo_south_africa",
        "point_role": "qualified_locality_or_terrain_reference_point",
        "point_place_name": "St Francis Bay",
        "source_url": "https://www.geonames.org/8063467/",
        "source_coordinate_url": "https://download.geonames.org/export/dump/ZA.zip",
        "source_file_sha256": "65ab612c4c2ef21c25e6dc33ce0c9714d38fe9e777e36412c478166f1e543be8",
        "geonames_id": "8063467",
        "geonames_feature_class": "P",
        "geonames_feature_code": "PPLX",
        "geonames_admin1_code": "05",
        "geonames_modified_on": "2024-01-20",
        "retrieved_on": "2026-09-26",
        "license": "CC-BY-4.0",
        "attribution": "Contains GeoNames ZA national geographical data, CC BY 4.0. Selected WGS84 locality/terrain references; no boundaries derived.",
        "label_note": "Qualified reference: St Francis Bay (PPLX). The named locality or nearby terrain feature provides orientation; it does not prove the precise legal wine-area extent or an official centroid.",
        "reference_qualification": "St Francis Bay village reference for the wine ward identified in Board Notice177of2010; not an official legal centroid.",
        "reference_context_url": "https://www.gov.za/sites/default/files/gcis_document/201409/33812177.pdf"
      },
      "geometry": {
        "type": "Point",
        "coordinates": [
          24.82618,
          -34.16026
        ]
      }
    },
    {
      "type": "Feature",
      "properties": {
        "node": "n_geo_za_blouvlei",
        "node_id": "n_geo_za_blouvlei",
        "name": "Blouvlei",
        "parent_node_id": "n_geo_wellington_wine",
        "country_node_id": "n_geo_south_africa",
        "point_role": "qualified_locality_or_terrain_reference_point",
        "point_place_name": "Hawequas",
        "source_url": "https://www.geonames.org/3366950/",
        "source_coordinate_url": "https://download.geonames.org/export/dump/ZA.zip",
        "source_file_sha256": "65ab612c4c2ef21c25e6dc33ce0c9714d38fe9e777e36412c478166f1e543be8",
        "geonames_id": "3366950",
        "geonames_feature_class": "S",
        "geonames_feature_code": "FRM",
        "geonames_admin1_code": "11",
        "geonames_modified_on": "2012-07-12",
        "retrieved_on": "2026-09-26",
        "license": "CC-BY-4.0",
        "attribution": "Contains GeoNames ZA national geographical data, CC BY 4.0. Selected WGS84 locality/terrain references; no boundaries derived.",
        "label_note": "Qualified reference: Hawequas (FRM). The named locality or nearby terrain feature provides orientation; it does not prove the precise legal wine-area extent or an official centroid.",
        "reference_qualification": "Hawequas farm/foothill orientation reference. Primary CSIR draft environmental assessment printedp28 says Olyvenbosch access road into Hawequasfarm295 lies at far eastern edge of Blouvlei area of Wellington, at foot of mountains. This supports named farm/foothill geographic vicinity only, not cadastral equivalence or wine-ward extent. Corroborating municipality Drakenstein Mountain Slope Study2019 p60 describes Blouvlei shallow valley with SpruitRiver and Hawequasbackdrop. CapeTownmarsh3369834 and WestCoastfarm3369835 are excluded.",
        "reference_context_url": "https://www.csir.co.za/sites/default/files/Documents/Draft%20Basic%20Assessment%20for%20the%20proposed%20expansion%20of%20a%20bridge%20over%20the%20Spruit%20River%20Western.pdf"
      },
      "geometry": {
        "type": "Point",
        "coordinates": [
          19.06988,
          -33.66907
        ]
      }
    },
    {
      "type": "Feature",
      "properties": {
        "node": "n_geo_za_bovlei",
        "node_id": "n_geo_za_bovlei",
        "name": "Bovlei",
        "parent_node_id": "n_geo_wellington_wine",
        "country_node_id": "n_geo_south_africa",
        "point_role": "qualified_locality_or_terrain_reference_point",
        "point_place_name": "Bo-Vlei",
        "source_url": "https://www.geonames.org/3369544/",
        "source_coordinate_url": "https://download.geonames.org/export/dump/ZA.zip",
        "source_file_sha256": "65ab612c4c2ef21c25e6dc33ce0c9714d38fe9e777e36412c478166f1e543be8",
        "geonames_id": "3369544",
        "geonames_feature_class": "S",
        "geonames_feature_code": "FRM",
        "geonames_admin1_code": "11",
        "geonames_modified_on": "2014-10-01",
        "retrieved_on": "2026-09-26",
        "license": "CC-BY-4.0",
        "attribution": "Contains GeoNames ZA national geographical data, CC BY 4.0. Selected WGS84 locality/terrain references; no boundaries derived.",
        "label_note": "Qualified reference: Bo-Vlei (FRM). The named locality or nearby terrain feature provides orientation; it does not prove the precise legal wine-area extent or an official centroid.",
        "reference_qualification": "Bo-Vlei/Bovenvallei nearby farm-locality orientation reference. Producer Nabygelegen identifies Bovlei as upper valley outside Wellington. Gazetteer Bo-Vlei/Bovenvallei farm is in Wellington-area WC023 and is a qualified nearby valley-locality reference; it is NOT the Nabygelegen estate or claimed wine-ward centroid. Primary WesternCapeParliament22July2022 liquorregister locates Welbedachtfarm in Bo-Vlei,Wellington. Wrong SwartlandBovleifarm3369545 and homonymousNabygelegen3363835 excluded.",
        "reference_context_url": "https://nabygelegen.co.za/about/"
      },
      "geometry": {
        "type": "Point",
        "coordinates": [
          19.03333,
          -33.63333
        ]
      }
    },
    {
      "type": "Feature",
      "properties": {
        "node": "n_geo_za_mid_berg_river",
        "node_id": "n_geo_za_mid_berg_river",
        "name": "Mid-Berg River",
        "parent_node_id": "n_geo_wellington_wine",
        "country_node_id": "n_geo_south_africa",
        "point_role": "qualified_locality_or_terrain_reference_point",
        "point_place_name": "Zeekoegat",
        "source_url": "https://www.geonames.org/3358925/",
        "source_coordinate_url": "https://download.geonames.org/export/dump/ZA.zip",
        "source_file_sha256": "65ab612c4c2ef21c25e6dc33ce0c9714d38fe9e777e36412c478166f1e543be8",
        "geonames_id": "3358925",
        "geonames_feature_class": "S",
        "geonames_feature_code": "FRM",
        "geonames_admin1_code": "11",
        "geonames_modified_on": "2014-10-01",
        "retrieved_on": "2026-09-26",
        "license": "CC-BY-4.0",
        "attribution": "Contains GeoNames ZA national geographical data, CC BY 4.0. Selected WGS84 locality/terrain references; no boundaries derived.",
        "label_note": "Qualified reference: Zeekoegat (FRM). The named locality or nearby terrain feature provides orientation; it does not prove the precise legal wine-area extent or an official centroid.",
        "reference_qualification": "Zeekoegat named boundary-farm vicinity orientation reference. Primary final BoardNotice118/2017, printedp155 Schedule specifically names Zeekoegat80 western boundary from R45/R44 intersection towards BergRiver, along with northward Wellington/OldHermonRoad context. Exact Wellington-area gazetteer Zeekoegat farm supplies nearby geographic orientation only; this does not establish cadastral identity, farm footprint, official wine-ward centroid or full containment. Worcester homonym3358926 is excluded. Never select BergRiver mouth for MidBergRiver.",
        "reference_context_url": "https://www.gov.za/sites/default/files/gcis_document/201706/40930bn118.pdf"
      },
      "geometry": {
        "type": "Point",
        "coordinates": [
          18.94363,
          -33.58113
        ]
      }
    }
  ]
}
