{
  "type": "FeatureCollection",
  "features": [
    {
      "type": "Feature",
      "properties": {
        "node": "n_geo_au_granite_belt_region",
        "node_id": "n_geo_au_granite_belt_region",
        "name": "Granite Belt",
        "parent_node_id": "n_geo_au_queensland_zone",
        "country_node_id": "n_geo_australia",
        "point_role": "source_polygon_interior_reference_point",
        "point_place_name": "Granite Belt",
        "source_url": "https://services6.arcgis.com/s8j6JbJJCqmhNgh7/arcgis/rest/services/Wine_Geographical_Indications_Australia/FeatureServer/1/query?where=GI_NUMBER%3D89&outFields=*&outSR=4326&f=geojson",
        "source_coordinate_url": "https://services6.arcgis.com/s8j6JbJJCqmhNgh7/arcgis/rest/services/Wine_Geographical_Indications_Australia/FeatureServer/1/query?where=1%3D1&outFields=*&returnGeometry=true&outSR=4326&f=geojson",
        "source_item_id": "2dd4c385f0ed4d109c2e18ae99e819e2",
        "source_layer_id": 1,
        "source_feature_id": 1,
        "source_gi_number": 89,
        "source_file_sha256": "16ef048525b09b0127f79bf7e3bdbe351677f7e9be8e5016d9766fe45190f719",
        "source_metadata_sha256": "d57b220dd6c7425298ca95d39b48e636c2568f02ed022d84e4661d1f0bbf0682",
        "source_gi_url": "https://www.wineaustralia.com/labelling/geographical-indicators/labelling-gi-granite-belt",
        "derivation": "widest verified interior horizontal scanline interval midpoint; 63 evenly spaced scanlines per polygon; holes excluded",
        "retrieved_on": "2026-09-26",
        "license": "CC-BY-4.0",
        "attribution": "Geographical Indications of Australia, © Wine Australia, CC BY 4.0; reference marker derived from official openly licensed GIS polygon.",
        "label_note": "Reference marker inside the official Wine Australia GIS representation. It is not the legal boundary or an official centroid; the textual GI definition takes precedence."
      },
      "geometry": {
        "type": "Point",
        "coordinates": [
          151.9153766114752,
          -28.70995190195106
        ]
      }
    },
    {
      "type": "Feature",
      "properties": {
        "node": "n_geo_au_south_burnett_region",
        "node_id": "n_geo_au_south_burnett_region",
        "name": "South Burnett",
        "parent_node_id": "n_geo_au_queensland_zone",
        "country_node_id": "n_geo_australia",
        "point_role": "source_polygon_interior_reference_point",
        "point_place_name": "South Burnett",
        "source_url": "https://services6.arcgis.com/s8j6JbJJCqmhNgh7/arcgis/rest/services/Wine_Geographical_Indications_Australia/FeatureServer/1/query?where=GI_NUMBER%3D82&outFields=*&outSR=4326&f=geojson",
        "source_coordinate_url": "https://services6.arcgis.com/s8j6JbJJCqmhNgh7/arcgis/rest/services/Wine_Geographical_Indications_Australia/FeatureServer/1/query?where=1%3D1&outFields=*&returnGeometry=true&outSR=4326&f=geojson",
        "source_item_id": "2dd4c385f0ed4d109c2e18ae99e819e2",
        "source_layer_id": 1,
        "source_feature_id": 2,
        "source_gi_number": 82,
        "source_file_sha256": "16ef048525b09b0127f79bf7e3bdbe351677f7e9be8e5016d9766fe45190f719",
        "source_metadata_sha256": "d57b220dd6c7425298ca95d39b48e636c2568f02ed022d84e4661d1f0bbf0682",
        "source_gi_url": "https://www.wineaustralia.com/labelling/geographical-indicators/labelling-gi-south-burnett",
        "derivation": "widest verified interior horizontal scanline interval midpoint; 63 evenly spaced scanlines per polygon; holes excluded",
        "retrieved_on": "2026-09-26",
        "license": "CC-BY-4.0",
        "attribution": "Geographical Indications of Australia, © Wine Australia, CC BY 4.0; reference marker derived from official openly licensed GIS polygon.",
        "label_note": "Reference marker inside the official Wine Australia GIS representation. It is not the legal boundary or an official centroid; the textual GI definition takes precedence."
      },
      "geometry": {
        "type": "Point",
        "coordinates": [
          151.69694157354087,
          -26.448347408058932
        ]
      }
    },
    {
      "type": "Feature",
      "properties": {
        "node": "n_geo_au_perricoota_region",
        "node_id": "n_geo_au_perricoota_region",
        "name": "Perricoota",
        "parent_node_id": "n_geo_au_big_rivers_zone",
        "country_node_id": "n_geo_australia",
        "point_role": "source_polygon_interior_reference_point",
        "point_place_name": "Perricoota",
        "source_url": "https://services6.arcgis.com/s8j6JbJJCqmhNgh7/arcgis/rest/services/Wine_Geographical_Indications_Australia/FeatureServer/1/query?where=GI_NUMBER%3D69&outFields=*&outSR=4326&f=geojson",
        "source_coordinate_url": "https://services6.arcgis.com/s8j6JbJJCqmhNgh7/arcgis/rest/services/Wine_Geographical_Indications_Australia/FeatureServer/1/query?where=1%3D1&outFields=*&returnGeometry=true&outSR=4326&f=geojson",
        "source_item_id": "2dd4c385f0ed4d109c2e18ae99e819e2",
        "source_layer_id": 1,
        "source_feature_id": 3,
        "source_gi_number": 69,
        "source_file_sha256": "16ef048525b09b0127f79bf7e3bdbe351677f7e9be8e5016d9766fe45190f719",
        "source_metadata_sha256": "d57b220dd6c7425298ca95d39b48e636c2568f02ed022d84e4661d1f0bbf0682",
        "source_gi_url": "https://www.wineaustralia.com/labelling/geographical-indicators/labelling-gi-perricoota",
        "derivation": "widest verified interior horizontal scanline interval midpoint; 63 evenly spaced scanlines per polygon; holes excluded",
        "retrieved_on": "2026-09-26",
        "license": "CC-BY-4.0",
        "attribution": "Geographical Indications of Australia, © Wine Australia, CC BY 4.0; reference marker derived from official openly licensed GIS polygon.",
        "label_note": "Reference marker inside the official Wine Australia GIS representation. It is not the legal boundary or an official centroid; the textual GI definition takes precedence."
      },
      "geometry": {
        "type": "Point",
        "coordinates": [
          144.74020208228234,
          -35.99959227088294
        ]
      }
    },
    {
      "type": "Feature",
      "properties": {
        "node": "n_geo_au_cowra_region",
        "node_id": "n_geo_au_cowra_region",
        "name": "Cowra",
        "parent_node_id": "n_geo_au_central_ranges_zone",
        "country_node_id": "n_geo_australia",
        "point_role": "source_polygon_interior_reference_point",
        "point_place_name": "Cowra",
        "source_url": "https://services6.arcgis.com/s8j6JbJJCqmhNgh7/arcgis/rest/services/Wine_Geographical_Indications_Australia/FeatureServer/1/query?where=GI_NUMBER%3D57&outFields=*&outSR=4326&f=geojson",
        "source_coordinate_url": "https://services6.arcgis.com/s8j6JbJJCqmhNgh7/arcgis/rest/services/Wine_Geographical_Indications_Australia/FeatureServer/1/query?where=1%3D1&outFields=*&returnGeometry=true&outSR=4326&f=geojson",
        "source_item_id": "2dd4c385f0ed4d109c2e18ae99e819e2",
        "source_layer_id": 1,
        "source_feature_id": 5,
        "source_gi_number": 57,
        "source_file_sha256": "16ef048525b09b0127f79bf7e3bdbe351677f7e9be8e5016d9766fe45190f719",
        "source_metadata_sha256": "d57b220dd6c7425298ca95d39b48e636c2568f02ed022d84e4661d1f0bbf0682",
        "source_gi_url": "https://www.wineaustralia.com/labelling/geographical-indicators/labelling-gi-cowra",
        "derivation": "widest verified interior horizontal scanline interval midpoint; 63 evenly spaced scanlines per polygon; holes excluded",
        "retrieved_on": "2026-09-26",
        "license": "CC-BY-4.0",
        "attribution": "Geographical Indications of Australia, © Wine Australia, CC BY 4.0; reference marker derived from official openly licensed GIS polygon.",
        "label_note": "Reference marker inside the official Wine Australia GIS representation. It is not the legal boundary or an official centroid; the textual GI definition takes precedence."
      },
      "geometry": {
        "type": "Point",
        "coordinates": [
          148.6332991069927,
          -33.792242118451966
        ]
      }
    },
    {
      "type": "Feature",
      "properties": {
        "node": "n_geo_au_hastings_river_region",
        "node_id": "n_geo_au_hastings_river_region",
        "name": "Hastings River",
        "parent_node_id": "n_geo_au_northern_rivers_zone",
        "country_node_id": "n_geo_australia",
        "point_role": "source_polygon_interior_reference_point",
        "point_place_name": "Hastings River",
        "source_url": "https://services6.arcgis.com/s8j6JbJJCqmhNgh7/arcgis/rest/services/Wine_Geographical_Indications_Australia/FeatureServer/1/query?where=GI_NUMBER%3D68&outFields=*&outSR=4326&f=geojson",
        "source_coordinate_url": "https://services6.arcgis.com/s8j6JbJJCqmhNgh7/arcgis/rest/services/Wine_Geographical_Indications_Australia/FeatureServer/1/query?where=1%3D1&outFields=*&returnGeometry=true&outSR=4326&f=geojson",
        "source_item_id": "2dd4c385f0ed4d109c2e18ae99e819e2",
        "source_layer_id": 1,
        "source_feature_id": 9,
        "source_gi_number": 68,
        "source_file_sha256": "16ef048525b09b0127f79bf7e3bdbe351677f7e9be8e5016d9766fe45190f719",
        "source_metadata_sha256": "d57b220dd6c7425298ca95d39b48e636c2568f02ed022d84e4661d1f0bbf0682",
        "source_gi_url": "https://www.wineaustralia.com/labelling/geographical-indicators/labelling-gi-hastings-river",
        "derivation": "widest verified interior horizontal scanline interval midpoint; 63 evenly spaced scanlines per polygon; holes excluded",
        "retrieved_on": "2026-09-26",
        "license": "CC-BY-4.0",
        "attribution": "Geographical Indications of Australia, © Wine Australia, CC BY 4.0; reference marker derived from official openly licensed GIS polygon.",
        "label_note": "Reference marker inside the official Wine Australia GIS representation. It is not the legal boundary or an official centroid; the textual GI definition takes precedence."
      },
      "geometry": {
        "type": "Point",
        "coordinates": [
          152.7308016623444,
          -31.469110112237846
        ]
      }
    },
    {
      "type": "Feature",
      "properties": {
        "node": "n_geo_au_new_england_australia_region",
        "node_id": "n_geo_au_new_england_australia_region",
        "name": "New England Australia",
        "parent_node_id": "n_geo_au_northern_slopes_zone",
        "country_node_id": "n_geo_australia",
        "point_role": "source_polygon_interior_reference_point",
        "point_place_name": "New England Australia",
        "source_url": "https://services6.arcgis.com/s8j6JbJJCqmhNgh7/arcgis/rest/services/Wine_Geographical_Indications_Australia/FeatureServer/1/query?where=GI_NUMBER%3D109&outFields=*&outSR=4326&f=geojson",
        "source_coordinate_url": "https://services6.arcgis.com/s8j6JbJJCqmhNgh7/arcgis/rest/services/Wine_Geographical_Indications_Australia/FeatureServer/1/query?where=1%3D1&outFields=*&returnGeometry=true&outSR=4326&f=geojson",
        "source_item_id": "2dd4c385f0ed4d109c2e18ae99e819e2",
        "source_layer_id": 1,
        "source_feature_id": 10,
        "source_gi_number": 109,
        "source_file_sha256": "16ef048525b09b0127f79bf7e3bdbe351677f7e9be8e5016d9766fe45190f719",
        "source_metadata_sha256": "d57b220dd6c7425298ca95d39b48e636c2568f02ed022d84e4661d1f0bbf0682",
        "source_gi_url": "https://www.wineaustralia.com/labelling/geographical-indicators/labelling-gi-new-england-australia",
        "derivation": "widest verified interior horizontal scanline interval midpoint; 63 evenly spaced scanlines per polygon; holes excluded",
        "retrieved_on": "2026-09-26",
        "license": "CC-BY-4.0",
        "attribution": "Geographical Indications of Australia, © Wine Australia, CC BY 4.0; reference marker derived from official openly licensed GIS polygon.",
        "label_note": "Reference marker inside the official Wine Australia GIS representation. It is not the legal boundary or an official centroid; the textual GI definition takes precedence."
      },
      "geometry": {
        "type": "Point",
        "coordinates": [
          151.51507145451478,
          -29.89339530744521
        ]
      }
    },
    {
      "type": "Feature",
      "properties": {
        "node": "n_geo_au_shoalhaven_coast_region",
        "node_id": "n_geo_au_shoalhaven_coast_region",
        "name": "Shoalhaven Coast",
        "parent_node_id": "n_geo_au_south_coast_zone",
        "country_node_id": "n_geo_australia",
        "point_role": "source_polygon_interior_reference_point",
        "point_place_name": "Shoalhaven Coast",
        "source_url": "https://services6.arcgis.com/s8j6JbJJCqmhNgh7/arcgis/rest/services/Wine_Geographical_Indications_Australia/FeatureServer/1/query?where=GI_NUMBER%3D94&outFields=*&outSR=4326&f=geojson",
        "source_coordinate_url": "https://services6.arcgis.com/s8j6JbJJCqmhNgh7/arcgis/rest/services/Wine_Geographical_Indications_Australia/FeatureServer/1/query?where=1%3D1&outFields=*&returnGeometry=true&outSR=4326&f=geojson",
        "source_item_id": "2dd4c385f0ed4d109c2e18ae99e819e2",
        "source_layer_id": 1,
        "source_feature_id": 11,
        "source_gi_number": 94,
        "source_file_sha256": "16ef048525b09b0127f79bf7e3bdbe351677f7e9be8e5016d9766fe45190f719",
        "source_metadata_sha256": "d57b220dd6c7425298ca95d39b48e636c2568f02ed022d84e4661d1f0bbf0682",
        "source_gi_url": "https://www.wineaustralia.com/labelling/geographical-indicators/labelling-gi-shoalhaven-coast",
        "derivation": "widest verified interior horizontal scanline interval midpoint; 63 evenly spaced scanlines per polygon; holes excluded",
        "retrieved_on": "2026-09-26",
        "license": "CC-BY-4.0",
        "attribution": "Geographical Indications of Australia, © Wine Australia, CC BY 4.0; reference marker derived from official openly licensed GIS polygon.",
        "label_note": "Reference marker inside the official Wine Australia GIS representation. It is not the legal boundary or an official centroid; the textual GI definition takes precedence."
      },
      "geometry": {
        "type": "Point",
        "coordinates": [
          150.54572941247028,
          -35.15999564956035
        ]
      }
    },
    {
      "type": "Feature",
      "properties": {
        "node": "n_geo_au_southern_highlands_region",
        "node_id": "n_geo_au_southern_highlands_region",
        "name": "Southern Highlands",
        "parent_node_id": "n_geo_au_south_coast_zone",
        "country_node_id": "n_geo_australia",
        "point_role": "source_polygon_interior_reference_point",
        "point_place_name": "Southern Highlands",
        "source_url": "https://services6.arcgis.com/s8j6JbJJCqmhNgh7/arcgis/rest/services/Wine_Geographical_Indications_Australia/FeatureServer/1/query?where=GI_NUMBER%3D90&outFields=*&outSR=4326&f=geojson",
        "source_coordinate_url": "https://services6.arcgis.com/s8j6JbJJCqmhNgh7/arcgis/rest/services/Wine_Geographical_Indications_Australia/FeatureServer/1/query?where=1%3D1&outFields=*&returnGeometry=true&outSR=4326&f=geojson",
        "source_item_id": "2dd4c385f0ed4d109c2e18ae99e819e2",
        "source_layer_id": 1,
        "source_feature_id": 12,
        "source_gi_number": 90,
        "source_file_sha256": "16ef048525b09b0127f79bf7e3bdbe351677f7e9be8e5016d9766fe45190f719",
        "source_metadata_sha256": "d57b220dd6c7425298ca95d39b48e636c2568f02ed022d84e4661d1f0bbf0682",
        "source_gi_url": "https://www.wineaustralia.com/labelling/geographical-indicators/labelling-gi-southern-highlands",
        "derivation": "widest verified interior horizontal scanline interval midpoint; 63 evenly spaced scanlines per polygon; holes excluded",
        "retrieved_on": "2026-09-26",
        "license": "CC-BY-4.0",
        "attribution": "Geographical Indications of Australia, © Wine Australia, CC BY 4.0; reference marker derived from official openly licensed GIS polygon.",
        "label_note": "Reference marker inside the official Wine Australia GIS representation. It is not the legal boundary or an official centroid; the textual GI definition takes precedence."
      },
      "geometry": {
        "type": "Point",
        "coordinates": [
          150.36647401769812,
          -34.34290104722416
        ]
      }
    },
    {
      "type": "Feature",
      "properties": {
        "node": "n_geo_au_gundagai_region",
        "node_id": "n_geo_au_gundagai_region",
        "name": "Gundagai",
        "parent_node_id": "n_geo_au_southern_new_south_wales_zone",
        "country_node_id": "n_geo_australia",
        "point_role": "source_polygon_interior_reference_point",
        "point_place_name": "Gundagai",
        "source_url": "https://services6.arcgis.com/s8j6JbJJCqmhNgh7/arcgis/rest/services/Wine_Geographical_Indications_Australia/FeatureServer/1/query?where=GI_NUMBER%3D92&outFields=*&outSR=4326&f=geojson",
        "source_coordinate_url": "https://services6.arcgis.com/s8j6JbJJCqmhNgh7/arcgis/rest/services/Wine_Geographical_Indications_Australia/FeatureServer/1/query?where=1%3D1&outFields=*&returnGeometry=true&outSR=4326&f=geojson",
        "source_item_id": "2dd4c385f0ed4d109c2e18ae99e819e2",
        "source_layer_id": 1,
        "source_feature_id": 14,
        "source_gi_number": 92,
        "source_file_sha256": "16ef048525b09b0127f79bf7e3bdbe351677f7e9be8e5016d9766fe45190f719",
        "source_metadata_sha256": "d57b220dd6c7425298ca95d39b48e636c2568f02ed022d84e4661d1f0bbf0682",
        "source_gi_url": "https://www.wineaustralia.com/labelling/geographical-indicators/labelling-gi-gundagai",
        "derivation": "widest verified interior horizontal scanline interval midpoint; 63 evenly spaced scanlines per polygon; holes excluded",
        "retrieved_on": "2026-09-26",
        "license": "CC-BY-4.0",
        "attribution": "Geographical Indications of Australia, © Wine Australia, CC BY 4.0; reference marker derived from official openly licensed GIS polygon.",
        "label_note": "Reference marker inside the official Wine Australia GIS representation. It is not the legal boundary or an official centroid; the textual GI definition takes precedence."
      },
      "geometry": {
        "type": "Point",
        "coordinates": [
          147.82513546678814,
          -35.36554630704413
        ]
      }
    },
    {
      "type": "Feature",
      "properties": {
        "node": "n_geo_au_hilltops_region",
        "node_id": "n_geo_au_hilltops_region",
        "name": "Hilltops",
        "parent_node_id": "n_geo_au_southern_new_south_wales_zone",
        "country_node_id": "n_geo_australia",
        "point_role": "source_polygon_interior_reference_point",
        "point_place_name": "Hilltops",
        "source_url": "https://services6.arcgis.com/s8j6JbJJCqmhNgh7/arcgis/rest/services/Wine_Geographical_Indications_Australia/FeatureServer/1/query?where=GI_NUMBER%3D54&outFields=*&outSR=4326&f=geojson",
        "source_coordinate_url": "https://services6.arcgis.com/s8j6JbJJCqmhNgh7/arcgis/rest/services/Wine_Geographical_Indications_Australia/FeatureServer/1/query?where=1%3D1&outFields=*&returnGeometry=true&outSR=4326&f=geojson",
        "source_item_id": "2dd4c385f0ed4d109c2e18ae99e819e2",
        "source_layer_id": 1,
        "source_feature_id": 15,
        "source_gi_number": 54,
        "source_file_sha256": "16ef048525b09b0127f79bf7e3bdbe351677f7e9be8e5016d9766fe45190f719",
        "source_metadata_sha256": "d57b220dd6c7425298ca95d39b48e636c2568f02ed022d84e4661d1f0bbf0682",
        "source_gi_url": "https://www.wineaustralia.com/labelling/geographical-indicators/labelling-gi-hilltops",
        "derivation": "widest verified interior horizontal scanline interval midpoint; 63 evenly spaced scanlines per polygon; holes excluded",
        "retrieved_on": "2026-09-26",
        "license": "CC-BY-4.0",
        "attribution": "Geographical Indications of Australia, © Wine Australia, CC BY 4.0; reference marker derived from official openly licensed GIS polygon.",
        "label_note": "Reference marker inside the official Wine Australia GIS representation. It is not the legal boundary or an official centroid; the textual GI definition takes precedence."
      },
      "geometry": {
        "type": "Point",
        "coordinates": [
          148.39720262164963,
          -34.499983228399934
        ]
      }
    },
    {
      "type": "Feature",
      "properties": {
        "node": "n_geo_au_peel_region",
        "node_id": "n_geo_au_peel_region",
        "name": "Peel",
        "parent_node_id": "n_geo_au_greater_perth_zone",
        "country_node_id": "n_geo_australia",
        "point_role": "source_polygon_interior_reference_point",
        "point_place_name": "Peel",
        "source_url": "https://services6.arcgis.com/s8j6JbJJCqmhNgh7/arcgis/rest/services/Wine_Geographical_Indications_Australia/FeatureServer/1/query?where=GI_NUMBER%3D88&outFields=*&outSR=4326&f=geojson",
        "source_coordinate_url": "https://services6.arcgis.com/s8j6JbJJCqmhNgh7/arcgis/rest/services/Wine_Geographical_Indications_Australia/FeatureServer/1/query?where=1%3D1&outFields=*&returnGeometry=true&outSR=4326&f=geojson",
        "source_item_id": "2dd4c385f0ed4d109c2e18ae99e819e2",
        "source_layer_id": 1,
        "source_feature_id": 17,
        "source_gi_number": 88,
        "source_file_sha256": "16ef048525b09b0127f79bf7e3bdbe351677f7e9be8e5016d9766fe45190f719",
        "source_metadata_sha256": "d57b220dd6c7425298ca95d39b48e636c2568f02ed022d84e4661d1f0bbf0682",
        "source_gi_url": "https://www.wineaustralia.com/labelling/geographical-indicators/labelling-gi-peel",
        "derivation": "widest verified interior horizontal scanline interval midpoint; 63 evenly spaced scanlines per polygon; holes excluded",
        "retrieved_on": "2026-09-26",
        "license": "CC-BY-4.0",
        "attribution": "Geographical Indications of Australia, © Wine Australia, CC BY 4.0; reference marker derived from official openly licensed GIS polygon.",
        "label_note": "Reference marker inside the official Wine Australia GIS representation. It is not the legal boundary or an official centroid; the textual GI definition takes precedence."
      },
      "geometry": {
        "type": "Point",
        "coordinates": [
          116.25523471031761,
          -32.67171010159819
        ]
      }
    },
    {
      "type": "Feature",
      "properties": {
        "node": "n_geo_au_perth_hills_region",
        "node_id": "n_geo_au_perth_hills_region",
        "name": "Perth Hills",
        "parent_node_id": "n_geo_au_greater_perth_zone",
        "country_node_id": "n_geo_australia",
        "point_role": "source_polygon_interior_reference_point",
        "point_place_name": "Perth Hills",
        "source_url": "https://services6.arcgis.com/s8j6JbJJCqmhNgh7/arcgis/rest/services/Wine_Geographical_Indications_Australia/FeatureServer/1/query?where=GI_NUMBER%3D67&outFields=*&outSR=4326&f=geojson",
        "source_coordinate_url": "https://services6.arcgis.com/s8j6JbJJCqmhNgh7/arcgis/rest/services/Wine_Geographical_Indications_Australia/FeatureServer/1/query?where=1%3D1&outFields=*&returnGeometry=true&outSR=4326&f=geojson",
        "source_item_id": "2dd4c385f0ed4d109c2e18ae99e819e2",
        "source_layer_id": 1,
        "source_feature_id": 18,
        "source_gi_number": 67,
        "source_file_sha256": "16ef048525b09b0127f79bf7e3bdbe351677f7e9be8e5016d9766fe45190f719",
        "source_metadata_sha256": "d57b220dd6c7425298ca95d39b48e636c2568f02ed022d84e4661d1f0bbf0682",
        "source_gi_url": "https://www.wineaustralia.com/labelling/geographical-indicators/labelling-gi-perth-hills",
        "derivation": "widest verified interior horizontal scanline interval midpoint; 63 evenly spaced scanlines per polygon; holes excluded",
        "retrieved_on": "2026-09-26",
        "license": "CC-BY-4.0",
        "attribution": "Geographical Indications of Australia, © Wine Australia, CC BY 4.0; reference marker derived from official openly licensed GIS polygon.",
        "label_note": "Reference marker inside the official Wine Australia GIS representation. It is not the legal boundary or an official centroid; the textual GI definition takes precedence."
      },
      "geometry": {
        "type": "Point",
        "coordinates": [
          116.1701357892091,
          -31.547616217875763
        ]
      }
    },
    {
      "type": "Feature",
      "properties": {
        "node": "n_geo_au_blackwood_valley_region",
        "node_id": "n_geo_au_blackwood_valley_region",
        "name": "Blackwood Valley",
        "parent_node_id": "n_geo_au_south_west_australia_zone",
        "country_node_id": "n_geo_australia",
        "point_role": "source_polygon_interior_reference_point",
        "point_place_name": "Blackwood Valley",
        "source_url": "https://services6.arcgis.com/s8j6JbJJCqmhNgh7/arcgis/rest/services/Wine_Geographical_Indications_Australia/FeatureServer/1/query?where=GI_NUMBER%3D64&outFields=*&outSR=4326&f=geojson",
        "source_coordinate_url": "https://services6.arcgis.com/s8j6JbJJCqmhNgh7/arcgis/rest/services/Wine_Geographical_Indications_Australia/FeatureServer/1/query?where=1%3D1&outFields=*&returnGeometry=true&outSR=4326&f=geojson",
        "source_item_id": "2dd4c385f0ed4d109c2e18ae99e819e2",
        "source_layer_id": 1,
        "source_feature_id": 19,
        "source_gi_number": 64,
        "source_file_sha256": "16ef048525b09b0127f79bf7e3bdbe351677f7e9be8e5016d9766fe45190f719",
        "source_metadata_sha256": "d57b220dd6c7425298ca95d39b48e636c2568f02ed022d84e4661d1f0bbf0682",
        "source_gi_url": "https://www.wineaustralia.com/labelling/geographical-indicators/labelling-gi-blackwood-valley",
        "derivation": "widest verified interior horizontal scanline interval midpoint; 63 evenly spaced scanlines per polygon; holes excluded",
        "retrieved_on": "2026-09-26",
        "license": "CC-BY-4.0",
        "attribution": "Geographical Indications of Australia, © Wine Australia, CC BY 4.0; reference marker derived from official openly licensed GIS polygon.",
        "label_note": "Reference marker inside the official Wine Australia GIS representation. It is not the legal boundary or an official centroid; the textual GI definition takes precedence."
      },
      "geometry": {
        "type": "Point",
        "coordinates": [
          116.18256154857345,
          -34.09196443576228
        ]
      }
    },
    {
      "type": "Feature",
      "properties": {
        "node": "n_geo_au_geographe_region",
        "node_id": "n_geo_au_geographe_region",
        "name": "Geographe",
        "parent_node_id": "n_geo_au_south_west_australia_zone",
        "country_node_id": "n_geo_australia",
        "point_role": "source_polygon_interior_reference_point",
        "point_place_name": "Geographe",
        "source_url": "https://services6.arcgis.com/s8j6JbJJCqmhNgh7/arcgis/rest/services/Wine_Geographical_Indications_Australia/FeatureServer/1/query?where=GI_NUMBER%3D66&outFields=*&outSR=4326&f=geojson",
        "source_coordinate_url": "https://services6.arcgis.com/s8j6JbJJCqmhNgh7/arcgis/rest/services/Wine_Geographical_Indications_Australia/FeatureServer/1/query?where=1%3D1&outFields=*&returnGeometry=true&outSR=4326&f=geojson",
        "source_item_id": "2dd4c385f0ed4d109c2e18ae99e819e2",
        "source_layer_id": 1,
        "source_feature_id": 20,
        "source_gi_number": 66,
        "source_file_sha256": "16ef048525b09b0127f79bf7e3bdbe351677f7e9be8e5016d9766fe45190f719",
        "source_metadata_sha256": "d57b220dd6c7425298ca95d39b48e636c2568f02ed022d84e4661d1f0bbf0682",
        "source_gi_url": "https://www.wineaustralia.com/labelling/geographical-indicators/labelling-gi-geographe",
        "derivation": "widest verified interior horizontal scanline interval midpoint; 63 evenly spaced scanlines per polygon; holes excluded",
        "retrieved_on": "2026-09-26",
        "license": "CC-BY-4.0",
        "attribution": "Geographical Indications of Australia, © Wine Australia, CC BY 4.0; reference marker derived from official openly licensed GIS polygon.",
        "label_note": "Reference marker inside the official Wine Australia GIS representation. It is not the legal boundary or an official centroid; the textual GI definition takes precedence."
      },
      "geometry": {
        "type": "Point",
        "coordinates": [
          115.88919400528192,
          -33.573625459537865
        ]
      }
    },
    {
      "type": "Feature",
      "properties": {
        "node": "n_geo_au_manjimup_region",
        "node_id": "n_geo_au_manjimup_region",
        "name": "Manjimup",
        "parent_node_id": "n_geo_au_south_west_australia_zone",
        "country_node_id": "n_geo_australia",
        "point_role": "source_polygon_interior_reference_point",
        "point_place_name": "Manjimup",
        "source_url": "https://services6.arcgis.com/s8j6JbJJCqmhNgh7/arcgis/rest/services/Wine_Geographical_Indications_Australia/FeatureServer/1/query?where=GI_NUMBER%3D104&outFields=*&outSR=4326&f=geojson",
        "source_coordinate_url": "https://services6.arcgis.com/s8j6JbJJCqmhNgh7/arcgis/rest/services/Wine_Geographical_Indications_Australia/FeatureServer/1/query?where=1%3D1&outFields=*&returnGeometry=true&outSR=4326&f=geojson",
        "source_item_id": "2dd4c385f0ed4d109c2e18ae99e819e2",
        "source_layer_id": 1,
        "source_feature_id": 22,
        "source_gi_number": 104,
        "source_file_sha256": "16ef048525b09b0127f79bf7e3bdbe351677f7e9be8e5016d9766fe45190f719",
        "source_metadata_sha256": "d57b220dd6c7425298ca95d39b48e636c2568f02ed022d84e4661d1f0bbf0682",
        "source_gi_url": "https://www.wineaustralia.com/labelling/geographical-indicators/labelling-gi-manjimup",
        "derivation": "widest verified interior horizontal scanline interval midpoint; 63 evenly spaced scanlines per polygon; holes excluded",
        "retrieved_on": "2026-09-26",
        "license": "CC-BY-4.0",
        "attribution": "Geographical Indications of Australia, © Wine Australia, CC BY 4.0; reference marker derived from official openly licensed GIS polygon.",
        "label_note": "Reference marker inside the official Wine Australia GIS representation. It is not the legal boundary or an official centroid; the textual GI definition takes precedence."
      },
      "geometry": {
        "type": "Point",
        "coordinates": [
          116.28868815118673,
          -34.2285076718975
        ]
      }
    },
    {
      "type": "Feature",
      "properties": {
        "node": "n_geo_au_upper_goulburn_region",
        "node_id": "n_geo_au_upper_goulburn_region",
        "name": "Upper Goulburn",
        "parent_node_id": "n_geo_au_central_victoria_zone",
        "country_node_id": "n_geo_australia",
        "point_role": "source_polygon_interior_reference_point",
        "point_place_name": "Upper Goulburn",
        "source_url": "https://services6.arcgis.com/s8j6JbJJCqmhNgh7/arcgis/rest/services/Wine_Geographical_Indications_Australia/FeatureServer/1/query?where=GI_NUMBER%3D102&outFields=*&outSR=4326&f=geojson",
        "source_coordinate_url": "https://services6.arcgis.com/s8j6JbJJCqmhNgh7/arcgis/rest/services/Wine_Geographical_Indications_Australia/FeatureServer/1/query?where=1%3D1&outFields=*&returnGeometry=true&outSR=4326&f=geojson",
        "source_item_id": "2dd4c385f0ed4d109c2e18ae99e819e2",
        "source_layer_id": 1,
        "source_feature_id": 27,
        "source_gi_number": 102,
        "source_file_sha256": "16ef048525b09b0127f79bf7e3bdbe351677f7e9be8e5016d9766fe45190f719",
        "source_metadata_sha256": "d57b220dd6c7425298ca95d39b48e636c2568f02ed022d84e4661d1f0bbf0682",
        "source_gi_url": "https://www.wineaustralia.com/labelling/geographical-indicators/labelling-gi-upper-goulburn",
        "derivation": "widest verified interior horizontal scanline interval midpoint; 63 evenly spaced scanlines per polygon; holes excluded",
        "retrieved_on": "2026-09-26",
        "license": "CC-BY-4.0",
        "attribution": "Geographical Indications of Australia, © Wine Australia, CC BY 4.0; reference marker derived from official openly licensed GIS polygon.",
        "label_note": "Reference marker inside the official Wine Australia GIS representation. It is not the legal boundary or an official centroid; the textual GI definition takes precedence."
      },
      "geometry": {
        "type": "Point",
        "coordinates": [
          145.75366679929897,
          -37.1853268200607
        ]
      }
    },
    {
      "type": "Feature",
      "properties": {
        "node": "n_geo_au_swan_hill_region",
        "node_id": "n_geo_au_swan_hill_region",
        "name": "Swan Hill",
        "parent_node_id": "n_geo_australia",
        "country_node_id": "n_geo_australia",
        "point_role": "source_polygon_interior_reference_point",
        "point_place_name": "Swan Hill",
        "source_url": "https://services6.arcgis.com/s8j6JbJJCqmhNgh7/arcgis/rest/services/Wine_Geographical_Indications_Australia/FeatureServer/1/query?where=GI_NUMBER%3D36&outFields=*&outSR=4326&f=geojson",
        "source_coordinate_url": "https://services6.arcgis.com/s8j6JbJJCqmhNgh7/arcgis/rest/services/Wine_Geographical_Indications_Australia/FeatureServer/1/query?where=1%3D1&outFields=*&returnGeometry=true&outSR=4326&f=geojson",
        "source_item_id": "2dd4c385f0ed4d109c2e18ae99e819e2",
        "source_layer_id": 1,
        "source_feature_id": 28,
        "source_gi_number": 36,
        "source_file_sha256": "16ef048525b09b0127f79bf7e3bdbe351677f7e9be8e5016d9766fe45190f719",
        "source_metadata_sha256": "d57b220dd6c7425298ca95d39b48e636c2568f02ed022d84e4661d1f0bbf0682",
        "source_gi_url": "https://www.wineaustralia.com/labelling/geographical-indicators/labelling-gi-swan-hill",
        "derivation": "widest verified interior horizontal scanline interval midpoint; 63 evenly spaced scanlines per polygon; holes excluded",
        "retrieved_on": "2026-09-26",
        "license": "CC-BY-4.0",
        "attribution": "Geographical Indications of Australia, © Wine Australia, CC BY 4.0; reference marker derived from official openly licensed GIS polygon.",
        "label_note": "Reference marker inside the official Wine Australia GIS representation. It is not the legal boundary or an official centroid; the textual GI definition takes precedence."
      },
      "geometry": {
        "type": "Point",
        "coordinates": [
          143.65242289993913,
          -35.6550937384688
        ]
      }
    },
    {
      "type": "Feature",
      "properties": {
        "node": "n_geo_au_sunbury_region",
        "node_id": "n_geo_au_sunbury_region",
        "name": "Sunbury",
        "parent_node_id": "n_geo_port_phillip",
        "country_node_id": "n_geo_australia",
        "point_role": "source_polygon_interior_reference_point",
        "point_place_name": "Sunbury",
        "source_url": "https://services6.arcgis.com/s8j6JbJJCqmhNgh7/arcgis/rest/services/Wine_Geographical_Indications_Australia/FeatureServer/1/query?where=GI_NUMBER%3D60&outFields=*&outSR=4326&f=geojson",
        "source_coordinate_url": "https://services6.arcgis.com/s8j6JbJJCqmhNgh7/arcgis/rest/services/Wine_Geographical_Indications_Australia/FeatureServer/1/query?where=1%3D1&outFields=*&returnGeometry=true&outSR=4326&f=geojson",
        "source_item_id": "2dd4c385f0ed4d109c2e18ae99e819e2",
        "source_layer_id": 1,
        "source_feature_id": 29,
        "source_gi_number": 60,
        "source_file_sha256": "16ef048525b09b0127f79bf7e3bdbe351677f7e9be8e5016d9766fe45190f719",
        "source_metadata_sha256": "d57b220dd6c7425298ca95d39b48e636c2568f02ed022d84e4661d1f0bbf0682",
        "source_gi_url": "https://www.wineaustralia.com/labelling/geographical-indicators/labelling-gi-sunbury",
        "derivation": "widest verified interior horizontal scanline interval midpoint; 63 evenly spaced scanlines per polygon; holes excluded",
        "retrieved_on": "2026-09-26",
        "license": "CC-BY-4.0",
        "attribution": "Geographical Indications of Australia, © Wine Australia, CC BY 4.0; reference marker derived from official openly licensed GIS polygon.",
        "label_note": "Reference marker inside the official Wine Australia GIS representation. It is not the legal boundary or an official centroid; the textual GI definition takes precedence."
      },
      "geometry": {
        "type": "Point",
        "coordinates": [
          144.6786917532599,
          -37.678378095711196
        ]
      }
    },
    {
      "type": "Feature",
      "properties": {
        "node": "n_geo_au_strathbogie_ranges_region",
        "node_id": "n_geo_au_strathbogie_ranges_region",
        "name": "Strathbogie Ranges",
        "parent_node_id": "n_geo_au_central_victoria_zone",
        "country_node_id": "n_geo_australia",
        "point_role": "source_polygon_interior_reference_point",
        "point_place_name": "Strathbogie Ranges",
        "source_url": "https://services6.arcgis.com/s8j6JbJJCqmhNgh7/arcgis/rest/services/Wine_Geographical_Indications_Australia/FeatureServer/1/query?where=GI_NUMBER%3D91&outFields=*&outSR=4326&f=geojson",
        "source_coordinate_url": "https://services6.arcgis.com/s8j6JbJJCqmhNgh7/arcgis/rest/services/Wine_Geographical_Indications_Australia/FeatureServer/1/query?where=1%3D1&outFields=*&returnGeometry=true&outSR=4326&f=geojson",
        "source_item_id": "2dd4c385f0ed4d109c2e18ae99e819e2",
        "source_layer_id": 1,
        "source_feature_id": 30,
        "source_gi_number": 91,
        "source_file_sha256": "16ef048525b09b0127f79bf7e3bdbe351677f7e9be8e5016d9766fe45190f719",
        "source_metadata_sha256": "d57b220dd6c7425298ca95d39b48e636c2568f02ed022d84e4661d1f0bbf0682",
        "source_gi_url": "https://www.wineaustralia.com/au/labelling/register-of-protected-gis-and-other-terms/geographical-indications/strathbogie-ranges",
        "derivation": "widest verified interior horizontal scanline interval midpoint; 63 evenly spaced scanlines per polygon; holes excluded",
        "retrieved_on": "2026-09-26",
        "license": "CC-BY-4.0",
        "attribution": "Geographical Indications of Australia, © Wine Australia, CC BY 4.0; reference marker derived from official openly licensed GIS polygon.",
        "label_note": "Reference marker inside the official Wine Australia GIS representation. It is not the legal boundary or an official centroid; the textual GI definition takes precedence."
      },
      "geometry": {
        "type": "Point",
        "coordinates": [
          145.57313823118062,
          -36.92365525044091
        ]
      }
    },
    {
      "type": "Feature",
      "properties": {
        "node": "n_geo_au_pyrenees_region",
        "node_id": "n_geo_au_pyrenees_region",
        "name": "Pyrenees",
        "parent_node_id": "n_geo_au_western_victoria_zone",
        "country_node_id": "n_geo_australia",
        "point_role": "source_polygon_interior_reference_point",
        "point_place_name": "Pyrenees",
        "source_url": "https://services6.arcgis.com/s8j6JbJJCqmhNgh7/arcgis/rest/services/Wine_Geographical_Indications_Australia/FeatureServer/1/query?where=GI_NUMBER%3D77&outFields=*&outSR=4326&f=geojson",
        "source_coordinate_url": "https://services6.arcgis.com/s8j6JbJJCqmhNgh7/arcgis/rest/services/Wine_Geographical_Indications_Australia/FeatureServer/1/query?where=1%3D1&outFields=*&returnGeometry=true&outSR=4326&f=geojson",
        "source_item_id": "2dd4c385f0ed4d109c2e18ae99e819e2",
        "source_layer_id": 1,
        "source_feature_id": 32,
        "source_gi_number": 77,
        "source_file_sha256": "16ef048525b09b0127f79bf7e3bdbe351677f7e9be8e5016d9766fe45190f719",
        "source_metadata_sha256": "d57b220dd6c7425298ca95d39b48e636c2568f02ed022d84e4661d1f0bbf0682",
        "source_gi_url": "https://www.wineaustralia.com/labelling/geographical-indicators/labelling-gi-pyrenees",
        "derivation": "widest verified interior horizontal scanline interval midpoint; 63 evenly spaced scanlines per polygon; holes excluded",
        "retrieved_on": "2026-09-26",
        "license": "CC-BY-4.0",
        "attribution": "Geographical Indications of Australia, © Wine Australia, CC BY 4.0; reference marker derived from official openly licensed GIS polygon.",
        "label_note": "Reference marker inside the official Wine Australia GIS representation. It is not the legal boundary or an official centroid; the textual GI definition takes precedence."
      },
      "geometry": {
        "type": "Point",
        "coordinates": [
          143.3925757431693,
          -37.148054944437
        ]
      }
    },
    {
      "type": "Feature",
      "properties": {
        "node": "n_geo_au_murray_darling_region",
        "node_id": "n_geo_au_murray_darling_region",
        "name": "Murray Darling",
        "parent_node_id": "n_geo_australia",
        "country_node_id": "n_geo_australia",
        "point_role": "source_polygon_interior_reference_point",
        "point_place_name": "Murray Darling",
        "source_url": "https://services6.arcgis.com/s8j6JbJJCqmhNgh7/arcgis/rest/services/Wine_Geographical_Indications_Australia/FeatureServer/1/query?where=GI_NUMBER%3D45&outFields=*&outSR=4326&f=geojson",
        "source_coordinate_url": "https://services6.arcgis.com/s8j6JbJJCqmhNgh7/arcgis/rest/services/Wine_Geographical_Indications_Australia/FeatureServer/1/query?where=1%3D1&outFields=*&returnGeometry=true&outSR=4326&f=geojson",
        "source_item_id": "2dd4c385f0ed4d109c2e18ae99e819e2",
        "source_layer_id": 1,
        "source_feature_id": 33,
        "source_gi_number": 45,
        "source_file_sha256": "16ef048525b09b0127f79bf7e3bdbe351677f7e9be8e5016d9766fe45190f719",
        "source_metadata_sha256": "d57b220dd6c7425298ca95d39b48e636c2568f02ed022d84e4661d1f0bbf0682",
        "source_gi_url": "https://www.wineaustralia.com/labelling/geographical-indicators/labelling-gi-murray-darling",
        "derivation": "widest verified interior horizontal scanline interval midpoint; 63 evenly spaced scanlines per polygon; holes excluded",
        "retrieved_on": "2026-09-26",
        "license": "CC-BY-4.0",
        "attribution": "Geographical Indications of Australia, © Wine Australia, CC BY 4.0; reference marker derived from official openly licensed GIS polygon.",
        "label_note": "Reference marker inside the official Wine Australia GIS representation. It is not the legal boundary or an official centroid; the textual GI definition takes precedence."
      },
      "geometry": {
        "type": "Point",
        "coordinates": [
          142.50152744838653,
          -34.48932156044501
        ]
      }
    },
    {
      "type": "Feature",
      "properties": {
        "node": "n_geo_au_henty_region",
        "node_id": "n_geo_au_henty_region",
        "name": "Henty",
        "parent_node_id": "n_geo_au_western_victoria_zone",
        "country_node_id": "n_geo_australia",
        "point_role": "source_polygon_interior_reference_point",
        "point_place_name": "Henty",
        "source_url": "https://services6.arcgis.com/s8j6JbJJCqmhNgh7/arcgis/rest/services/Wine_Geographical_Indications_Australia/FeatureServer/1/query?where=GI_NUMBER%3D78&outFields=*&outSR=4326&f=geojson",
        "source_coordinate_url": "https://services6.arcgis.com/s8j6JbJJCqmhNgh7/arcgis/rest/services/Wine_Geographical_Indications_Australia/FeatureServer/1/query?where=1%3D1&outFields=*&returnGeometry=true&outSR=4326&f=geojson",
        "source_item_id": "2dd4c385f0ed4d109c2e18ae99e819e2",
        "source_layer_id": 1,
        "source_feature_id": 37,
        "source_gi_number": 78,
        "source_file_sha256": "16ef048525b09b0127f79bf7e3bdbe351677f7e9be8e5016d9766fe45190f719",
        "source_metadata_sha256": "d57b220dd6c7425298ca95d39b48e636c2568f02ed022d84e4661d1f0bbf0682",
        "source_gi_url": "https://www.wineaustralia.com/labelling/geographical-indicators/labelling-gi-henty",
        "derivation": "widest verified interior horizontal scanline interval midpoint; 63 evenly spaced scanlines per polygon; holes excluded",
        "retrieved_on": "2026-09-26",
        "license": "CC-BY-4.0",
        "attribution": "Geographical Indications of Australia, © Wine Australia, CC BY 4.0; reference marker derived from official openly licensed GIS polygon.",
        "label_note": "Reference marker inside the official Wine Australia GIS representation. It is not the legal boundary or an official centroid; the textual GI definition takes precedence."
      },
      "geometry": {
        "type": "Point",
        "coordinates": [
          141.8365808142027,
          -38.01262729135384
        ]
      }
    },
    {
      "type": "Feature",
      "properties": {
        "node": "n_geo_au_glenrowan_region",
        "node_id": "n_geo_au_glenrowan_region",
        "name": "Glenrowan",
        "parent_node_id": "n_geo_au_north_east_victoria_zone",
        "country_node_id": "n_geo_australia",
        "point_role": "source_polygon_interior_reference_point",
        "point_place_name": "Glenrowan",
        "source_url": "https://services6.arcgis.com/s8j6JbJJCqmhNgh7/arcgis/rest/services/Wine_Geographical_Indications_Australia/FeatureServer/1/query?where=GI_NUMBER%3D101&outFields=*&outSR=4326&f=geojson",
        "source_coordinate_url": "https://services6.arcgis.com/s8j6JbJJCqmhNgh7/arcgis/rest/services/Wine_Geographical_Indications_Australia/FeatureServer/1/query?where=1%3D1&outFields=*&returnGeometry=true&outSR=4326&f=geojson",
        "source_item_id": "2dd4c385f0ed4d109c2e18ae99e819e2",
        "source_layer_id": 1,
        "source_feature_id": 41,
        "source_gi_number": 101,
        "source_file_sha256": "16ef048525b09b0127f79bf7e3bdbe351677f7e9be8e5016d9766fe45190f719",
        "source_metadata_sha256": "d57b220dd6c7425298ca95d39b48e636c2568f02ed022d84e4661d1f0bbf0682",
        "source_gi_url": "https://www.wineaustralia.com/labelling/geographical-indicators/labelling-gi-glenrowan",
        "derivation": "widest verified interior horizontal scanline interval midpoint; 63 evenly spaced scanlines per polygon; holes excluded",
        "retrieved_on": "2026-09-26",
        "license": "CC-BY-4.0",
        "attribution": "Geographical Indications of Australia, © Wine Australia, CC BY 4.0; reference marker derived from official openly licensed GIS polygon.",
        "label_note": "Reference marker inside the official Wine Australia GIS representation. It is not the legal boundary or an official centroid; the textual GI definition takes precedence."
      },
      "geometry": {
        "type": "Point",
        "coordinates": [
          146.09637010961688,
          -36.35658918930049
        ]
      }
    },
    {
      "type": "Feature",
      "properties": {
        "node": "n_geo_au_bendigo_region",
        "node_id": "n_geo_au_bendigo_region",
        "name": "Bendigo",
        "parent_node_id": "n_geo_au_central_victoria_zone",
        "country_node_id": "n_geo_australia",
        "point_role": "source_polygon_interior_reference_point",
        "point_place_name": "Bendigo",
        "source_url": "https://services6.arcgis.com/s8j6JbJJCqmhNgh7/arcgis/rest/services/Wine_Geographical_Indications_Australia/FeatureServer/1/query?where=GI_NUMBER%3D87&outFields=*&outSR=4326&f=geojson",
        "source_coordinate_url": "https://services6.arcgis.com/s8j6JbJJCqmhNgh7/arcgis/rest/services/Wine_Geographical_Indications_Australia/FeatureServer/1/query?where=1%3D1&outFields=*&returnGeometry=true&outSR=4326&f=geojson",
        "source_item_id": "2dd4c385f0ed4d109c2e18ae99e819e2",
        "source_layer_id": 1,
        "source_feature_id": 43,
        "source_gi_number": 87,
        "source_file_sha256": "16ef048525b09b0127f79bf7e3bdbe351677f7e9be8e5016d9766fe45190f719",
        "source_metadata_sha256": "d57b220dd6c7425298ca95d39b48e636c2568f02ed022d84e4661d1f0bbf0682",
        "source_gi_url": "https://www.wineaustralia.com/labelling/geographical-indicators/labelling-gi-bendigo",
        "derivation": "widest verified interior horizontal scanline interval midpoint; 63 evenly spaced scanlines per polygon; holes excluded",
        "retrieved_on": "2026-09-26",
        "license": "CC-BY-4.0",
        "attribution": "Geographical Indications of Australia, © Wine Australia, CC BY 4.0; reference marker derived from official openly licensed GIS polygon.",
        "label_note": "Reference marker inside the official Wine Australia GIS representation. It is not the legal boundary or an official centroid; the textual GI definition takes precedence."
      },
      "geometry": {
        "type": "Point",
        "coordinates": [
          144.01412826335257,
          -36.742658878985736
        ]
      }
    },
    {
      "type": "Feature",
      "properties": {
        "node": "n_geo_au_beechworth_region",
        "node_id": "n_geo_au_beechworth_region",
        "name": "Beechworth",
        "parent_node_id": "n_geo_au_north_east_victoria_zone",
        "country_node_id": "n_geo_australia",
        "point_role": "source_polygon_interior_reference_point",
        "point_place_name": "Beechworth",
        "source_url": "https://services6.arcgis.com/s8j6JbJJCqmhNgh7/arcgis/rest/services/Wine_Geographical_Indications_Australia/FeatureServer/1/query?where=GI_NUMBER%3D81&outFields=*&outSR=4326&f=geojson",
        "source_coordinate_url": "https://services6.arcgis.com/s8j6JbJJCqmhNgh7/arcgis/rest/services/Wine_Geographical_Indications_Australia/FeatureServer/1/query?where=1%3D1&outFields=*&returnGeometry=true&outSR=4326&f=geojson",
        "source_item_id": "2dd4c385f0ed4d109c2e18ae99e819e2",
        "source_layer_id": 1,
        "source_feature_id": 44,
        "source_gi_number": 81,
        "source_file_sha256": "16ef048525b09b0127f79bf7e3bdbe351677f7e9be8e5016d9766fe45190f719",
        "source_metadata_sha256": "d57b220dd6c7425298ca95d39b48e636c2568f02ed022d84e4661d1f0bbf0682",
        "source_gi_url": "https://www.wineaustralia.com/au/labelling/register-of-protected-gis-and-other-terms/geographical-indications/beechworth",
        "derivation": "widest verified interior horizontal scanline interval midpoint; 63 evenly spaced scanlines per polygon; holes excluded",
        "retrieved_on": "2026-09-26",
        "license": "CC-BY-4.0",
        "attribution": "Geographical Indications of Australia, © Wine Australia, CC BY 4.0; reference marker derived from official openly licensed GIS polygon.",
        "label_note": "Reference marker inside the official Wine Australia GIS representation. It is not the legal boundary or an official centroid; the textual GI definition takes precedence."
      },
      "geometry": {
        "type": "Point",
        "coordinates": [
          146.67321045974236,
          -36.40406351848691
        ]
      }
    },
    {
      "type": "Feature",
      "properties": {
        "node": "n_geo_au_alpine_valleys_region",
        "node_id": "n_geo_au_alpine_valleys_region",
        "name": "Alpine Valleys",
        "parent_node_id": "n_geo_au_north_east_victoria_zone",
        "country_node_id": "n_geo_australia",
        "point_role": "source_polygon_interior_reference_point",
        "point_place_name": "Alpine Valleys",
        "source_url": "https://services6.arcgis.com/s8j6JbJJCqmhNgh7/arcgis/rest/services/Wine_Geographical_Indications_Australia/FeatureServer/1/query?where=GI_NUMBER%3D74&outFields=*&outSR=4326&f=geojson",
        "source_coordinate_url": "https://services6.arcgis.com/s8j6JbJJCqmhNgh7/arcgis/rest/services/Wine_Geographical_Indications_Australia/FeatureServer/1/query?where=1%3D1&outFields=*&returnGeometry=true&outSR=4326&f=geojson",
        "source_item_id": "2dd4c385f0ed4d109c2e18ae99e819e2",
        "source_layer_id": 1,
        "source_feature_id": 45,
        "source_gi_number": 74,
        "source_file_sha256": "16ef048525b09b0127f79bf7e3bdbe351677f7e9be8e5016d9766fe45190f719",
        "source_metadata_sha256": "d57b220dd6c7425298ca95d39b48e636c2568f02ed022d84e4661d1f0bbf0682",
        "source_gi_url": "https://www.wineaustralia.com/labelling/geographical-indicators/labelling-gi-alpine-valleys",
        "derivation": "widest verified interior horizontal scanline interval midpoint; 63 evenly spaced scanlines per polygon; holes excluded",
        "retrieved_on": "2026-09-26",
        "license": "CC-BY-4.0",
        "attribution": "Geographical Indications of Australia, © Wine Australia, CC BY 4.0; reference marker derived from official openly licensed GIS polygon.",
        "label_note": "Reference marker inside the official Wine Australia GIS representation. It is not the legal boundary or an official centroid; the textual GI definition takes precedence."
      },
      "geometry": {
        "type": "Point",
        "coordinates": [
          146.9376114931876,
          -36.73549356493131
        ]
      }
    },
    {
      "type": "Feature",
      "properties": {
        "node": "n_geo_au_adelaide_plains_region",
        "node_id": "n_geo_au_adelaide_plains_region",
        "name": "Adelaide Plains",
        "parent_node_id": "n_geo_mount_lofty_ranges",
        "country_node_id": "n_geo_australia",
        "point_role": "source_polygon_interior_reference_point",
        "point_place_name": "Adelaide Plains",
        "source_url": "https://services6.arcgis.com/s8j6JbJJCqmhNgh7/arcgis/rest/services/Wine_Geographical_Indications_Australia/FeatureServer/1/query?where=GI_NUMBER%3D93&outFields=*&outSR=4326&f=geojson",
        "source_coordinate_url": "https://services6.arcgis.com/s8j6JbJJCqmhNgh7/arcgis/rest/services/Wine_Geographical_Indications_Australia/FeatureServer/1/query?where=1%3D1&outFields=*&returnGeometry=true&outSR=4326&f=geojson",
        "source_item_id": "2dd4c385f0ed4d109c2e18ae99e819e2",
        "source_layer_id": 1,
        "source_feature_id": 46,
        "source_gi_number": 93,
        "source_file_sha256": "16ef048525b09b0127f79bf7e3bdbe351677f7e9be8e5016d9766fe45190f719",
        "source_metadata_sha256": "d57b220dd6c7425298ca95d39b48e636c2568f02ed022d84e4661d1f0bbf0682",
        "source_gi_url": "https://www.wineaustralia.com/labelling/geographical-indicators/labelling-gi-adelaide-plains",
        "derivation": "widest verified interior horizontal scanline interval midpoint; 63 evenly spaced scanlines per polygon; holes excluded",
        "retrieved_on": "2026-09-26",
        "license": "CC-BY-4.0",
        "attribution": "Geographical Indications of Australia, © Wine Australia, CC BY 4.0; reference marker derived from official openly licensed GIS polygon.",
        "label_note": "Reference marker inside the official Wine Australia GIS representation. It is not the legal boundary or an official centroid; the textual GI definition takes precedence."
      },
      "geometry": {
        "type": "Point",
        "coordinates": [
          138.55327012559968,
          -34.576818151580504
        ]
      }
    },
    {
      "type": "Feature",
      "properties": {
        "node": "n_geo_au_currency_creek_region",
        "node_id": "n_geo_au_currency_creek_region",
        "name": "Currency Creek",
        "parent_node_id": "n_geo_fleurieu_zone",
        "country_node_id": "n_geo_australia",
        "point_role": "source_polygon_interior_reference_point",
        "point_place_name": "Currency Creek",
        "source_url": "https://services6.arcgis.com/s8j6JbJJCqmhNgh7/arcgis/rest/services/Wine_Geographical_Indications_Australia/FeatureServer/1/query?where=GI_NUMBER%3D85&outFields=*&outSR=4326&f=geojson",
        "source_coordinate_url": "https://services6.arcgis.com/s8j6JbJJCqmhNgh7/arcgis/rest/services/Wine_Geographical_Indications_Australia/FeatureServer/1/query?where=1%3D1&outFields=*&returnGeometry=true&outSR=4326&f=geojson",
        "source_item_id": "2dd4c385f0ed4d109c2e18ae99e819e2",
        "source_layer_id": 1,
        "source_feature_id": 50,
        "source_gi_number": 85,
        "source_file_sha256": "16ef048525b09b0127f79bf7e3bdbe351677f7e9be8e5016d9766fe45190f719",
        "source_metadata_sha256": "d57b220dd6c7425298ca95d39b48e636c2568f02ed022d84e4661d1f0bbf0682",
        "source_gi_url": "https://www.wineaustralia.com/labelling/geographical-indicators/labelling-gi-currency-creek",
        "derivation": "widest verified interior horizontal scanline interval midpoint; 63 evenly spaced scanlines per polygon; holes excluded",
        "retrieved_on": "2026-09-26",
        "license": "CC-BY-4.0",
        "attribution": "Geographical Indications of Australia, © Wine Australia, CC BY 4.0; reference marker derived from official openly licensed GIS polygon.",
        "label_note": "Reference marker inside the official Wine Australia GIS representation. It is not the legal boundary or an official centroid; the textual GI definition takes precedence."
      },
      "geometry": {
        "type": "Point",
        "coordinates": [
          138.85314307640874,
          -35.49733271234306
        ]
      }
    },
    {
      "type": "Feature",
      "properties": {
        "node": "n_geo_au_kangaroo_island_region",
        "node_id": "n_geo_au_kangaroo_island_region",
        "name": "Kangaroo Island",
        "parent_node_id": "n_geo_fleurieu_zone",
        "country_node_id": "n_geo_australia",
        "point_role": "source_polygon_interior_reference_point",
        "point_place_name": "Kangaroo Island",
        "source_url": "https://services6.arcgis.com/s8j6JbJJCqmhNgh7/arcgis/rest/services/Wine_Geographical_Indications_Australia/FeatureServer/1/query?where=GI_NUMBER%3D83&outFields=*&outSR=4326&f=geojson",
        "source_coordinate_url": "https://services6.arcgis.com/s8j6JbJJCqmhNgh7/arcgis/rest/services/Wine_Geographical_Indications_Australia/FeatureServer/1/query?where=1%3D1&outFields=*&returnGeometry=true&outSR=4326&f=geojson",
        "source_item_id": "2dd4c385f0ed4d109c2e18ae99e819e2",
        "source_layer_id": 1,
        "source_feature_id": 51,
        "source_gi_number": 83,
        "source_file_sha256": "16ef048525b09b0127f79bf7e3bdbe351677f7e9be8e5016d9766fe45190f719",
        "source_metadata_sha256": "d57b220dd6c7425298ca95d39b48e636c2568f02ed022d84e4661d1f0bbf0682",
        "source_gi_url": "https://www.wineaustralia.com/labelling/geographical-indicators/labelling-gi-kangaroo-island",
        "derivation": "widest verified interior horizontal scanline interval midpoint; 63 evenly spaced scanlines per polygon; holes excluded",
        "retrieved_on": "2026-09-26",
        "license": "CC-BY-4.0",
        "attribution": "Geographical Indications of Australia, © Wine Australia, CC BY 4.0; reference marker derived from official openly licensed GIS polygon.",
        "label_note": "Reference marker inside the official Wine Australia GIS representation. It is not the legal boundary or an official centroid; the textual GI definition takes precedence."
      },
      "geometry": {
        "type": "Point",
        "coordinates": [
          137.18265837506652,
          -35.85056491101369
        ]
      }
    },
    {
      "type": "Feature",
      "properties": {
        "node": "n_geo_au_mount_benson_region",
        "node_id": "n_geo_au_mount_benson_region",
        "name": "Mount Benson",
        "parent_node_id": "n_geo_limestone_coast",
        "country_node_id": "n_geo_australia",
        "point_role": "source_polygon_interior_reference_point",
        "point_place_name": "Mount Benson",
        "source_url": "https://services6.arcgis.com/s8j6JbJJCqmhNgh7/arcgis/rest/services/Wine_Geographical_Indications_Australia/FeatureServer/1/query?where=GI_NUMBER%3D43&outFields=*&outSR=4326&f=geojson",
        "source_coordinate_url": "https://services6.arcgis.com/s8j6JbJJCqmhNgh7/arcgis/rest/services/Wine_Geographical_Indications_Australia/FeatureServer/1/query?where=1%3D1&outFields=*&returnGeometry=true&outSR=4326&f=geojson",
        "source_item_id": "2dd4c385f0ed4d109c2e18ae99e819e2",
        "source_layer_id": 1,
        "source_feature_id": 53,
        "source_gi_number": 43,
        "source_file_sha256": "16ef048525b09b0127f79bf7e3bdbe351677f7e9be8e5016d9766fe45190f719",
        "source_metadata_sha256": "d57b220dd6c7425298ca95d39b48e636c2568f02ed022d84e4661d1f0bbf0682",
        "source_gi_url": "https://www.wineaustralia.com/labelling/geographical-indicators/labelling-gi-mount-benson",
        "derivation": "widest verified interior horizontal scanline interval midpoint; 63 evenly spaced scanlines per polygon; holes excluded",
        "retrieved_on": "2026-09-26",
        "license": "CC-BY-4.0",
        "attribution": "Geographical Indications of Australia, © Wine Australia, CC BY 4.0; reference marker derived from official openly licensed GIS polygon.",
        "label_note": "Reference marker inside the official Wine Australia GIS representation. It is not the legal boundary or an official centroid; the textual GI definition takes precedence."
      },
      "geometry": {
        "type": "Point",
        "coordinates": [
          139.78661255415096,
          -36.95787661764842
        ]
      }
    },
    {
      "type": "Feature",
      "properties": {
        "node": "n_geo_au_mount_gambier_region",
        "node_id": "n_geo_au_mount_gambier_region",
        "name": "Mount Gambier",
        "parent_node_id": "n_geo_limestone_coast",
        "country_node_id": "n_geo_australia",
        "point_role": "source_polygon_interior_reference_point",
        "point_place_name": "Mount Gambier",
        "source_url": "https://services6.arcgis.com/s8j6JbJJCqmhNgh7/arcgis/rest/services/Wine_Geographical_Indications_Australia/FeatureServer/1/query?where=GI_NUMBER%3D112&outFields=*&outSR=4326&f=geojson",
        "source_coordinate_url": "https://services6.arcgis.com/s8j6JbJJCqmhNgh7/arcgis/rest/services/Wine_Geographical_Indications_Australia/FeatureServer/1/query?where=1%3D1&outFields=*&returnGeometry=true&outSR=4326&f=geojson",
        "source_item_id": "2dd4c385f0ed4d109c2e18ae99e819e2",
        "source_layer_id": 1,
        "source_feature_id": 54,
        "source_gi_number": 112,
        "source_file_sha256": "16ef048525b09b0127f79bf7e3bdbe351677f7e9be8e5016d9766fe45190f719",
        "source_metadata_sha256": "d57b220dd6c7425298ca95d39b48e636c2568f02ed022d84e4661d1f0bbf0682",
        "source_gi_url": "https://www.wineaustralia.com/labelling/geographical-indicators/labelling-gi-mount-gambier",
        "derivation": "widest verified interior horizontal scanline interval midpoint; 63 evenly spaced scanlines per polygon; holes excluded",
        "retrieved_on": "2026-09-26",
        "license": "CC-BY-4.0",
        "attribution": "Geographical Indications of Australia, © Wine Australia, CC BY 4.0; reference marker derived from official openly licensed GIS polygon.",
        "label_note": "Reference marker inside the official Wine Australia GIS representation. It is not the legal boundary or an official centroid; the textual GI definition takes precedence."
      },
      "geometry": {
        "type": "Point",
        "coordinates": [
          140.66573611866545,
          -37.86562015910945
        ]
      }
    },
    {
      "type": "Feature",
      "properties": {
        "node": "n_geo_au_robe_region",
        "node_id": "n_geo_au_robe_region",
        "name": "Robe",
        "parent_node_id": "n_geo_limestone_coast",
        "country_node_id": "n_geo_australia",
        "point_role": "source_polygon_interior_reference_point",
        "point_place_name": "Robe",
        "source_url": "https://services6.arcgis.com/s8j6JbJJCqmhNgh7/arcgis/rest/services/Wine_Geographical_Indications_Australia/FeatureServer/1/query?where=GI_NUMBER%3D106&outFields=*&outSR=4326&f=geojson",
        "source_coordinate_url": "https://services6.arcgis.com/s8j6JbJJCqmhNgh7/arcgis/rest/services/Wine_Geographical_Indications_Australia/FeatureServer/1/query?where=1%3D1&outFields=*&returnGeometry=true&outSR=4326&f=geojson",
        "source_item_id": "2dd4c385f0ed4d109c2e18ae99e819e2",
        "source_layer_id": 1,
        "source_feature_id": 57,
        "source_gi_number": 106,
        "source_file_sha256": "16ef048525b09b0127f79bf7e3bdbe351677f7e9be8e5016d9766fe45190f719",
        "source_metadata_sha256": "d57b220dd6c7425298ca95d39b48e636c2568f02ed022d84e4661d1f0bbf0682",
        "source_gi_url": "https://www.wineaustralia.com/labelling/geographical-indicators/labelling-gi-robe",
        "derivation": "widest verified interior horizontal scanline interval midpoint; 63 evenly spaced scanlines per polygon; holes excluded",
        "retrieved_on": "2026-09-26",
        "license": "CC-BY-4.0",
        "attribution": "Geographical Indications of Australia, © Wine Australia, CC BY 4.0; reference marker derived from official openly licensed GIS polygon.",
        "label_note": "Reference marker inside the official Wine Australia GIS representation. It is not the legal boundary or an official centroid; the textual GI definition takes precedence."
      },
      "geometry": {
        "type": "Point",
        "coordinates": [
          139.87751742448668,
          -37.17851363738654
        ]
      }
    },
    {
      "type": "Feature",
      "properties": {
        "node": "n_geo_au_southern_fleurieu_region",
        "node_id": "n_geo_au_southern_fleurieu_region",
        "name": "Southern Fleurieu",
        "parent_node_id": "n_geo_fleurieu_zone",
        "country_node_id": "n_geo_australia",
        "point_role": "source_polygon_interior_reference_point",
        "point_place_name": "Southern Fleurieu",
        "source_url": "https://services6.arcgis.com/s8j6JbJJCqmhNgh7/arcgis/rest/services/Wine_Geographical_Indications_Australia/FeatureServer/1/query?where=GI_NUMBER%3D86&outFields=*&outSR=4326&f=geojson",
        "source_coordinate_url": "https://services6.arcgis.com/s8j6JbJJCqmhNgh7/arcgis/rest/services/Wine_Geographical_Indications_Australia/FeatureServer/1/query?where=1%3D1&outFields=*&returnGeometry=true&outSR=4326&f=geojson",
        "source_item_id": "2dd4c385f0ed4d109c2e18ae99e819e2",
        "source_layer_id": 1,
        "source_feature_id": 58,
        "source_gi_number": 86,
        "source_file_sha256": "16ef048525b09b0127f79bf7e3bdbe351677f7e9be8e5016d9766fe45190f719",
        "source_metadata_sha256": "d57b220dd6c7425298ca95d39b48e636c2568f02ed022d84e4661d1f0bbf0682",
        "source_gi_url": "https://www.wineaustralia.com/labelling/geographical-indicators/labelling-gi-southern-fleurieu",
        "derivation": "widest verified interior horizontal scanline interval midpoint; 63 evenly spaced scanlines per polygon; holes excluded",
        "retrieved_on": "2026-09-26",
        "license": "CC-BY-4.0",
        "attribution": "Geographical Indications of Australia, © Wine Australia, CC BY 4.0; reference marker derived from official openly licensed GIS polygon.",
        "label_note": "Reference marker inside the official Wine Australia GIS representation. It is not the legal boundary or an official centroid; the textual GI definition takes precedence."
      },
      "geometry": {
        "type": "Point",
        "coordinates": [
          138.4150077608239,
          -35.53329034274173
        ]
      }
    },
    {
      "type": "Feature",
      "properties": {
        "node": "n_geo_au_southern_flinders_ranges_region",
        "node_id": "n_geo_au_southern_flinders_ranges_region",
        "name": "Southern Flinders Ranges",
        "parent_node_id": "n_geo_au_far_north_zone",
        "country_node_id": "n_geo_australia",
        "point_role": "source_polygon_interior_reference_point",
        "point_place_name": "Southern Flinders Ranges",
        "source_url": "https://services6.arcgis.com/s8j6JbJJCqmhNgh7/arcgis/rest/services/Wine_Geographical_Indications_Australia/FeatureServer/1/query?where=GI_NUMBER%3D100&outFields=*&outSR=4326&f=geojson",
        "source_coordinate_url": "https://services6.arcgis.com/s8j6JbJJCqmhNgh7/arcgis/rest/services/Wine_Geographical_Indications_Australia/FeatureServer/1/query?where=1%3D1&outFields=*&returnGeometry=true&outSR=4326&f=geojson",
        "source_item_id": "2dd4c385f0ed4d109c2e18ae99e819e2",
        "source_layer_id": 1,
        "source_feature_id": 59,
        "source_gi_number": 100,
        "source_file_sha256": "16ef048525b09b0127f79bf7e3bdbe351677f7e9be8e5016d9766fe45190f719",
        "source_metadata_sha256": "d57b220dd6c7425298ca95d39b48e636c2568f02ed022d84e4661d1f0bbf0682",
        "source_gi_url": "https://www.wineaustralia.com/labelling/geographical-indicators/labelling-gi-southern-flinders-ranges",
        "derivation": "widest verified interior horizontal scanline interval midpoint; 63 evenly spaced scanlines per polygon; holes excluded",
        "retrieved_on": "2026-09-26",
        "license": "CC-BY-4.0",
        "attribution": "Geographical Indications of Australia, © Wine Australia, CC BY 4.0; reference marker derived from official openly licensed GIS polygon.",
        "label_note": "Reference marker inside the official Wine Australia GIS representation. It is not the legal boundary or an official centroid; the textual GI definition takes precedence."
      },
      "geometry": {
        "type": "Point",
        "coordinates": [
          138.32137470233152,
          -32.802436816201
        ]
      }
    },
    {
      "type": "Feature",
      "properties": {
        "node": "n_geo_au_western_victoria_zone",
        "node_id": "n_geo_au_western_victoria_zone",
        "name": "Western Victoria (zone)",
        "parent_node_id": "n_geo_victoria",
        "country_node_id": "n_geo_australia",
        "point_role": "source_polygon_interior_reference_point",
        "point_place_name": "Western Victoria",
        "source_url": "https://services6.arcgis.com/s8j6JbJJCqmhNgh7/arcgis/rest/services/Wine_Geographical_Indications_Australia/FeatureServer/2/query?where=GI_NUMBER%3D16&outFields=*&outSR=4326&f=geojson",
        "source_coordinate_url": "https://services6.arcgis.com/s8j6JbJJCqmhNgh7/arcgis/rest/services/Wine_Geographical_Indications_Australia/FeatureServer/2/query?where=1%3D1&outFields=*&returnGeometry=true&outSR=4326&f=geojson",
        "source_item_id": "2dd4c385f0ed4d109c2e18ae99e819e2",
        "source_layer_id": 2,
        "source_feature_id": 1,
        "source_gi_number": 16,
        "source_file_sha256": "84601bcde0f164d5a3ab2a51bbe289d17434ed4cbe1873df07c2044cdee7a9f4",
        "source_metadata_sha256": "d57b220dd6c7425298ca95d39b48e636c2568f02ed022d84e4661d1f0bbf0682",
        "source_gi_url": "https://www.wineaustralia.com/labelling/geographical-indicators/labelling-gi-western-victoria",
        "derivation": "widest verified interior horizontal scanline interval midpoint; 63 evenly spaced scanlines per polygon; holes excluded",
        "retrieved_on": "2026-09-26",
        "license": "CC-BY-4.0",
        "attribution": "Geographical Indications of Australia, © Wine Australia, CC BY 4.0; reference marker derived from official openly licensed GIS polygon.",
        "label_note": "Reference marker inside the official Wine Australia GIS representation. It is not the legal boundary or an official centroid; the textual GI definition takes precedence."
      },
      "geometry": {
        "type": "Point",
        "coordinates": [
          142.56303478855327,
          -37.51656179209513
        ]
      }
    },
    {
      "type": "Feature",
      "properties": {
        "node": "n_geo_au_north_west_victoria_zone",
        "node_id": "n_geo_au_north_west_victoria_zone",
        "name": "North West Victoria (zone)",
        "parent_node_id": "n_geo_victoria",
        "country_node_id": "n_geo_australia",
        "point_role": "source_polygon_interior_reference_point",
        "point_place_name": "North West Victoria",
        "source_url": "https://services6.arcgis.com/s8j6JbJJCqmhNgh7/arcgis/rest/services/Wine_Geographical_Indications_Australia/FeatureServer/2/query?where=GI_NUMBER%3D14&outFields=*&outSR=4326&f=geojson",
        "source_coordinate_url": "https://services6.arcgis.com/s8j6JbJJCqmhNgh7/arcgis/rest/services/Wine_Geographical_Indications_Australia/FeatureServer/2/query?where=1%3D1&outFields=*&returnGeometry=true&outSR=4326&f=geojson",
        "source_item_id": "2dd4c385f0ed4d109c2e18ae99e819e2",
        "source_layer_id": 2,
        "source_feature_id": 3,
        "source_gi_number": 14,
        "source_file_sha256": "84601bcde0f164d5a3ab2a51bbe289d17434ed4cbe1873df07c2044cdee7a9f4",
        "source_metadata_sha256": "d57b220dd6c7425298ca95d39b48e636c2568f02ed022d84e4661d1f0bbf0682",
        "source_gi_url": "https://www.wineaustralia.com/labelling/geographical-indicators/labelling-gi-north-west-victoria",
        "derivation": "widest verified interior horizontal scanline interval midpoint; 63 evenly spaced scanlines per polygon; holes excluded",
        "retrieved_on": "2026-09-26",
        "license": "CC-BY-4.0",
        "attribution": "Geographical Indications of Australia, © Wine Australia, CC BY 4.0; reference marker derived from official openly licensed GIS polygon.",
        "label_note": "Reference marker inside the official Wine Australia GIS representation. It is not the legal boundary or an official centroid; the textual GI definition takes precedence."
      },
      "geometry": {
        "type": "Point",
        "coordinates": [
          142.6727510844616,
          -35.849879825420686
        ]
      }
    },
    {
      "type": "Feature",
      "properties": {
        "node": "n_geo_au_north_east_victoria_zone",
        "node_id": "n_geo_au_north_east_victoria_zone",
        "name": "North East Victoria (zone)",
        "parent_node_id": "n_geo_victoria",
        "country_node_id": "n_geo_australia",
        "point_role": "source_polygon_interior_reference_point",
        "point_place_name": "North East Victoria",
        "source_url": "https://services6.arcgis.com/s8j6JbJJCqmhNgh7/arcgis/rest/services/Wine_Geographical_Indications_Australia/FeatureServer/2/query?where=GI_NUMBER%3D13&outFields=*&outSR=4326&f=geojson",
        "source_coordinate_url": "https://services6.arcgis.com/s8j6JbJJCqmhNgh7/arcgis/rest/services/Wine_Geographical_Indications_Australia/FeatureServer/2/query?where=1%3D1&outFields=*&returnGeometry=true&outSR=4326&f=geojson",
        "source_item_id": "2dd4c385f0ed4d109c2e18ae99e819e2",
        "source_layer_id": 2,
        "source_feature_id": 4,
        "source_gi_number": 13,
        "source_file_sha256": "84601bcde0f164d5a3ab2a51bbe289d17434ed4cbe1873df07c2044cdee7a9f4",
        "source_metadata_sha256": "d57b220dd6c7425298ca95d39b48e636c2568f02ed022d84e4661d1f0bbf0682",
        "source_gi_url": "https://www.wineaustralia.com/labelling/geographical-indicators/labelling-gi-north-east-victoria",
        "derivation": "widest verified interior horizontal scanline interval midpoint; 63 evenly spaced scanlines per polygon; holes excluded",
        "retrieved_on": "2026-09-26",
        "license": "CC-BY-4.0",
        "attribution": "Geographical Indications of Australia, © Wine Australia, CC BY 4.0; reference marker derived from official openly licensed GIS polygon.",
        "label_note": "Reference marker inside the official Wine Australia GIS representation. It is not the legal boundary or an official centroid; the textual GI definition takes precedence."
      },
      "geometry": {
        "type": "Point",
        "coordinates": [
          147.02962778123654,
          -36.606101409826195
        ]
      }
    },
    {
      "type": "Feature",
      "properties": {
        "node": "n_geo_au_gippsland_zone",
        "node_id": "n_geo_au_gippsland_zone",
        "name": "Gippsland (zone)",
        "parent_node_id": "n_geo_victoria",
        "country_node_id": "n_geo_australia",
        "point_role": "source_polygon_interior_reference_point",
        "point_place_name": "Gippsland",
        "source_url": "https://services6.arcgis.com/s8j6JbJJCqmhNgh7/arcgis/rest/services/Wine_Geographical_Indications_Australia/FeatureServer/2/query?where=GI_NUMBER%3D12&outFields=*&outSR=4326&f=geojson",
        "source_coordinate_url": "https://services6.arcgis.com/s8j6JbJJCqmhNgh7/arcgis/rest/services/Wine_Geographical_Indications_Australia/FeatureServer/2/query?where=1%3D1&outFields=*&returnGeometry=true&outSR=4326&f=geojson",
        "source_item_id": "2dd4c385f0ed4d109c2e18ae99e819e2",
        "source_layer_id": 2,
        "source_feature_id": 5,
        "source_gi_number": 12,
        "source_file_sha256": "84601bcde0f164d5a3ab2a51bbe289d17434ed4cbe1873df07c2044cdee7a9f4",
        "source_metadata_sha256": "d57b220dd6c7425298ca95d39b48e636c2568f02ed022d84e4661d1f0bbf0682",
        "source_gi_url": "https://www.wineaustralia.com/labelling/geographical-indicators/labelling-gi-gippsland",
        "derivation": "widest verified interior horizontal scanline interval midpoint; 63 evenly spaced scanlines per polygon; holes excluded",
        "retrieved_on": "2026-09-26",
        "license": "CC-BY-4.0",
        "attribution": "Geographical Indications of Australia, © Wine Australia, CC BY 4.0; reference marker derived from official openly licensed GIS polygon.",
        "label_note": "Reference marker inside the official Wine Australia GIS representation. It is not the legal boundary or an official centroid; the textual GI definition takes precedence."
      },
      "geometry": {
        "type": "Point",
        "coordinates": [
          147.97558221535036,
          -37.635673853502986
        ]
      }
    },
    {
      "type": "Feature",
      "properties": {
        "node": "n_geo_au_central_victoria_zone",
        "node_id": "n_geo_au_central_victoria_zone",
        "name": "Central Victoria (zone)",
        "parent_node_id": "n_geo_victoria",
        "country_node_id": "n_geo_australia",
        "point_role": "source_polygon_interior_reference_point",
        "point_place_name": "Central Victoria",
        "source_url": "https://services6.arcgis.com/s8j6JbJJCqmhNgh7/arcgis/rest/services/Wine_Geographical_Indications_Australia/FeatureServer/2/query?where=GI_NUMBER%3D11&outFields=*&outSR=4326&f=geojson",
        "source_coordinate_url": "https://services6.arcgis.com/s8j6JbJJCqmhNgh7/arcgis/rest/services/Wine_Geographical_Indications_Australia/FeatureServer/2/query?where=1%3D1&outFields=*&returnGeometry=true&outSR=4326&f=geojson",
        "source_item_id": "2dd4c385f0ed4d109c2e18ae99e819e2",
        "source_layer_id": 2,
        "source_feature_id": 6,
        "source_gi_number": 11,
        "source_file_sha256": "84601bcde0f164d5a3ab2a51bbe289d17434ed4cbe1873df07c2044cdee7a9f4",
        "source_metadata_sha256": "d57b220dd6c7425298ca95d39b48e636c2568f02ed022d84e4661d1f0bbf0682",
        "source_gi_url": "https://www.wineaustralia.com/labelling/geographical-indicators/labelling-gi-central-victoria",
        "derivation": "widest verified interior horizontal scanline interval midpoint; 63 evenly spaced scanlines per polygon; holes excluded",
        "retrieved_on": "2026-09-26",
        "license": "CC-BY-4.0",
        "attribution": "Geographical Indications of Australia, © Wine Australia, CC BY 4.0; reference marker derived from official openly licensed GIS polygon.",
        "label_note": "Reference marker inside the official Wine Australia GIS representation. It is not the legal boundary or an official centroid; the textual GI definition takes precedence."
      },
      "geometry": {
        "type": "Point",
        "coordinates": [
          145.04307931492167,
          -37.08605825892687
        ]
      }
    },
    {
      "type": "Feature",
      "properties": {
        "node": "n_geo_au_central_western_australia_zone",
        "node_id": "n_geo_au_central_western_australia_zone",
        "name": "Central Western Australia (zone)",
        "parent_node_id": "n_geo_western_australia",
        "country_node_id": "n_geo_australia",
        "point_role": "source_polygon_interior_reference_point",
        "point_place_name": "Central Western Australia",
        "source_url": "https://services6.arcgis.com/s8j6JbJJCqmhNgh7/arcgis/rest/services/Wine_Geographical_Indications_Australia/FeatureServer/2/query?where=GI_NUMBER%3D30&outFields=*&outSR=4326&f=geojson",
        "source_coordinate_url": "https://services6.arcgis.com/s8j6JbJJCqmhNgh7/arcgis/rest/services/Wine_Geographical_Indications_Australia/FeatureServer/2/query?where=1%3D1&outFields=*&returnGeometry=true&outSR=4326&f=geojson",
        "source_item_id": "2dd4c385f0ed4d109c2e18ae99e819e2",
        "source_layer_id": 2,
        "source_feature_id": 7,
        "source_gi_number": 30,
        "source_file_sha256": "84601bcde0f164d5a3ab2a51bbe289d17434ed4cbe1873df07c2044cdee7a9f4",
        "source_metadata_sha256": "d57b220dd6c7425298ca95d39b48e636c2568f02ed022d84e4661d1f0bbf0682",
        "source_gi_url": "https://www.wineaustralia.com/labelling/geographical-indicators/labelling-gi-central-western-australia",
        "derivation": "widest verified interior horizontal scanline interval midpoint; 63 evenly spaced scanlines per polygon; holes excluded",
        "retrieved_on": "2026-09-26",
        "license": "CC-BY-4.0",
        "attribution": "Geographical Indications of Australia, © Wine Australia, CC BY 4.0; reference marker derived from official openly licensed GIS polygon.",
        "label_note": "Reference marker inside the official Wine Australia GIS representation. It is not the legal boundary or an official centroid; the textual GI definition takes precedence."
      },
      "geometry": {
        "type": "Point",
        "coordinates": [
          117.06245778559915,
          -33.49007823987101
        ]
      }
    },
    {
      "type": "Feature",
      "properties": {
        "node": "n_geo_au_greater_perth_zone",
        "node_id": "n_geo_au_greater_perth_zone",
        "name": "Greater Perth (zone)",
        "parent_node_id": "n_geo_western_australia",
        "country_node_id": "n_geo_australia",
        "point_role": "source_polygon_interior_reference_point",
        "point_place_name": "Greater Perth",
        "source_url": "https://services6.arcgis.com/s8j6JbJJCqmhNgh7/arcgis/rest/services/Wine_Geographical_Indications_Australia/FeatureServer/2/query?where=GI_NUMBER%3D31&outFields=*&outSR=4326&f=geojson",
        "source_coordinate_url": "https://services6.arcgis.com/s8j6JbJJCqmhNgh7/arcgis/rest/services/Wine_Geographical_Indications_Australia/FeatureServer/2/query?where=1%3D1&outFields=*&returnGeometry=true&outSR=4326&f=geojson",
        "source_item_id": "2dd4c385f0ed4d109c2e18ae99e819e2",
        "source_layer_id": 2,
        "source_feature_id": 8,
        "source_gi_number": 31,
        "source_file_sha256": "84601bcde0f164d5a3ab2a51bbe289d17434ed4cbe1873df07c2044cdee7a9f4",
        "source_metadata_sha256": "d57b220dd6c7425298ca95d39b48e636c2568f02ed022d84e4661d1f0bbf0682",
        "source_gi_url": "https://www.wineaustralia.com/labelling/geographical-indicators/labelling-gi-greater-perth",
        "derivation": "widest verified interior horizontal scanline interval midpoint; 63 evenly spaced scanlines per polygon; holes excluded",
        "retrieved_on": "2026-09-26",
        "license": "CC-BY-4.0",
        "attribution": "Geographical Indications of Australia, © Wine Australia, CC BY 4.0; reference marker derived from official openly licensed GIS polygon.",
        "label_note": "Reference marker inside the official Wine Australia GIS representation. It is not the legal boundary or an official centroid; the textual GI definition takes precedence."
      },
      "geometry": {
        "type": "Point",
        "coordinates": [
          115.43619089251601,
          -30.208965331176728
        ]
      }
    },
    {
      "type": "Feature",
      "properties": {
        "node": "n_geo_au_south_west_australia_zone",
        "node_id": "n_geo_au_south_west_australia_zone",
        "name": "South West Australia (zone)",
        "parent_node_id": "n_geo_western_australia",
        "country_node_id": "n_geo_australia",
        "point_role": "source_polygon_interior_reference_point",
        "point_place_name": "South West Australia",
        "source_url": "https://services6.arcgis.com/s8j6JbJJCqmhNgh7/arcgis/rest/services/Wine_Geographical_Indications_Australia/FeatureServer/2/query?where=GI_NUMBER%3D29&outFields=*&outSR=4326&f=geojson",
        "source_coordinate_url": "https://services6.arcgis.com/s8j6JbJJCqmhNgh7/arcgis/rest/services/Wine_Geographical_Indications_Australia/FeatureServer/2/query?where=1%3D1&outFields=*&returnGeometry=true&outSR=4326&f=geojson",
        "source_item_id": "2dd4c385f0ed4d109c2e18ae99e819e2",
        "source_layer_id": 2,
        "source_feature_id": 9,
        "source_gi_number": 29,
        "source_file_sha256": "84601bcde0f164d5a3ab2a51bbe289d17434ed4cbe1873df07c2044cdee7a9f4",
        "source_metadata_sha256": "d57b220dd6c7425298ca95d39b48e636c2568f02ed022d84e4661d1f0bbf0682",
        "source_gi_url": "https://www.wineaustralia.com/labelling/geographical-indicators/labelling-gi-south-west-australia",
        "derivation": "widest verified interior horizontal scanline interval midpoint; 63 evenly spaced scanlines per polygon; holes excluded",
        "retrieved_on": "2026-09-26",
        "license": "CC-BY-4.0",
        "attribution": "Geographical Indications of Australia, © Wine Australia, CC BY 4.0; reference marker derived from official openly licensed GIS polygon.",
        "label_note": "Reference marker inside the official Wine Australia GIS representation. It is not the legal boundary or an official centroid; the textual GI definition takes precedence."
      },
      "geometry": {
        "type": "Point",
        "coordinates": [
          117.21188323701296,
          -34.47787499596064
        ]
      }
    },
    {
      "type": "Feature",
      "properties": {
        "node": "n_geo_au_west_australian_south_east_coastal_zone",
        "node_id": "n_geo_au_west_australian_south_east_coastal_zone",
        "name": "West Australian South East Coastal (zone)",
        "parent_node_id": "n_geo_western_australia",
        "country_node_id": "n_geo_australia",
        "point_role": "source_polygon_interior_reference_point",
        "point_place_name": "West Australian South East Coastal",
        "source_url": "https://services6.arcgis.com/s8j6JbJJCqmhNgh7/arcgis/rest/services/Wine_Geographical_Indications_Australia/FeatureServer/2/query?where=GI_NUMBER%3D28&outFields=*&outSR=4326&f=geojson",
        "source_coordinate_url": "https://services6.arcgis.com/s8j6JbJJCqmhNgh7/arcgis/rest/services/Wine_Geographical_Indications_Australia/FeatureServer/2/query?where=1%3D1&outFields=*&returnGeometry=true&outSR=4326&f=geojson",
        "source_item_id": "2dd4c385f0ed4d109c2e18ae99e819e2",
        "source_layer_id": 2,
        "source_feature_id": 10,
        "source_gi_number": 28,
        "source_file_sha256": "84601bcde0f164d5a3ab2a51bbe289d17434ed4cbe1873df07c2044cdee7a9f4",
        "source_metadata_sha256": "d57b220dd6c7425298ca95d39b48e636c2568f02ed022d84e4661d1f0bbf0682",
        "source_gi_url": "https://www.wineaustralia.com/labelling/geographical-indicators/labelling-gi-west-australia-south-east-coastal",
        "derivation": "widest verified interior horizontal scanline interval midpoint; 63 evenly spaced scanlines per polygon; holes excluded",
        "retrieved_on": "2026-09-26",
        "license": "CC-BY-4.0",
        "attribution": "Geographical Indications of Australia, © Wine Australia, CC BY 4.0; reference marker derived from official openly licensed GIS polygon.",
        "label_note": "Reference marker inside the official Wine Australia GIS representation. It is not the legal boundary or an official centroid; the textual GI definition takes precedence."
      },
      "geometry": {
        "type": "Point",
        "coordinates": [
          121.2639059955795,
          -33.800442785080314
        ]
      }
    },
    {
      "type": "Feature",
      "properties": {
        "node": "n_geo_au_central_ranges_zone",
        "node_id": "n_geo_au_central_ranges_zone",
        "name": "Central Ranges (zone)",
        "parent_node_id": "n_geo_new_south_wales",
        "country_node_id": "n_geo_australia",
        "point_role": "source_polygon_interior_reference_point",
        "point_place_name": "Central Ranges",
        "source_url": "https://services6.arcgis.com/s8j6JbJJCqmhNgh7/arcgis/rest/services/Wine_Geographical_Indications_Australia/FeatureServer/2/query?where=GI_NUMBER%3D3&outFields=*&outSR=4326&f=geojson",
        "source_coordinate_url": "https://services6.arcgis.com/s8j6JbJJCqmhNgh7/arcgis/rest/services/Wine_Geographical_Indications_Australia/FeatureServer/2/query?where=1%3D1&outFields=*&returnGeometry=true&outSR=4326&f=geojson",
        "source_item_id": "2dd4c385f0ed4d109c2e18ae99e819e2",
        "source_layer_id": 2,
        "source_feature_id": 11,
        "source_gi_number": 3,
        "source_file_sha256": "84601bcde0f164d5a3ab2a51bbe289d17434ed4cbe1873df07c2044cdee7a9f4",
        "source_metadata_sha256": "d57b220dd6c7425298ca95d39b48e636c2568f02ed022d84e4661d1f0bbf0682",
        "source_gi_url": "https://www.wineaustralia.com/au/labelling/register-of-protected-gis-and-other-terms/geographical-indications/central-ranges",
        "derivation": "widest verified interior horizontal scanline interval midpoint; 63 evenly spaced scanlines per polygon; holes excluded",
        "retrieved_on": "2026-09-26",
        "license": "CC-BY-4.0",
        "attribution": "Geographical Indications of Australia, © Wine Australia, CC BY 4.0; reference marker derived from official openly licensed GIS polygon.",
        "label_note": "Reference marker inside the official Wine Australia GIS representation. It is not the legal boundary or an official centroid; the textual GI definition takes precedence."
      },
      "geometry": {
        "type": "Point",
        "coordinates": [
          149.3196932785362,
          -33.33950567706544
        ]
      }
    },
    {
      "type": "Feature",
      "properties": {
        "node": "n_geo_au_northern_rivers_zone",
        "node_id": "n_geo_au_northern_rivers_zone",
        "name": "Northern Rivers (zone)",
        "parent_node_id": "n_geo_new_south_wales",
        "country_node_id": "n_geo_australia",
        "point_role": "source_polygon_interior_reference_point",
        "point_place_name": "Northern Rivers",
        "source_url": "https://services6.arcgis.com/s8j6JbJJCqmhNgh7/arcgis/rest/services/Wine_Geographical_Indications_Australia/FeatureServer/2/query?where=GI_NUMBER%3D5&outFields=*&outSR=4326&f=geojson",
        "source_coordinate_url": "https://services6.arcgis.com/s8j6JbJJCqmhNgh7/arcgis/rest/services/Wine_Geographical_Indications_Australia/FeatureServer/2/query?where=1%3D1&outFields=*&returnGeometry=true&outSR=4326&f=geojson",
        "source_item_id": "2dd4c385f0ed4d109c2e18ae99e819e2",
        "source_layer_id": 2,
        "source_feature_id": 13,
        "source_gi_number": 5,
        "source_file_sha256": "84601bcde0f164d5a3ab2a51bbe289d17434ed4cbe1873df07c2044cdee7a9f4",
        "source_metadata_sha256": "d57b220dd6c7425298ca95d39b48e636c2568f02ed022d84e4661d1f0bbf0682",
        "source_gi_url": "https://www.wineaustralia.com/labelling/geographical-indicators/labelling-gi-northern-rivers",
        "derivation": "widest verified interior horizontal scanline interval midpoint; 63 evenly spaced scanlines per polygon; holes excluded",
        "retrieved_on": "2026-09-26",
        "license": "CC-BY-4.0",
        "attribution": "Geographical Indications of Australia, © Wine Australia, CC BY 4.0; reference marker derived from official openly licensed GIS polygon.",
        "label_note": "Reference marker inside the official Wine Australia GIS representation. It is not the legal boundary or an official centroid; the textual GI definition takes precedence."
      },
      "geometry": {
        "type": "Point",
        "coordinates": [
          152.02833399912714,
          -31.666153269758876
        ]
      }
    },
    {
      "type": "Feature",
      "properties": {
        "node": "n_geo_au_northern_slopes_zone",
        "node_id": "n_geo_au_northern_slopes_zone",
        "name": "Northern Slopes (zone)",
        "parent_node_id": "n_geo_new_south_wales",
        "country_node_id": "n_geo_australia",
        "point_role": "source_polygon_interior_reference_point",
        "point_place_name": "Northern Slopes",
        "source_url": "https://services6.arcgis.com/s8j6JbJJCqmhNgh7/arcgis/rest/services/Wine_Geographical_Indications_Australia/FeatureServer/2/query?where=GI_NUMBER%3D6&outFields=*&outSR=4326&f=geojson",
        "source_coordinate_url": "https://services6.arcgis.com/s8j6JbJJCqmhNgh7/arcgis/rest/services/Wine_Geographical_Indications_Australia/FeatureServer/2/query?where=1%3D1&outFields=*&returnGeometry=true&outSR=4326&f=geojson",
        "source_item_id": "2dd4c385f0ed4d109c2e18ae99e819e2",
        "source_layer_id": 2,
        "source_feature_id": 14,
        "source_gi_number": 6,
        "source_file_sha256": "84601bcde0f164d5a3ab2a51bbe289d17434ed4cbe1873df07c2044cdee7a9f4",
        "source_metadata_sha256": "d57b220dd6c7425298ca95d39b48e636c2568f02ed022d84e4661d1f0bbf0682",
        "source_gi_url": "https://www.wineaustralia.com/labelling/geographical-indicators/labelling-gi-northern-slopes",
        "derivation": "widest verified interior horizontal scanline interval midpoint; 63 evenly spaced scanlines per polygon; holes excluded",
        "retrieved_on": "2026-09-26",
        "license": "CC-BY-4.0",
        "attribution": "Geographical Indications of Australia, © Wine Australia, CC BY 4.0; reference marker derived from official openly licensed GIS polygon.",
        "label_note": "Reference marker inside the official Wine Australia GIS representation. It is not the legal boundary or an official centroid; the textual GI definition takes precedence."
      },
      "geometry": {
        "type": "Point",
        "coordinates": [
          150.39913050579628,
          -31.480959621226464
        ]
      }
    },
    {
      "type": "Feature",
      "properties": {
        "node": "n_geo_au_south_coast_zone",
        "node_id": "n_geo_au_south_coast_zone",
        "name": "South Coast (zone)",
        "parent_node_id": "n_geo_new_south_wales",
        "country_node_id": "n_geo_australia",
        "point_role": "source_polygon_interior_reference_point",
        "point_place_name": "South Coast",
        "source_url": "https://services6.arcgis.com/s8j6JbJJCqmhNgh7/arcgis/rest/services/Wine_Geographical_Indications_Australia/FeatureServer/2/query?where=GI_NUMBER%3D7&outFields=*&outSR=4326&f=geojson",
        "source_coordinate_url": "https://services6.arcgis.com/s8j6JbJJCqmhNgh7/arcgis/rest/services/Wine_Geographical_Indications_Australia/FeatureServer/2/query?where=1%3D1&outFields=*&returnGeometry=true&outSR=4326&f=geojson",
        "source_item_id": "2dd4c385f0ed4d109c2e18ae99e819e2",
        "source_layer_id": 2,
        "source_feature_id": 15,
        "source_gi_number": 7,
        "source_file_sha256": "84601bcde0f164d5a3ab2a51bbe289d17434ed4cbe1873df07c2044cdee7a9f4",
        "source_metadata_sha256": "d57b220dd6c7425298ca95d39b48e636c2568f02ed022d84e4661d1f0bbf0682",
        "source_gi_url": "https://www.wineaustralia.com/labelling/geographical-indicators/labelling-gi-south-coast",
        "derivation": "widest verified interior horizontal scanline interval midpoint; 63 evenly spaced scanlines per polygon; holes excluded",
        "retrieved_on": "2026-09-26",
        "license": "CC-BY-4.0",
        "attribution": "Geographical Indications of Australia, © Wine Australia, CC BY 4.0; reference marker derived from official openly licensed GIS polygon.",
        "label_note": "Reference marker inside the official Wine Australia GIS representation. It is not the legal boundary or an official centroid; the textual GI definition takes precedence."
      },
      "geometry": {
        "type": "Point",
        "coordinates": [
          150.82376251455509,
          -33.52370906412294
        ]
      }
    },
    {
      "type": "Feature",
      "properties": {
        "node": "n_geo_au_southern_new_south_wales_zone",
        "node_id": "n_geo_au_southern_new_south_wales_zone",
        "name": "Southern New South Wales (zone)",
        "parent_node_id": "n_geo_new_south_wales",
        "country_node_id": "n_geo_australia",
        "point_role": "source_polygon_interior_reference_point",
        "point_place_name": "Southern New South Wales",
        "source_url": "https://services6.arcgis.com/s8j6JbJJCqmhNgh7/arcgis/rest/services/Wine_Geographical_Indications_Australia/FeatureServer/2/query?where=GI_NUMBER%3D8&outFields=*&outSR=4326&f=geojson",
        "source_coordinate_url": "https://services6.arcgis.com/s8j6JbJJCqmhNgh7/arcgis/rest/services/Wine_Geographical_Indications_Australia/FeatureServer/2/query?where=1%3D1&outFields=*&returnGeometry=true&outSR=4326&f=geojson",
        "source_item_id": "2dd4c385f0ed4d109c2e18ae99e819e2",
        "source_layer_id": 2,
        "source_feature_id": 16,
        "source_gi_number": 8,
        "source_file_sha256": "84601bcde0f164d5a3ab2a51bbe289d17434ed4cbe1873df07c2044cdee7a9f4",
        "source_metadata_sha256": "d57b220dd6c7425298ca95d39b48e636c2568f02ed022d84e4661d1f0bbf0682",
        "source_gi_url": "https://www.wineaustralia.com/labelling/geographical-indicators/labelling-gi-southern-new-south-wales",
        "derivation": "widest verified interior horizontal scanline interval midpoint; 63 evenly spaced scanlines per polygon; holes excluded",
        "retrieved_on": "2026-09-26",
        "license": "CC-BY-4.0",
        "attribution": "Geographical Indications of Australia, © Wine Australia, CC BY 4.0; reference marker derived from official openly licensed GIS polygon.",
        "label_note": "Reference marker inside the official Wine Australia GIS representation. It is not the legal boundary or an official centroid; the textual GI definition takes precedence."
      },
      "geometry": {
        "type": "Point",
        "coordinates": [
          148.96772882114396,
          -35.153605364728264
        ]
      }
    },
    {
      "type": "Feature",
      "properties": {
        "node": "n_geo_au_big_rivers_zone",
        "node_id": "n_geo_au_big_rivers_zone",
        "name": "Big Rivers (zone)",
        "parent_node_id": "n_geo_new_south_wales",
        "country_node_id": "n_geo_australia",
        "point_role": "source_polygon_interior_reference_point",
        "point_place_name": "Big Rivers",
        "source_url": "https://services6.arcgis.com/s8j6JbJJCqmhNgh7/arcgis/rest/services/Wine_Geographical_Indications_Australia/FeatureServer/2/query?where=GI_NUMBER%3D2&outFields=*&outSR=4326&f=geojson",
        "source_coordinate_url": "https://services6.arcgis.com/s8j6JbJJCqmhNgh7/arcgis/rest/services/Wine_Geographical_Indications_Australia/FeatureServer/2/query?where=1%3D1&outFields=*&returnGeometry=true&outSR=4326&f=geojson",
        "source_item_id": "2dd4c385f0ed4d109c2e18ae99e819e2",
        "source_layer_id": 2,
        "source_feature_id": 17,
        "source_gi_number": 2,
        "source_file_sha256": "84601bcde0f164d5a3ab2a51bbe289d17434ed4cbe1873df07c2044cdee7a9f4",
        "source_metadata_sha256": "d57b220dd6c7425298ca95d39b48e636c2568f02ed022d84e4661d1f0bbf0682",
        "source_gi_url": "https://www.wineaustralia.com/labelling/geographical-indicators/labelling-gi-big-rivers",
        "derivation": "widest verified interior horizontal scanline interval midpoint; 63 evenly spaced scanlines per polygon; holes excluded",
        "retrieved_on": "2026-09-26",
        "license": "CC-BY-4.0",
        "attribution": "Geographical Indications of Australia, © Wine Australia, CC BY 4.0; reference marker derived from official openly licensed GIS polygon.",
        "label_note": "Reference marker inside the official Wine Australia GIS representation. It is not the legal boundary or an official centroid; the textual GI definition takes precedence."
      },
      "geometry": {
        "type": "Point",
        "coordinates": [
          144.4810307598028,
          -33.471982484747535
        ]
      }
    },
    {
      "type": "Feature",
      "properties": {
        "node": "n_geo_au_the_peninsulas_zone",
        "node_id": "n_geo_au_the_peninsulas_zone",
        "name": "The Peninsulas (zone)",
        "parent_node_id": "n_geo_south_australia",
        "country_node_id": "n_geo_australia",
        "point_role": "source_polygon_interior_reference_point",
        "point_place_name": "The Peninsulas",
        "source_url": "https://services6.arcgis.com/s8j6JbJJCqmhNgh7/arcgis/rest/services/Wine_Geographical_Indications_Australia/FeatureServer/2/query?where=GI_NUMBER%3D22&outFields=*&outSR=4326&f=geojson",
        "source_coordinate_url": "https://services6.arcgis.com/s8j6JbJJCqmhNgh7/arcgis/rest/services/Wine_Geographical_Indications_Australia/FeatureServer/2/query?where=1%3D1&outFields=*&returnGeometry=true&outSR=4326&f=geojson",
        "source_item_id": "2dd4c385f0ed4d109c2e18ae99e819e2",
        "source_layer_id": 2,
        "source_feature_id": 18,
        "source_gi_number": 22,
        "source_file_sha256": "84601bcde0f164d5a3ab2a51bbe289d17434ed4cbe1873df07c2044cdee7a9f4",
        "source_metadata_sha256": "d57b220dd6c7425298ca95d39b48e636c2568f02ed022d84e4661d1f0bbf0682",
        "source_gi_url": "https://www.wineaustralia.com/labelling/geographical-indicators/labelling-gi-the-peninsulas",
        "derivation": "widest verified interior horizontal scanline interval midpoint; 63 evenly spaced scanlines per polygon; holes excluded",
        "retrieved_on": "2026-09-26",
        "license": "CC-BY-4.0",
        "attribution": "Geographical Indications of Australia, © Wine Australia, CC BY 4.0; reference marker derived from official openly licensed GIS polygon.",
        "label_note": "Reference marker inside the official Wine Australia GIS representation. It is not the legal boundary or an official centroid; the textual GI definition takes precedence."
      },
      "geometry": {
        "type": "Point",
        "coordinates": [
          136.0977201609446,
          -33.34416796719197
        ]
      }
    },
    {
      "type": "Feature",
      "properties": {
        "node": "n_geo_au_lower_murray_zone",
        "node_id": "n_geo_au_lower_murray_zone",
        "name": "Lower Murray (zone)",
        "parent_node_id": "n_geo_south_australia",
        "country_node_id": "n_geo_australia",
        "point_role": "source_polygon_interior_reference_point",
        "point_place_name": "Lower Murray",
        "source_url": "https://services6.arcgis.com/s8j6JbJJCqmhNgh7/arcgis/rest/services/Wine_Geographical_Indications_Australia/FeatureServer/2/query?where=GI_NUMBER%3D23&outFields=*&outSR=4326&f=geojson",
        "source_coordinate_url": "https://services6.arcgis.com/s8j6JbJJCqmhNgh7/arcgis/rest/services/Wine_Geographical_Indications_Australia/FeatureServer/2/query?where=1%3D1&outFields=*&returnGeometry=true&outSR=4326&f=geojson",
        "source_item_id": "2dd4c385f0ed4d109c2e18ae99e819e2",
        "source_layer_id": 2,
        "source_feature_id": 20,
        "source_gi_number": 23,
        "source_file_sha256": "84601bcde0f164d5a3ab2a51bbe289d17434ed4cbe1873df07c2044cdee7a9f4",
        "source_metadata_sha256": "d57b220dd6c7425298ca95d39b48e636c2568f02ed022d84e4661d1f0bbf0682",
        "source_gi_url": "https://www.wineaustralia.com/labelling/geographical-indicators/labelling-gi-lower-murray",
        "derivation": "widest verified interior horizontal scanline interval midpoint; 63 evenly spaced scanlines per polygon; holes excluded",
        "retrieved_on": "2026-09-26",
        "license": "CC-BY-4.0",
        "attribution": "Geographical Indications of Australia, © Wine Australia, CC BY 4.0; reference marker derived from official openly licensed GIS polygon.",
        "label_note": "Reference marker inside the official Wine Australia GIS representation. It is not the legal boundary or an official centroid; the textual GI definition takes precedence."
      },
      "geometry": {
        "type": "Point",
        "coordinates": [
          139.94797536672246,
          -35.581993549646654
        ]
      }
    },
    {
      "type": "Feature",
      "properties": {
        "node": "n_geo_au_far_north_zone",
        "node_id": "n_geo_au_far_north_zone",
        "name": "Far North (zone)",
        "parent_node_id": "n_geo_south_australia",
        "country_node_id": "n_geo_australia",
        "point_role": "source_polygon_interior_reference_point",
        "point_place_name": "Far North",
        "source_url": "https://services6.arcgis.com/s8j6JbJJCqmhNgh7/arcgis/rest/services/Wine_Geographical_Indications_Australia/FeatureServer/2/query?where=GI_NUMBER%3D24&outFields=*&outSR=4326&f=geojson",
        "source_coordinate_url": "https://services6.arcgis.com/s8j6JbJJCqmhNgh7/arcgis/rest/services/Wine_Geographical_Indications_Australia/FeatureServer/2/query?where=1%3D1&outFields=*&returnGeometry=true&outSR=4326&f=geojson",
        "source_item_id": "2dd4c385f0ed4d109c2e18ae99e819e2",
        "source_layer_id": 2,
        "source_feature_id": 23,
        "source_gi_number": 24,
        "source_file_sha256": "84601bcde0f164d5a3ab2a51bbe289d17434ed4cbe1873df07c2044cdee7a9f4",
        "source_metadata_sha256": "d57b220dd6c7425298ca95d39b48e636c2568f02ed022d84e4661d1f0bbf0682",
        "source_gi_url": "https://www.wineaustralia.com/labelling/geographical-indicators/labelling-gi-far-north",
        "derivation": "widest verified interior horizontal scanline interval midpoint; 63 evenly spaced scanlines per polygon; holes excluded",
        "retrieved_on": "2026-09-26",
        "license": "CC-BY-4.0",
        "attribution": "Geographical Indications of Australia, © Wine Australia, CC BY 4.0; reference marker derived from official openly licensed GIS polygon.",
        "label_note": "Reference marker inside the official Wine Australia GIS representation. It is not the legal boundary or an official centroid; the textual GI definition takes precedence."
      },
      "geometry": {
        "type": "Point",
        "coordinates": [
          135.00125927817757,
          -31.384431088441403
        ]
      }
    },
    {
      "type": "Feature",
      "properties": {
        "node": "n_geo_au_eastern_plains_inland_and_north_of_western_australia_zone",
        "node_id": "n_geo_au_eastern_plains_inland_and_north_of_western_australia_zone",
        "name": "Eastern Plains, Inland And North Of Western Australia (zone)",
        "parent_node_id": "n_geo_western_australia",
        "country_node_id": "n_geo_australia",
        "point_role": "source_polygon_interior_reference_point",
        "point_place_name": "Eastern Plains, Inland And North Of Western Australia",
        "source_url": "https://services6.arcgis.com/s8j6JbJJCqmhNgh7/arcgis/rest/services/Wine_Geographical_Indications_Australia/FeatureServer/2/query?where=GI_NUMBER%3D27&outFields=*&outSR=4326&f=geojson",
        "source_coordinate_url": "https://services6.arcgis.com/s8j6JbJJCqmhNgh7/arcgis/rest/services/Wine_Geographical_Indications_Australia/FeatureServer/2/query?where=1%3D1&outFields=*&returnGeometry=true&outSR=4326&f=geojson",
        "source_item_id": "2dd4c385f0ed4d109c2e18ae99e819e2",
        "source_layer_id": 2,
        "source_feature_id": 26,
        "source_gi_number": 27,
        "source_file_sha256": "84601bcde0f164d5a3ab2a51bbe289d17434ed4cbe1873df07c2044cdee7a9f4",
        "source_metadata_sha256": "d57b220dd6c7425298ca95d39b48e636c2568f02ed022d84e4661d1f0bbf0682",
        "source_gi_url": "https://www.wineaustralia.com/labelling/geographical-indicators/labelling-gi-east-plains-inland-and-north-wa",
        "derivation": "widest verified interior horizontal scanline interval midpoint; 63 evenly spaced scanlines per polygon; holes excluded",
        "retrieved_on": "2026-09-26",
        "license": "CC-BY-4.0",
        "attribution": "Geographical Indications of Australia, © Wine Australia, CC BY 4.0; reference marker derived from official openly licensed GIS polygon.",
        "label_note": "Reference marker inside the official Wine Australia GIS representation. It is not the legal boundary or an official centroid; the textual GI definition takes precedence."
      },
      "geometry": {
        "type": "Point",
        "coordinates": [
          121.2009683885723,
          -24.399737472802894
        ]
      }
    },
    {
      "type": "Feature",
      "properties": {
        "node": "n_geo_au_western_plains_zone",
        "node_id": "n_geo_au_western_plains_zone",
        "name": "Western Plains (zone)",
        "parent_node_id": "n_geo_new_south_wales",
        "country_node_id": "n_geo_australia",
        "point_role": "source_polygon_interior_reference_point",
        "point_place_name": "Western Plains",
        "source_url": "https://services6.arcgis.com/s8j6JbJJCqmhNgh7/arcgis/rest/services/Wine_Geographical_Indications_Australia/FeatureServer/2/query?where=GI_NUMBER%3D9&outFields=*&outSR=4326&f=geojson",
        "source_coordinate_url": "https://services6.arcgis.com/s8j6JbJJCqmhNgh7/arcgis/rest/services/Wine_Geographical_Indications_Australia/FeatureServer/2/query?where=1%3D1&outFields=*&returnGeometry=true&outSR=4326&f=geojson",
        "source_item_id": "2dd4c385f0ed4d109c2e18ae99e819e2",
        "source_layer_id": 2,
        "source_feature_id": 27,
        "source_gi_number": 9,
        "source_file_sha256": "84601bcde0f164d5a3ab2a51bbe289d17434ed4cbe1873df07c2044cdee7a9f4",
        "source_metadata_sha256": "d57b220dd6c7425298ca95d39b48e636c2568f02ed022d84e4661d1f0bbf0682",
        "source_gi_url": "https://www.wineaustralia.com/labelling/geographical-indicators/labelling-gi-western-plains",
        "derivation": "widest verified interior horizontal scanline interval midpoint; 63 evenly spaced scanlines per polygon; holes excluded",
        "retrieved_on": "2026-09-26",
        "license": "CC-BY-4.0",
        "attribution": "Geographical Indications of Australia, © Wine Australia, CC BY 4.0; reference marker derived from official openly licensed GIS polygon.",
        "label_note": "Reference marker inside the official Wine Australia GIS representation. It is not the legal boundary or an official centroid; the textual GI definition takes precedence."
      },
      "geometry": {
        "type": "Point",
        "coordinates": [
          145.52145461569205,
          -29.07013769376031
        ]
      }
    },
    {
      "type": "Feature",
      "properties": {
        "node": "n_geo_au_queensland_zone",
        "node_id": "n_geo_au_queensland_zone",
        "name": "Queensland (zone)",
        "parent_node_id": "n_geo_australia",
        "country_node_id": "n_geo_australia",
        "point_role": "source_polygon_interior_reference_point",
        "point_place_name": "Queensland",
        "source_url": "https://services6.arcgis.com/s8j6JbJJCqmhNgh7/arcgis/rest/services/Wine_Geographical_Indications_Australia/FeatureServer/2/query?where=GI_NUMBER%3D34&outFields=*&outSR=4326&f=geojson",
        "source_coordinate_url": "https://services6.arcgis.com/s8j6JbJJCqmhNgh7/arcgis/rest/services/Wine_Geographical_Indications_Australia/FeatureServer/2/query?where=1%3D1&outFields=*&returnGeometry=true&outSR=4326&f=geojson",
        "source_item_id": "2dd4c385f0ed4d109c2e18ae99e819e2",
        "source_layer_id": 2,
        "source_feature_id": 28,
        "source_gi_number": 34,
        "source_file_sha256": "84601bcde0f164d5a3ab2a51bbe289d17434ed4cbe1873df07c2044cdee7a9f4",
        "source_metadata_sha256": "d57b220dd6c7425298ca95d39b48e636c2568f02ed022d84e4661d1f0bbf0682",
        "source_gi_url": "https://www.wineaustralia.com/labelling/geographical-indicators/labelling-gi-queensland",
        "derivation": "widest verified interior horizontal scanline interval midpoint; 63 evenly spaced scanlines per polygon; holes excluded",
        "retrieved_on": "2026-09-26",
        "license": "CC-BY-4.0",
        "attribution": "Geographical Indications of Australia, © Wine Australia, CC BY 4.0; reference marker derived from official openly licensed GIS polygon.",
        "label_note": "Reference marker inside the official Wine Australia GIS representation. It is not the legal boundary or an official centroid; the textual GI definition takes precedence."
      },
      "geometry": {
        "type": "Point",
        "coordinates": [
          145.46080565016828,
          -25.710889619782336
        ]
      }
    }
  ]
}
