{
  "type": "FeatureCollection",
  "features": [
    {
      "type": "Feature",
      "properties": {
        "node": "n_geo_catamarca",
        "node_id": "n_geo_catamarca",
        "name": "Catamarca",
        "parent_node_id": "n_geo_argentina",
        "country_node_id": "n_geo_argentina",
        "retrieved_on": "2026-09-26",
        "point_role": "qualified_gazetteer_reference_point",
        "point_place_name": "Catamarca Province",
        "point_description": "Argentina Northwest province of Argentina",
        "wikidata_id": "Q44756",
        "wikidata_coordinate_claim": "q44756$BD199658-96A7-4321-AC08-87AB09F76596",
        "coordinate_precision": 0.0002777777777777778,
        "source_url": "https://www.wikidata.org/wiki/Q44756",
        "source_coordinate_url": "https://www.wikidata.org/wiki/Special:EntityData/Q44756.json",
        "license": "CC0-1.0",
        "label_note": "Exact published reference: Catamarca Province. This does not establish a legal wine-area boundary, official centroid or coextensive municipality."
      },
      "geometry": {
        "type": "Point",
        "coordinates": [
          -65.77916666666667,
          -28.468888888888888
        ]
      }
    },
    {
      "type": "Feature",
      "properties": {
        "node": "n_geo_la_rioja_argentina",
        "node_id": "n_geo_la_rioja_argentina",
        "name": "La Rioja (Argentina)",
        "parent_node_id": "n_geo_argentina",
        "country_node_id": "n_geo_argentina",
        "retrieved_on": "2026-09-26",
        "point_role": "qualified_gazetteer_reference_point",
        "point_place_name": "La Rioja Province, Argentina",
        "point_description": "province of Argentina",
        "wikidata_id": "Q44796",
        "wikidata_coordinate_claim": "q44796$66556F04-1465-4329-9706-7E002782085A",
        "coordinate_precision": 0.0002777777777777778,
        "source_url": "https://www.wikidata.org/wiki/Q44796",
        "source_coordinate_url": "https://www.wikidata.org/wiki/Special:EntityData/Q44796.json",
        "license": "CC0-1.0",
        "label_note": "Exact published reference: La Rioja Province, Argentina. This does not establish a legal wine-area boundary, official centroid or coextensive municipality."
      },
      "geometry": {
        "type": "Point",
        "coordinates": [
          -66.85666666666667,
          -29.413333333333334
        ]
      }
    },
    {
      "type": "Feature",
      "properties": {
        "node": "n_geo_tucuman",
        "node_id": "n_geo_tucuman",
        "name": "Tucumán",
        "parent_node_id": "n_geo_argentina",
        "country_node_id": "n_geo_argentina",
        "retrieved_on": "2026-09-26",
        "point_role": "qualified_gazetteer_reference_point",
        "point_place_name": "Tucumán Province",
        "point_description": "province of Argentina",
        "wikidata_id": "Q44829",
        "wikidata_coordinate_claim": "q44829$2F9A8002-2D1D-4CE6-A88B-48BEF5C06391",
        "coordinate_precision": 0.0166667,
        "source_url": "https://www.wikidata.org/wiki/Q44829",
        "source_coordinate_url": "https://www.wikidata.org/wiki/Special:EntityData/Q44829.json",
        "license": "CC0-1.0",
        "label_note": "Exact published reference: Tucumán Province. This does not establish a legal wine-area boundary, official centroid or coextensive municipality."
      },
      "geometry": {
        "type": "Point",
        "coordinates": [
          -65.5,
          -27
        ]
      }
    },
    {
      "type": "Feature",
      "properties": {
        "node": "n_geo_jujuy",
        "node_id": "n_geo_jujuy",
        "name": "Jujuy",
        "parent_node_id": "n_geo_argentina",
        "country_node_id": "n_geo_argentina",
        "retrieved_on": "2026-09-26",
        "point_role": "qualified_gazetteer_reference_point",
        "point_place_name": "Jujuy Province",
        "point_description": "province of Argentina",
        "wikidata_id": "Q44764",
        "wikidata_coordinate_claim": "q44764$4E26523D-7EB3-4D6B-A3B3-84981EAF347C",
        "coordinate_precision": 0.016666666666667,
        "source_url": "https://www.wikidata.org/wiki/Q44764",
        "source_coordinate_url": "https://www.wikidata.org/wiki/Special:EntityData/Q44764.json",
        "license": "CC0-1.0",
        "label_note": "Exact published reference: Jujuy Province. This does not establish a legal wine-area boundary, official centroid or coextensive municipality."
      },
      "geometry": {
        "type": "Point",
        "coordinates": [
          -65.5,
          -23.75
        ]
      }
    },
    {
      "type": "Feature",
      "properties": {
        "node": "n_geo_chubut",
        "node_id": "n_geo_chubut",
        "name": "Chubut",
        "parent_node_id": "n_geo_argentina",
        "country_node_id": "n_geo_argentina",
        "retrieved_on": "2026-09-26",
        "point_role": "qualified_gazetteer_reference_point",
        "point_place_name": "Chubut Province",
        "point_description": "province of Argentina",
        "wikidata_id": "Q45007",
        "wikidata_coordinate_claim": "q45007$A72BCE38-CB86-4CE8-BB49-EC0B88D087A9",
        "coordinate_precision": 1,
        "source_url": "https://www.wikidata.org/wiki/Q45007",
        "source_coordinate_url": "https://www.wikidata.org/wiki/Special:EntityData/Q45007.json",
        "license": "CC0-1.0",
        "label_note": "Exact published reference: Chubut Province. This does not establish a legal wine-area boundary, official centroid or coextensive municipality."
      },
      "geometry": {
        "type": "Point",
        "coordinates": [
          -65.1,
          -43.3
        ]
      }
    },
    {
      "type": "Feature",
      "properties": {
        "node": "n_geo_la_pampa",
        "node_id": "n_geo_la_pampa",
        "name": "La Pampa",
        "parent_node_id": "n_geo_argentina",
        "country_node_id": "n_geo_argentina",
        "retrieved_on": "2026-09-26",
        "point_role": "qualified_gazetteer_reference_point",
        "point_place_name": "La Pampa Province",
        "point_description": "province of Argentina",
        "wikidata_id": "Q44795",
        "wikidata_coordinate_claim": "q44795$471835D9-37F7-425C-A27B-3391B0E065E0",
        "coordinate_precision": 0.016666666666667,
        "source_url": "https://www.wikidata.org/wiki/Q44795",
        "source_coordinate_url": "https://www.wikidata.org/wiki/Special:EntityData/Q44795.json",
        "license": "CC0-1.0",
        "label_note": "Exact published reference: La Pampa Province. This does not establish a legal wine-area boundary, official centroid or coextensive municipality."
      },
      "geometry": {
        "type": "Point",
        "coordinates": [
          -64.283333333333,
          -36.616666666667
        ]
      }
    },
    {
      "type": "Feature",
      "properties": {
        "node": "n_geo_buenos_aires_province",
        "node_id": "n_geo_buenos_aires_province",
        "name": "Buenos Aires (province)",
        "parent_node_id": "n_geo_argentina",
        "country_node_id": "n_geo_argentina",
        "retrieved_on": "2026-09-26",
        "point_role": "qualified_gazetteer_reference_point",
        "point_place_name": "Buenos Aires Province",
        "point_description": "province of Argentina",
        "wikidata_id": "Q44754",
        "wikidata_coordinate_claim": "q44754$0011638A-A432-4283-927B-1B0546E9A564",
        "coordinate_precision": 1,
        "source_url": "https://www.wikidata.org/wiki/Q44754",
        "source_coordinate_url": "https://www.wikidata.org/wiki/Special:EntityData/Q44754.json",
        "license": "CC0-1.0",
        "label_note": "Exact published reference: Buenos Aires Province. This does not establish a legal wine-area boundary, official centroid or coextensive municipality."
      },
      "geometry": {
        "type": "Point",
        "coordinates": [
          -60,
          -37
        ]
      }
    },
    {
      "type": "Feature",
      "properties": {
        "node": "n_geo_cordoba_argentina",
        "node_id": "n_geo_cordoba_argentina",
        "name": "Córdoba (Argentina)",
        "parent_node_id": "n_geo_argentina",
        "country_node_id": "n_geo_argentina",
        "retrieved_on": "2026-09-26",
        "point_role": "qualified_gazetteer_reference_point",
        "point_place_name": "Córdoba Province, Argentina",
        "point_description": "province of Argentina",
        "wikidata_id": "Q44759",
        "wikidata_coordinate_claim": "Q44759$56BF8A28-754E-4632-A4A6-9F3AC1E777AA",
        "coordinate_precision": 1,
        "source_url": "https://www.wikidata.org/wiki/Q44759",
        "source_coordinate_url": "https://www.wikidata.org/wiki/Special:EntityData/Q44759.json",
        "license": "CC0-1.0",
        "label_note": "Exact published reference: Córdoba Province, Argentina. This does not establish a legal wine-area boundary, official centroid or coextensive municipality."
      },
      "geometry": {
        "type": "Point",
        "coordinates": [
          -64,
          -32
        ]
      }
    },
    {
      "type": "Feature",
      "properties": {
        "node": "n_geo_san_luis_argentina",
        "node_id": "n_geo_san_luis_argentina",
        "name": "San Luis (Argentina)",
        "parent_node_id": "n_geo_argentina",
        "country_node_id": "n_geo_argentina",
        "retrieved_on": "2026-09-26",
        "point_role": "qualified_gazetteer_reference_point",
        "point_place_name": "San Luis Province",
        "point_description": "province of Argentina",
        "wikidata_id": "Q44818",
        "wikidata_coordinate_claim": "q44818$C21913CF-A587-4772-AB4E-9DEF257E706F",
        "coordinate_precision": 0.016666666666667,
        "source_url": "https://www.wikidata.org/wiki/Q44818",
        "source_coordinate_url": "https://www.wikidata.org/wiki/Special:EntityData/Q44818.json",
        "license": "CC0-1.0",
        "label_note": "Exact published reference: San Luis Province. This does not establish a legal wine-area boundary, official centroid or coextensive municipality."
      },
      "geometry": {
        "type": "Point",
        "coordinates": [
          -66.35,
          -33.3
        ]
      }
    },
    {
      "type": "Feature",
      "properties": {
        "node": "n_geo_entre_rios_argentina",
        "node_id": "n_geo_entre_rios_argentina",
        "name": "Entre Ríos (Argentina)",
        "parent_node_id": "n_geo_argentina",
        "country_node_id": "n_geo_argentina",
        "retrieved_on": "2026-09-26",
        "point_role": "qualified_gazetteer_reference_point",
        "point_place_name": "Entre Ríos Province",
        "point_description": "province of Argentina",
        "wikidata_id": "Q44762",
        "wikidata_coordinate_claim": "q44762$ACD347F2-B02E-45FF-930A-38B3DFD577D5",
        "coordinate_precision": 0.1,
        "source_url": "https://www.wikidata.org/wiki/Q44762",
        "source_coordinate_url": "https://www.wikidata.org/wiki/Special:EntityData/Q44762.json",
        "license": "CC0-1.0",
        "label_note": "Exact published reference: Entre Ríos Province. This does not establish a legal wine-area boundary, official centroid or coextensive municipality."
      },
      "geometry": {
        "type": "Point",
        "coordinates": [
          -59.3,
          -32.1
        ]
      }
    },
    {
      "type": "Feature",
      "properties": {
        "node": "n_geo_cuyo_wine",
        "node_id": "n_geo_cuyo_wine",
        "name": "Cuyo (wine GI)",
        "parent_node_id": "n_geo_argentina",
        "country_node_id": "n_geo_argentina",
        "retrieved_on": "2026-09-26",
        "point_role": "qualified_gazetteer_reference_point",
        "point_place_name": "Mendoza, Argentina",
        "point_description": "city in Argentina",
        "wikidata_id": "Q44237",
        "wikidata_coordinate_claim": "q44237$7B90D932-4590-425C-8F10-2F73DEEDD082",
        "coordinate_precision": 0.0002777777777777778,
        "source_url": "https://www.wikidata.org/wiki/Q44237",
        "source_coordinate_url": "https://www.wikidata.org/wiki/Special:EntityData/Q44237.json",
        "license": "CC0-1.0",
        "label_note": "Exact published reference: Mendoza, Argentina. This does not establish a legal wine-area boundary, official centroid or coextensive municipality."
      },
      "geometry": {
        "type": "Point",
        "coordinates": [
          -68.84444444444445,
          -32.889722222222225
        ]
      }
    },
    {
      "type": "Feature",
      "properties": {
        "node": "n_geo_valles_del_famatina",
        "node_id": "n_geo_valles_del_famatina",
        "name": "Valles del Famatina",
        "parent_node_id": "n_geo_la_rioja_argentina",
        "country_node_id": "n_geo_argentina",
        "retrieved_on": "2026-09-26",
        "point_role": "qualified_gazetteer_reference_point",
        "point_place_name": "Chilecito",
        "point_description": "town in La Rioja Province, Argentina",
        "wikidata_id": "Q1072833",
        "wikidata_coordinate_claim": "q1072833$2768AAF2-7A07-4896-B2A6-A286B40F8CA0",
        "coordinate_precision": 0.016666666666667,
        "source_url": "https://www.wikidata.org/wiki/Q1072833",
        "source_coordinate_url": "https://www.wikidata.org/wiki/Special:EntityData/Q1072833.json",
        "license": "CC0-1.0",
        "label_note": "Exact published reference: Chilecito. This does not establish a legal wine-area boundary, official centroid or coextensive municipality."
      },
      "geometry": {
        "type": "Point",
        "coordinates": [
          -67.5,
          -29.166666666667
        ]
      }
    },
    {
      "type": "Feature",
      "properties": {
        "node": "n_geo_valle_de_chanarmuyo",
        "node_id": "n_geo_valle_de_chanarmuyo",
        "name": "Valle de Chañarmuyo",
        "parent_node_id": "n_geo_la_rioja_argentina",
        "country_node_id": "n_geo_argentina",
        "retrieved_on": "2026-09-26",
        "point_role": "qualified_gazetteer_reference_point",
        "point_place_name": "Chañarmuyo",
        "point_description": "municipality and village in La Rioja Province, Argentina",
        "wikidata_id": "Q5088707",
        "wikidata_coordinate_claim": "Q5088707$83E9F361-EF4D-4CFD-9EAF-B0B7754E846C",
        "coordinate_precision": 0.00027777777777778,
        "source_url": "https://www.wikidata.org/wiki/Q5088707",
        "source_coordinate_url": "https://www.wikidata.org/wiki/Special:EntityData/Q5088707.json",
        "license": "CC0-1.0",
        "label_note": "Exact published reference: Chañarmuyo. This does not establish a legal wine-area boundary, official centroid or coextensive municipality."
      },
      "geometry": {
        "type": "Point",
        "coordinates": [
          -67.583055555556,
          -28.603055555556
        ]
      }
    },
    {
      "type": "Feature",
      "properties": {
        "node": "n_geo_tinogasta",
        "node_id": "n_geo_tinogasta",
        "name": "Tinogasta",
        "parent_node_id": "n_geo_catamarca",
        "country_node_id": "n_geo_argentina",
        "retrieved_on": "2026-09-26",
        "point_role": "qualified_gazetteer_reference_point",
        "point_place_name": "Tinogasta",
        "point_description": "human settlement in Argentina",
        "wikidata_id": "Q81563",
        "wikidata_coordinate_claim": "q81563$1940D8B4-E843-48AE-97D3-D6AC51AE476F",
        "coordinate_precision": 0.016666666666667,
        "source_url": "https://www.wikidata.org/wiki/Q81563",
        "source_coordinate_url": "https://www.wikidata.org/wiki/Special:EntityData/Q81563.json",
        "license": "CC0-1.0",
        "label_note": "Exact published reference: Tinogasta. This does not establish a legal wine-area boundary, official centroid or coextensive municipality."
      },
      "geometry": {
        "type": "Point",
        "coordinates": [
          -67.566666666667,
          -28.066666666667
        ]
      }
    },
    {
      "type": "Feature",
      "properties": {
        "node": "n_geo_santa_maria_catamarca",
        "node_id": "n_geo_santa_maria_catamarca",
        "name": "Santa María (Catamarca)",
        "parent_node_id": "n_geo_catamarca",
        "country_node_id": "n_geo_argentina",
        "retrieved_on": "2026-09-26",
        "point_role": "qualified_gazetteer_reference_point",
        "point_place_name": "Santa María, Catamarca",
        "point_description": "human settlement in Catamarca province, Argentina",
        "wikidata_id": "Q1012407",
        "wikidata_coordinate_claim": "q1012407$081E2638-F521-470B-82EA-45C7422D786F",
        "coordinate_precision": 0.000002777777777777778,
        "source_url": "https://www.wikidata.org/wiki/Q1012407",
        "source_coordinate_url": "https://www.wikidata.org/wiki/Special:EntityData/Q1012407.json",
        "license": "CC0-1.0",
        "label_note": "Exact published reference: Santa María, Catamarca. This does not establish a legal wine-area boundary, official centroid or coextensive municipality."
      },
      "geometry": {
        "type": "Point",
        "coordinates": [
          -66.04798333333333,
          -26.694341666666666
        ]
      }
    },
    {
      "type": "Feature",
      "properties": {
        "node": "n_geo_belen_catamarca",
        "node_id": "n_geo_belen_catamarca",
        "name": "Belén (Catamarca)",
        "parent_node_id": "n_geo_catamarca",
        "country_node_id": "n_geo_argentina",
        "retrieved_on": "2026-09-26",
        "point_role": "qualified_gazetteer_reference_point",
        "point_place_name": "Belén, Catamarca",
        "point_description": "city in Catamarca province, Argentina",
        "wikidata_id": "Q934213",
        "wikidata_coordinate_claim": "q934213$AE277CAA-BBDF-49D5-993C-21A9F82740AF",
        "coordinate_precision": 0.016666666666667,
        "source_url": "https://www.wikidata.org/wiki/Q934213",
        "source_coordinate_url": "https://www.wikidata.org/wiki/Special:EntityData/Q934213.json",
        "license": "CC0-1.0",
        "label_note": "Exact published reference: Belén, Catamarca. This does not establish a legal wine-area boundary, official centroid or coextensive municipality."
      },
      "geometry": {
        "type": "Point",
        "coordinates": [
          -67.033333333333,
          -27.65
        ]
      }
    },
    {
      "type": "Feature",
      "properties": {
        "node": "n_geo_tafi_wine",
        "node_id": "n_geo_tafi_wine",
        "name": "Tafí (wine GI)",
        "parent_node_id": "n_geo_tucuman",
        "country_node_id": "n_geo_argentina",
        "retrieved_on": "2026-09-26",
        "point_role": "qualified_gazetteer_reference_point",
        "point_place_name": "Tafí del Valle",
        "point_description": "human settlement",
        "wikidata_id": "Q948534",
        "wikidata_coordinate_claim": "q948534$6B5CCEB0-2E8C-43A8-84EA-6ACBD4F2E917",
        "coordinate_precision": 0.016666666666667,
        "source_url": "https://www.wikidata.org/wiki/Q948534",
        "source_coordinate_url": "https://www.wikidata.org/wiki/Special:EntityData/Q948534.json",
        "license": "CC0-1.0",
        "label_note": "Exact published reference: Tafí del Valle. This does not establish a legal wine-area boundary, official centroid or coextensive municipality."
      },
      "geometry": {
        "type": "Point",
        "coordinates": [
          -65.683333333333,
          -26.866666666667
        ]
      }
    },
    {
      "type": "Feature",
      "properties": {
        "node": "n_geo_quebrada_de_humahuaca",
        "node_id": "n_geo_quebrada_de_humahuaca",
        "name": "Quebrada de Humahuaca",
        "parent_node_id": "n_geo_jujuy",
        "country_node_id": "n_geo_argentina",
        "retrieved_on": "2026-09-26",
        "point_role": "qualified_gazetteer_reference_point",
        "point_place_name": "Quebrada de Humahuaca",
        "point_description": "valley in Argentina",
        "wikidata_id": "Q28061",
        "wikidata_coordinate_claim": "q28061$961330F1-1BBD-4074-91C7-6FB536FF541B",
        "coordinate_precision": 0.000027777777777778,
        "source_url": "https://www.wikidata.org/wiki/Q28061",
        "source_coordinate_url": "https://www.wikidata.org/wiki/Special:EntityData/Q28061.json",
        "license": "CC0-1.0",
        "label_note": "Exact published reference: Quebrada de Humahuaca. This does not establish a legal wine-area boundary, official centroid or coextensive municipality."
      },
      "geometry": {
        "type": "Point",
        "coordinates": [
          -65.348861111111,
          -23.199861111111
        ]
      }
    },
    {
      "type": "Feature",
      "properties": {
        "node": "n_geo_valle_del_tulum",
        "node_id": "n_geo_valle_del_tulum",
        "name": "Valle del Tulum",
        "parent_node_id": "n_geo_san_juan_argentina",
        "country_node_id": "n_geo_argentina",
        "retrieved_on": "2026-09-26",
        "point_role": "qualified_gazetteer_reference_point",
        "point_place_name": "San Juan, Argentina",
        "point_description": "capital of San Juan Province, Argentina",
        "wikidata_id": "Q44241",
        "wikidata_coordinate_claim": "q44241$6496B895-7F78-4E2F-A999-BD9230EB329F",
        "coordinate_precision": 0.00027777777777778,
        "source_url": "https://www.wikidata.org/wiki/Q44241",
        "source_coordinate_url": "https://www.wikidata.org/wiki/Special:EntityData/Q44241.json",
        "license": "CC0-1.0",
        "label_note": "Exact published reference: San Juan, Argentina. This does not establish a legal wine-area boundary, official centroid or coextensive municipality."
      },
      "geometry": {
        "type": "Point",
        "coordinates": [
          -68.536388888889,
          -31.5375
        ]
      }
    },
    {
      "type": "Feature",
      "properties": {
        "node": "n_geo_molinos_salta",
        "node_id": "n_geo_molinos_salta",
        "name": "Molinos (Salta)",
        "parent_node_id": "n_geo_salta",
        "country_node_id": "n_geo_argentina",
        "retrieved_on": "2026-09-26",
        "point_role": "qualified_gazetteer_reference_point",
        "point_place_name": "Molinos, Salta",
        "point_description": "human settlement in Argentina",
        "wikidata_id": "Q1016886",
        "wikidata_coordinate_claim": "Q1016886$0E0A8E4D-3C85-41A6-87A4-0336ED2A7A73",
        "coordinate_precision": 0.016666666666667,
        "source_url": "https://www.wikidata.org/wiki/Q1016886",
        "source_coordinate_url": "https://www.wikidata.org/wiki/Special:EntityData/Q1016886.json",
        "license": "CC0-1.0",
        "label_note": "Exact published reference: Molinos, Salta. This does not establish a legal wine-area boundary, official centroid or coextensive municipality."
      },
      "geometry": {
        "type": "Point",
        "coordinates": [
          -66.316666666667,
          -25.416666666667
        ]
      }
    },
    {
      "type": "Feature",
      "properties": {
        "node": "n_geo_san_carlos_salta",
        "node_id": "n_geo_san_carlos_salta",
        "name": "San Carlos (Salta)",
        "parent_node_id": "n_geo_salta",
        "country_node_id": "n_geo_argentina",
        "retrieved_on": "2026-09-26",
        "point_role": "qualified_gazetteer_reference_point",
        "point_place_name": "San Carlos, Salta",
        "point_description": "village and rural municipality",
        "wikidata_id": "Q2396047",
        "wikidata_coordinate_claim": "Q2396047$835CDC23-EB4C-4FC7-B081-9A9968CDDDA6",
        "coordinate_precision": 0.016666666666667,
        "source_url": "https://www.wikidata.org/wiki/Q2396047",
        "source_coordinate_url": "https://www.wikidata.org/wiki/Special:EntityData/Q2396047.json",
        "license": "CC0-1.0",
        "label_note": "Exact published reference: San Carlos, Salta. This does not establish a legal wine-area boundary, official centroid or coextensive municipality."
      },
      "geometry": {
        "type": "Point",
        "coordinates": [
          -65.93333333,
          -25.9
        ]
      }
    },
    {
      "type": "Feature",
      "properties": {
        "node": "n_geo_anelo_wine",
        "node_id": "n_geo_anelo_wine",
        "name": "Añelo (wine GI)",
        "parent_node_id": "n_geo_neuquen",
        "country_node_id": "n_geo_argentina",
        "retrieved_on": "2026-09-26",
        "point_role": "qualified_gazetteer_reference_point",
        "point_place_name": "Añelo",
        "point_description": "human settlement in Argentina",
        "wikidata_id": "Q794673",
        "wikidata_coordinate_claim": "q794673$75723BEB-193D-4C08-9B18-2219D38DAEAD",
        "coordinate_precision": 0.00027777777777778,
        "source_url": "https://www.wikidata.org/wiki/Q794673",
        "source_coordinate_url": "https://www.wikidata.org/wiki/Special:EntityData/Q794673.json",
        "license": "CC0-1.0",
        "label_note": "Exact published reference: Añelo. This does not establish a legal wine-area boundary, official centroid or coextensive municipality."
      },
      "geometry": {
        "type": "Point",
        "coordinates": [
          -68.783333333333,
          -38.35
        ]
      }
    },
    {
      "type": "Feature",
      "properties": {
        "node": "n_geo_trevelin_wine",
        "node_id": "n_geo_trevelin_wine",
        "name": "Trevelin (wine GI)",
        "parent_node_id": "n_geo_chubut",
        "country_node_id": "n_geo_argentina",
        "retrieved_on": "2026-09-26",
        "point_role": "qualified_gazetteer_reference_point",
        "point_place_name": "Trevelin",
        "point_description": "human settlement in Argentina",
        "wikidata_id": "Q2368288",
        "wikidata_coordinate_claim": "q2368288$DD13DF39-C1B5-4872-8198-C62C8FD3A06C",
        "coordinate_precision": 0.016666666666667,
        "source_url": "https://www.wikidata.org/wiki/Q2368288",
        "source_coordinate_url": "https://www.wikidata.org/wiki/Special:EntityData/Q2368288.json",
        "license": "CC0-1.0",
        "label_note": "Exact published reference: Trevelin. This does not establish a legal wine-area boundary, official centroid or coextensive municipality."
      },
      "geometry": {
        "type": "Point",
        "coordinates": [
          -71.466666666667,
          -43.083333333333
        ]
      }
    },
    {
      "type": "Feature",
      "properties": {
        "node": "n_geo_victoria_entre_rios_wine",
        "node_id": "n_geo_victoria_entre_rios_wine",
        "name": "Victoria, Entre Ríos (wine GI)",
        "parent_node_id": "n_geo_entre_rios_argentina",
        "country_node_id": "n_geo_argentina",
        "retrieved_on": "2026-09-26",
        "point_role": "qualified_gazetteer_reference_point",
        "point_place_name": "Victoria, Entre Ríos",
        "point_description": "city in Entre Rios, Argentina",
        "wikidata_id": "Q1905080",
        "wikidata_coordinate_claim": "q1905080$6AE41672-2659-40EC-A6EF-72CCE9674007",
        "coordinate_precision": 0.016666666666667,
        "source_url": "https://www.wikidata.org/wiki/Q1905080",
        "source_coordinate_url": "https://www.wikidata.org/wiki/Special:EntityData/Q1905080.json",
        "license": "CC0-1.0",
        "label_note": "Exact published reference: Victoria, Entre Ríos. This does not establish a legal wine-area boundary, official centroid or coextensive municipality."
      },
      "geometry": {
        "type": "Point",
        "coordinates": [
          -60.166666666667,
          -32.616666666667
        ]
      }
    },
    {
      "type": "Feature",
      "properties": {
        "node": "n_geo_la_consulta",
        "node_id": "n_geo_la_consulta",
        "name": "La Consulta",
        "parent_node_id": "n_geo_san_carlos_mendoza",
        "country_node_id": "n_geo_argentina",
        "retrieved_on": "2026-09-26",
        "point_role": "qualified_gazetteer_reference_point",
        "point_place_name": "La Consulta",
        "point_description": "town in Mendoza province, Argentina",
        "wikidata_id": "Q1246763",
        "wikidata_coordinate_claim": "q1246763$98D81999-70C9-4619-84D5-17EFDC6F3089",
        "coordinate_precision": 0.00027777777777778,
        "source_url": "https://www.wikidata.org/wiki/Q1246763",
        "source_coordinate_url": "https://www.wikidata.org/wiki/Special:EntityData/Q1246763.json",
        "license": "CC0-1.0",
        "label_note": "Exact published reference: La Consulta. This does not establish a legal wine-area boundary, official centroid or coextensive municipality."
      },
      "geometry": {
        "type": "Point",
        "coordinates": [
          -69.1179,
          -33.7331
        ]
      }
    },
    {
      "type": "Feature",
      "properties": {
        "node": "n_geo_lunlunta",
        "node_id": "n_geo_lunlunta",
        "name": "Lunlunta",
        "parent_node_id": "n_geo_maipu",
        "country_node_id": "n_geo_argentina",
        "retrieved_on": "2026-09-26",
        "point_role": "qualified_gazetteer_reference_point",
        "point_place_name": "Lunlunta",
        "point_description": "human settlement in Argentina",
        "wikidata_id": "Q9025572",
        "wikidata_coordinate_claim": "q9025572$19831D62-BEBD-46AA-A4E2-E76CB07D379E",
        "coordinate_precision": 1e-7,
        "source_url": "https://www.wikidata.org/wiki/Q9025572",
        "source_coordinate_url": "https://www.wikidata.org/wiki/Special:EntityData/Q9025572.json",
        "license": "CC0-1.0",
        "label_note": "Exact published reference: Lunlunta. This does not establish a legal wine-area boundary, official centroid or coextensive municipality."
      },
      "geometry": {
        "type": "Point",
        "coordinates": [
          -68.8326791,
          -33.0349771
        ]
      }
    },
    {
      "type": "Feature",
      "properties": {
        "node": "n_geo_lavalle_mendoza",
        "node_id": "n_geo_lavalle_mendoza",
        "name": "Lavalle / Desierto de Lavalle",
        "parent_node_id": "n_geo_mendoza",
        "country_node_id": "n_geo_argentina",
        "retrieved_on": "2026-09-26",
        "point_role": "qualified_gazetteer_reference_point",
        "point_place_name": "Lavalle Department, Mendoza",
        "point_description": "department located in the northeast of Mendoza Province in Argentina",
        "wikidata_id": "Q426743",
        "wikidata_coordinate_claim": "q426743$B5E814FE-9C64-444F-ABF3-EE4798DA48E5",
        "coordinate_precision": 0.016666666666667,
        "source_url": "https://www.wikidata.org/wiki/Q426743",
        "source_coordinate_url": "https://www.wikidata.org/wiki/Special:EntityData/Q426743.json",
        "license": "CC0-1.0",
        "label_note": "Exact published reference: Lavalle Department, Mendoza. This does not establish a legal wine-area boundary, official centroid or coextensive municipality."
      },
      "geometry": {
        "type": "Point",
        "coordinates": [
          -68.583333333333,
          -32.716666666667
        ]
      }
    },
    {
      "type": "Feature",
      "properties": {
        "node": "n_geo_san_martin_mendoza",
        "node_id": "n_geo_san_martin_mendoza",
        "name": "San Martín (Mendoza)",
        "parent_node_id": "n_geo_mendoza",
        "country_node_id": "n_geo_argentina",
        "retrieved_on": "2026-09-26",
        "point_role": "qualified_gazetteer_reference_point",
        "point_place_name": "San Martín, Mendoza",
        "point_description": "city in the Mendoza Province, Argentina",
        "wikidata_id": "Q1806934",
        "wikidata_coordinate_claim": "q1806934$EA012A15-A97F-4304-B424-9073AAFE34E8",
        "coordinate_precision": 0.00027777777777778,
        "source_url": "https://www.wikidata.org/wiki/Q1806934",
        "source_coordinate_url": "https://www.wikidata.org/wiki/Special:EntityData/Q1806934.json",
        "license": "CC0-1.0",
        "label_note": "Exact published reference: San Martín, Mendoza. This does not establish a legal wine-area boundary, official centroid or coextensive municipality."
      },
      "geometry": {
        "type": "Point",
        "coordinates": [
          -68.470555555556,
          -33.080555555556
        ]
      }
    },
    {
      "type": "Feature",
      "properties": {
        "node": "n_geo_rivadavia_mendoza",
        "node_id": "n_geo_rivadavia_mendoza",
        "name": "Rivadavia (Mendoza)",
        "parent_node_id": "n_geo_mendoza",
        "country_node_id": "n_geo_argentina",
        "retrieved_on": "2026-09-26",
        "point_role": "qualified_gazetteer_reference_point",
        "point_place_name": "Rivadavia, Mendoza",
        "point_description": "city in Mendoza Province, Argentina",
        "wikidata_id": "Q3117988",
        "wikidata_coordinate_claim": "Q3117988$C92FF501-6A63-4CAB-9132-3F2519F14933",
        "coordinate_precision": 0.1,
        "source_url": "https://www.wikidata.org/wiki/Q3117988",
        "source_coordinate_url": "https://www.wikidata.org/wiki/Special:EntityData/Q3117988.json",
        "license": "CC0-1.0",
        "label_note": "Exact published reference: Rivadavia, Mendoza. This does not establish a legal wine-area boundary, official centroid or coextensive municipality."
      },
      "geometry": {
        "type": "Point",
        "coordinates": [
          -68.4667,
          -33.1833
        ]
      }
    },
    {
      "type": "Feature",
      "properties": {
        "node": "n_geo_general_alvear_mendoza",
        "node_id": "n_geo_general_alvear_mendoza",
        "name": "General Alvear (Mendoza)",
        "parent_node_id": "n_geo_mendoza",
        "country_node_id": "n_geo_argentina",
        "retrieved_on": "2026-09-26",
        "point_role": "qualified_gazetteer_reference_point",
        "point_place_name": "General Alvear, Mendoza",
        "point_description": "city in Mendoza Province, Argentina",
        "wikidata_id": "Q2284679",
        "wikidata_coordinate_claim": "q2284679$DF7C1EE9-9385-4ABE-9E32-07E70DCE5FBE",
        "coordinate_precision": 1e-8,
        "source_url": "https://www.wikidata.org/wiki/Q2284679",
        "source_coordinate_url": "https://www.wikidata.org/wiki/Special:EntityData/Q2284679.json",
        "license": "CC0-1.0",
        "label_note": "Exact published reference: General Alvear, Mendoza. This does not establish a legal wine-area boundary, official centroid or coextensive municipality."
      },
      "geometry": {
        "type": "Point",
        "coordinates": [
          -67.68936318249403,
          -34.97803351663861
        ]
      }
    },
    {
      "type": "Feature",
      "properties": {
        "node": "n_geo_atacama_wine",
        "node_id": "n_geo_atacama_wine",
        "name": "Atacama (wine region)",
        "parent_node_id": "n_geo_chile",
        "country_node_id": "n_geo_chile",
        "retrieved_on": "2026-09-26",
        "point_role": "qualified_gazetteer_reference_point",
        "point_place_name": "Atacama Region",
        "point_description": "administrative division of Chile",
        "wikidata_id": "Q2120",
        "wikidata_coordinate_claim": "q2120$8B1BF941-05DC-4B3F-8D90-A34D537C02E2",
        "coordinate_precision": 1,
        "source_url": "https://www.wikidata.org/wiki/Q2120",
        "source_coordinate_url": "https://www.wikidata.org/wiki/Special:EntityData/Q2120.json",
        "license": "CC0-1.0",
        "label_note": "Exact published reference: Atacama Region. This does not establish a legal wine-area boundary, official centroid or coextensive municipality."
      },
      "geometry": {
        "type": "Point",
        "coordinates": [
          -70.332222222222,
          -27.366666666667
        ]
      }
    },
    {
      "type": "Feature",
      "properties": {
        "node": "n_geo_copiapo_valley",
        "node_id": "n_geo_copiapo_valley",
        "name": "Copiapó Valley",
        "parent_node_id": "n_geo_atacama_wine",
        "country_node_id": "n_geo_chile",
        "retrieved_on": "2026-09-26",
        "point_role": "qualified_gazetteer_reference_point",
        "point_place_name": "Copiapó",
        "point_description": "city in northern Chile",
        "wikidata_id": "Q3868",
        "wikidata_coordinate_claim": "q3868$A22ED901-DF4E-43D8-A1ED-16F66E72BC3B",
        "coordinate_precision": 0.0001,
        "source_url": "https://www.wikidata.org/wiki/Q3868",
        "source_coordinate_url": "https://www.wikidata.org/wiki/Special:EntityData/Q3868.json",
        "license": "CC0-1.0",
        "label_note": "Exact published reference: Copiapó. This does not establish a legal wine-area boundary, official centroid or coextensive municipality."
      },
      "geometry": {
        "type": "Point",
        "coordinates": [
          -70.3323,
          -27.3665
        ]
      }
    },
    {
      "type": "Feature",
      "properties": {
        "node": "n_geo_huasco_valley",
        "node_id": "n_geo_huasco_valley",
        "name": "Huasco Valley",
        "parent_node_id": "n_geo_atacama_wine",
        "country_node_id": "n_geo_chile",
        "retrieved_on": "2026-09-26",
        "point_role": "qualified_gazetteer_reference_point",
        "point_place_name": "Vallenar",
        "point_description": "city in Chile",
        "wikidata_id": "Q200978",
        "wikidata_coordinate_claim": "q200978$60726B20-CB87-427B-9032-FA6156F0C9BE",
        "coordinate_precision": 0.0001,
        "source_url": "https://www.wikidata.org/wiki/Q200978",
        "source_coordinate_url": "https://www.wikidata.org/wiki/Special:EntityData/Q200978.json",
        "license": "CC0-1.0",
        "label_note": "Exact published reference: Vallenar. This does not establish a legal wine-area boundary, official centroid or coextensive municipality."
      },
      "geometry": {
        "type": "Point",
        "coordinates": [
          -70.7616,
          -28.5751
        ]
      }
    },
    {
      "type": "Feature",
      "properties": {
        "node": "n_geo_lontue_valley",
        "node_id": "n_geo_lontue_valley",
        "name": "Lontué Valley",
        "parent_node_id": "n_geo_curico",
        "country_node_id": "n_geo_chile",
        "retrieved_on": "2026-09-26",
        "point_role": "qualified_gazetteer_reference_point",
        "point_place_name": "Molina, Chile",
        "point_description": "Chilean city and commune",
        "wikidata_id": "Q51033",
        "wikidata_coordinate_claim": "q51033$B2560D9D-418F-49C4-897B-07F01CFB21D6",
        "coordinate_precision": 0.00027777777777778,
        "source_url": "https://www.wikidata.org/wiki/Q51033",
        "source_coordinate_url": "https://www.wikidata.org/wiki/Special:EntityData/Q51033.json",
        "license": "CC0-1.0",
        "label_note": "Exact published reference: Molina, Chile. This does not establish a legal wine-area boundary, official centroid or coextensive municipality."
      },
      "geometry": {
        "type": "Point",
        "coordinates": [
          -71.305555555556,
          -35.113055555556
        ]
      }
    },
    {
      "type": "Feature",
      "properties": {
        "node": "n_geo_claro_valley",
        "node_id": "n_geo_claro_valley",
        "name": "Claro Valley",
        "parent_node_id": "n_geo_maule",
        "country_node_id": "n_geo_chile",
        "retrieved_on": "2026-09-26",
        "point_role": "qualified_gazetteer_reference_point",
        "point_place_name": "Talca",
        "point_description": "city in Chile",
        "wikidata_id": "Q4469",
        "wikidata_coordinate_claim": "q4469$1BF78988-8B34-4774-ABCF-DC41496492F3",
        "coordinate_precision": 0.0002777777777777778,
        "source_url": "https://www.wikidata.org/wiki/Q4469",
        "source_coordinate_url": "https://www.wikidata.org/wiki/Special:EntityData/Q4469.json",
        "license": "CC0-1.0",
        "label_note": "Exact published reference: Talca. This does not establish a legal wine-area boundary, official centroid or coextensive municipality."
      },
      "geometry": {
        "type": "Point",
        "coordinates": [
          -71.66555555555556,
          -35.426944444444445
        ]
      }
    },
    {
      "type": "Feature",
      "properties": {
        "node": "n_geo_loncomilla_valley",
        "node_id": "n_geo_loncomilla_valley",
        "name": "Loncomilla Valley",
        "parent_node_id": "n_geo_maule",
        "country_node_id": "n_geo_chile",
        "retrieved_on": "2026-09-26",
        "point_role": "qualified_gazetteer_reference_point",
        "point_place_name": "San Javier, Chile",
        "point_description": "city in Maule, Chile",
        "wikidata_id": "Q187831",
        "wikidata_coordinate_claim": "q187831$CD58F649-4BC2-468D-8796-E63C18111243",
        "coordinate_precision": 0.0001,
        "source_url": "https://www.wikidata.org/wiki/Q187831",
        "source_coordinate_url": "https://www.wikidata.org/wiki/Special:EntityData/Q187831.json",
        "license": "CC0-1.0",
        "label_note": "Exact published reference: San Javier, Chile. This does not establish a legal wine-area boundary, official centroid or coextensive municipality."
      },
      "geometry": {
        "type": "Point",
        "coordinates": [
          -71.7353,
          -35.5924
        ]
      }
    },
    {
      "type": "Feature",
      "properties": {
        "node": "n_geo_tutuven_valley",
        "node_id": "n_geo_tutuven_valley",
        "name": "Tutuvén Valley",
        "parent_node_id": "n_geo_maule",
        "country_node_id": "n_geo_chile",
        "retrieved_on": "2026-09-26",
        "point_role": "qualified_gazetteer_reference_point",
        "point_place_name": "Cauquenes",
        "point_description": "city in Chile",
        "wikidata_id": "Q3749",
        "wikidata_coordinate_claim": "q3749$A3A870A5-C8B5-4BF7-86A9-A08414E8C0FF",
        "coordinate_precision": 0.00001,
        "source_url": "https://www.wikidata.org/wiki/Q3749",
        "source_coordinate_url": "https://www.wikidata.org/wiki/Special:EntityData/Q3749.json",
        "license": "CC0-1.0",
        "label_note": "Exact published reference: Cauquenes. This does not establish a legal wine-area boundary, official centroid or coextensive municipality."
      },
      "geometry": {
        "type": "Point",
        "coordinates": [
          -72.31543,
          -35.96713
        ]
      }
    },
    {
      "type": "Feature",
      "properties": {
        "node": "n_geo_pirque_wine",
        "node_id": "n_geo_pirque_wine",
        "name": "Pirque (wine area)",
        "parent_node_id": "n_geo_maipo",
        "country_node_id": "n_geo_chile",
        "retrieved_on": "2026-09-26",
        "point_role": "qualified_gazetteer_reference_point",
        "point_place_name": "Pirque",
        "point_description": "commune of Chile",
        "wikidata_id": "Q51113",
        "wikidata_coordinate_claim": "q51113$591501FC-7C15-46D5-9C09-2878002A73B0",
        "coordinate_precision": 0.0001,
        "source_url": "https://www.wikidata.org/wiki/Q51113",
        "source_coordinate_url": "https://www.wikidata.org/wiki/Special:EntityData/Q51113.json",
        "license": "CC0-1.0",
        "label_note": "Exact published reference: Pirque. This does not establish a legal wine-area boundary, official centroid or coextensive municipality."
      },
      "geometry": {
        "type": "Point",
        "coordinates": [
          -70.5729,
          -33.6352
        ]
      }
    },
    {
      "type": "Feature",
      "properties": {
        "node": "n_geo_puente_alto_wine",
        "node_id": "n_geo_puente_alto_wine",
        "name": "Puente Alto (wine area)",
        "parent_node_id": "n_geo_maipo",
        "country_node_id": "n_geo_chile",
        "retrieved_on": "2026-09-26",
        "point_role": "qualified_gazetteer_reference_point",
        "point_place_name": "Puente Alto",
        "point_description": "city and commune of Chile",
        "wikidata_id": "Q51594",
        "wikidata_coordinate_claim": "q51594$A11C6930-35EA-4B72-9ECC-1ABB34EB7FEF",
        "coordinate_precision": 0.016666666666667,
        "source_url": "https://www.wikidata.org/wiki/Q51594",
        "source_coordinate_url": "https://www.wikidata.org/wiki/Special:EntityData/Q51594.json",
        "license": "CC0-1.0",
        "label_note": "Exact published reference: Puente Alto. This does not establish a legal wine-area boundary, official centroid or coextensive municipality."
      },
      "geometry": {
        "type": "Point",
        "coordinates": [
          -70.583333333333,
          -33.616666666667
        ]
      }
    },
    {
      "type": "Feature",
      "properties": {
        "node": "n_geo_isla_de_maipo_wine",
        "node_id": "n_geo_isla_de_maipo_wine",
        "name": "Isla de Maipo (wine area)",
        "parent_node_id": "n_geo_maipo",
        "country_node_id": "n_geo_chile",
        "retrieved_on": "2026-09-26",
        "point_role": "qualified_gazetteer_reference_point",
        "point_place_name": "Isla de Maipo",
        "point_description": "commune of Chile",
        "wikidata_id": "Q14445",
        "wikidata_coordinate_claim": "q14445$896DBC6A-5BE6-42B4-87EF-B5B9BEE00E5F",
        "coordinate_precision": 0.016666666666667,
        "source_url": "https://www.wikidata.org/wiki/Q14445",
        "source_coordinate_url": "https://www.wikidata.org/wiki/Special:EntityData/Q14445.json",
        "license": "CC0-1.0",
        "label_note": "Exact published reference: Isla de Maipo. This does not establish a legal wine-area boundary, official centroid or coextensive municipality."
      },
      "geometry": {
        "type": "Point",
        "coordinates": [
          -70.9,
          -33.75
        ]
      }
    },
    {
      "type": "Feature",
      "properties": {
        "node": "n_geo_peumo_wine",
        "node_id": "n_geo_peumo_wine",
        "name": "Peumo (wine area)",
        "parent_node_id": "n_geo_cachapoal",
        "country_node_id": "n_geo_chile",
        "retrieved_on": "2026-09-26",
        "point_role": "qualified_gazetteer_reference_point",
        "point_place_name": "Peumo",
        "point_description": "commune of Chile",
        "wikidata_id": "Q51097",
        "wikidata_coordinate_claim": "q51097$8F030684-94CA-4C24-9E47-D68A8C1BB695",
        "coordinate_precision": 0.016666666666667,
        "source_url": "https://www.wikidata.org/wiki/Q51097",
        "source_coordinate_url": "https://www.wikidata.org/wiki/Special:EntityData/Q51097.json",
        "license": "CC0-1.0",
        "label_note": "Exact published reference: Peumo. This does not establish a legal wine-area boundary, official centroid or coextensive municipality."
      },
      "geometry": {
        "type": "Point",
        "coordinates": [
          -71.166666666667,
          -34.4
        ]
      }
    },
    {
      "type": "Feature",
      "properties": {
        "node": "n_geo_rancagua_wine",
        "node_id": "n_geo_rancagua_wine",
        "name": "Rancagua (wine area)",
        "parent_node_id": "n_geo_cachapoal",
        "country_node_id": "n_geo_chile",
        "retrieved_on": "2026-09-26",
        "point_role": "qualified_gazetteer_reference_point",
        "point_place_name": "Rancagua",
        "point_description": "city in O'Higgins Region, Chile",
        "wikidata_id": "Q4582",
        "wikidata_coordinate_claim": "q4582$DCC22D18-25DB-4170-AAAA-7CA7AC8FADD5",
        "coordinate_precision": 0.000027777777777778,
        "source_url": "https://www.wikidata.org/wiki/Q4582",
        "source_coordinate_url": "https://www.wikidata.org/wiki/Special:EntityData/Q4582.json",
        "license": "CC0-1.0",
        "label_note": "Exact published reference: Rancagua. This does not establish a legal wine-area boundary, official centroid or coextensive municipality."
      },
      "geometry": {
        "type": "Point",
        "coordinates": [
          -70.739805555556,
          -34.165388888889
        ]
      }
    },
    {
      "type": "Feature",
      "properties": {
        "node": "n_geo_requinoa_wine",
        "node_id": "n_geo_requinoa_wine",
        "name": "Requínoa (wine area)",
        "parent_node_id": "n_geo_cachapoal",
        "country_node_id": "n_geo_chile",
        "retrieved_on": "2026-09-26",
        "point_role": "qualified_gazetteer_reference_point",
        "point_place_name": "Requínoa",
        "point_description": "commune of Chile",
        "wikidata_id": "Q56121",
        "wikidata_coordinate_claim": "q56121$C95A6843-BDEA-4536-8743-D73756332CDB",
        "coordinate_precision": 0.016666666666667,
        "source_url": "https://www.wikidata.org/wiki/Q56121",
        "source_coordinate_url": "https://www.wikidata.org/wiki/Special:EntityData/Q56121.json",
        "license": "CC0-1.0",
        "label_note": "Exact published reference: Requínoa. This does not establish a legal wine-area boundary, official centroid or coextensive municipality."
      },
      "geometry": {
        "type": "Point",
        "coordinates": [
          -70.833333333333,
          -34.283333333333
        ]
      }
    },
    {
      "type": "Feature",
      "properties": {
        "node": "n_geo_rengo_wine",
        "node_id": "n_geo_rengo_wine",
        "name": "Rengo (wine area)",
        "parent_node_id": "n_geo_cachapoal",
        "country_node_id": "n_geo_chile",
        "retrieved_on": "2026-09-26",
        "point_role": "qualified_gazetteer_reference_point",
        "point_place_name": "Rengo",
        "point_description": "Chilean city",
        "wikidata_id": "Q56120",
        "wikidata_coordinate_claim": "q56120$4505759F-7A40-476D-A6F1-C700DA32CF9A",
        "coordinate_precision": 0.0002777777777777778,
        "source_url": "https://www.wikidata.org/wiki/Q56120",
        "source_coordinate_url": "https://www.wikidata.org/wiki/Special:EntityData/Q56120.json",
        "license": "CC0-1.0",
        "label_note": "Exact published reference: Rengo. This does not establish a legal wine-area boundary, official centroid or coextensive municipality."
      },
      "geometry": {
        "type": "Point",
        "coordinates": [
          -70.8625,
          -34.40694444444444
        ]
      }
    },
    {
      "type": "Feature",
      "properties": {
        "node": "n_geo_santa_cruz_chile_wine",
        "node_id": "n_geo_santa_cruz_chile_wine",
        "name": "Santa Cruz (Chilean wine area)",
        "parent_node_id": "n_geo_colchagua",
        "country_node_id": "n_geo_chile",
        "retrieved_on": "2026-09-26",
        "point_role": "qualified_gazetteer_reference_point",
        "point_place_name": "Santa Cruz, Chile",
        "point_description": "Chilean city and commune",
        "wikidata_id": "Q187969",
        "wikidata_coordinate_claim": "q187969$8D916652-27BA-4837-AF0E-A8E172AE2074",
        "coordinate_precision": 0.016666666666667,
        "source_url": "https://www.wikidata.org/wiki/Q187969",
        "source_coordinate_url": "https://www.wikidata.org/wiki/Special:EntityData/Q187969.json",
        "license": "CC0-1.0",
        "label_note": "Exact published reference: Santa Cruz, Chile. This does not establish a legal wine-area boundary, official centroid or coextensive municipality."
      },
      "geometry": {
        "type": "Point",
        "coordinates": [
          -71.366666666667,
          -34.633333333333
        ]
      }
    },
    {
      "type": "Feature",
      "properties": {
        "node": "n_geo_palmilla_wine",
        "node_id": "n_geo_palmilla_wine",
        "name": "Palmilla (wine area)",
        "parent_node_id": "n_geo_colchagua",
        "country_node_id": "n_geo_chile",
        "retrieved_on": "2026-09-26",
        "point_role": "qualified_gazetteer_reference_point",
        "point_place_name": "Palmilla",
        "point_description": "city and commune in Colchagua Province, Chile",
        "wikidata_id": "Q51074",
        "wikidata_coordinate_claim": "q51074$AAB5D8E5-0D4E-4E9E-936F-81F52B1B7EF0",
        "coordinate_precision": 0.016666666666667,
        "source_url": "https://www.wikidata.org/wiki/Q51074",
        "source_coordinate_url": "https://www.wikidata.org/wiki/Special:EntityData/Q51074.json",
        "license": "CC0-1.0",
        "label_note": "Exact published reference: Palmilla. This does not establish a legal wine-area boundary, official centroid or coextensive municipality."
      },
      "geometry": {
        "type": "Point",
        "coordinates": [
          -71.366666666667,
          -34.6
        ]
      }
    },
    {
      "type": "Feature",
      "properties": {
        "node": "n_geo_peralillo_wine",
        "node_id": "n_geo_peralillo_wine",
        "name": "Peralillo (wine area)",
        "parent_node_id": "n_geo_colchagua",
        "country_node_id": "n_geo_chile",
        "retrieved_on": "2026-09-26",
        "point_role": "qualified_gazetteer_reference_point",
        "point_place_name": "Peralillo",
        "point_description": "commune of Chile",
        "wikidata_id": "Q51095",
        "wikidata_coordinate_claim": "q51095$684DFC65-FC24-441F-8E0B-E4C0EE708418",
        "coordinate_precision": 0.016666666666667,
        "source_url": "https://www.wikidata.org/wiki/Q51095",
        "source_coordinate_url": "https://www.wikidata.org/wiki/Special:EntityData/Q51095.json",
        "license": "CC0-1.0",
        "label_note": "Exact published reference: Peralillo. This does not establish a legal wine-area boundary, official centroid or coextensive municipality."
      },
      "geometry": {
        "type": "Point",
        "coordinates": [
          -71.483333333333,
          -34.483333333333
        ]
      }
    },
    {
      "type": "Feature",
      "properties": {
        "node": "n_geo_lolol_wine",
        "node_id": "n_geo_lolol_wine",
        "name": "Lolol (wine area)",
        "parent_node_id": "n_geo_colchagua",
        "country_node_id": "n_geo_chile",
        "retrieved_on": "2026-09-26",
        "point_role": "qualified_gazetteer_reference_point",
        "point_place_name": "Lolol",
        "point_description": "Chilean commune and town",
        "wikidata_id": "Q16899",
        "wikidata_coordinate_claim": "q16899$E80E0533-C3D1-49DB-8327-1D756126E195",
        "coordinate_precision": 0.00027777777777778,
        "source_url": "https://www.wikidata.org/wiki/Q16899",
        "source_coordinate_url": "https://www.wikidata.org/wiki/Special:EntityData/Q16899.json",
        "license": "CC0-1.0",
        "label_note": "Exact published reference: Lolol. This does not establish a legal wine-area boundary, official centroid or coextensive municipality."
      },
      "geometry": {
        "type": "Point",
        "coordinates": [
          -71.644722222222,
          -34.728611111111
        ]
      }
    },
    {
      "type": "Feature",
      "properties": {
        "node": "n_geo_marchigue_wine",
        "node_id": "n_geo_marchigue_wine",
        "name": "Marchigüe (wine area)",
        "parent_node_id": "n_geo_colchagua",
        "country_node_id": "n_geo_chile",
        "retrieved_on": "2026-09-26",
        "point_role": "qualified_gazetteer_reference_point",
        "point_place_name": "Marchigüe",
        "point_description": "Chilean commune",
        "wikidata_id": "Q16921",
        "wikidata_coordinate_claim": "q16921$A8C61304-D6C4-4C93-AECD-03CD2DD4A5EB",
        "coordinate_precision": 0.016666666666667,
        "source_url": "https://www.wikidata.org/wiki/Q16921",
        "source_coordinate_url": "https://www.wikidata.org/wiki/Special:EntityData/Q16921.json",
        "license": "CC0-1.0",
        "label_note": "Exact published reference: Marchigüe. This does not establish a legal wine-area boundary, official centroid or coextensive municipality."
      },
      "geometry": {
        "type": "Point",
        "coordinates": [
          -71.633333333333,
          -34.4
        ]
      }
    },
    {
      "type": "Feature",
      "properties": {
        "node": "n_geo_apalta_wine",
        "node_id": "n_geo_apalta_wine",
        "name": "Apalta (wine area)",
        "parent_node_id": "n_geo_colchagua",
        "country_node_id": "n_geo_chile",
        "retrieved_on": "2026-09-26",
        "point_role": "qualified_gazetteer_reference_point",
        "point_place_name": "Apalta",
        "point_description": "village in O'Higgins Region, Chile",
        "wikidata_id": "Q4779016",
        "wikidata_coordinate_claim": "Q4779016$50578464-4dcd-e983-10b0-c4e18fe2e98e",
        "coordinate_precision": 1e-8,
        "source_url": "https://www.wikidata.org/wiki/Q4779016",
        "source_coordinate_url": "https://www.wikidata.org/wiki/Special:EntityData/Q4779016.json",
        "license": "CC0-1.0",
        "label_note": "Exact published reference: Apalta. This does not establish a legal wine-area boundary, official centroid or coextensive municipality."
      },
      "geometry": {
        "type": "Point",
        "coordinates": [
          -71.35017730448712,
          -34.63657072457749
        ]
      }
    },
    {
      "type": "Feature",
      "properties": {
        "node": "n_geo_licanten_wine",
        "node_id": "n_geo_licanten_wine",
        "name": "Licantén (wine area)",
        "parent_node_id": "n_geo_curico",
        "country_node_id": "n_geo_chile",
        "retrieved_on": "2026-09-26",
        "point_role": "qualified_gazetteer_reference_point",
        "point_place_name": "Licantén",
        "point_description": "town in Chile",
        "wikidata_id": "Q14490",
        "wikidata_coordinate_claim": "q14490$926CB96F-9865-497D-A927-B7AFF948DEFF",
        "coordinate_precision": 0.016666666666667,
        "source_url": "https://www.wikidata.org/wiki/Q14490",
        "source_coordinate_url": "https://www.wikidata.org/wiki/Special:EntityData/Q14490.json",
        "license": "CC0-1.0",
        "label_note": "Exact published reference: Licantén. This does not establish a legal wine-area boundary, official centroid or coextensive municipality."
      },
      "geometry": {
        "type": "Point",
        "coordinates": [
          -72,
          -34.983333333333
        ]
      }
    },
    {
      "type": "Feature",
      "properties": {
        "node": "n_geo_austral_chile_wine",
        "node_id": "n_geo_austral_chile_wine",
        "name": "Austral (Chilean wine region)",
        "parent_node_id": "n_geo_chile",
        "country_node_id": "n_geo_chile",
        "retrieved_on": "2026-09-26",
        "point_role": "qualified_gazetteer_reference_point",
        "point_place_name": "Temuco",
        "point_description": "city in Chile",
        "wikidata_id": "Q82128",
        "wikidata_coordinate_claim": "q82128$47834A85-2905-454E-B69D-2EE8CFAEB27F",
        "coordinate_precision": 0.0001,
        "source_url": "https://www.wikidata.org/wiki/Q82128",
        "source_coordinate_url": "https://www.wikidata.org/wiki/Special:EntityData/Q82128.json",
        "license": "CC0-1.0",
        "label_note": "Exact published reference: Temuco. This does not establish a legal wine-area boundary, official centroid or coextensive municipality."
      },
      "geometry": {
        "type": "Point",
        "coordinates": [
          -72.5901,
          -38.7399
        ]
      }
    },
    {
      "type": "Feature",
      "properties": {
        "node": "n_geo_cautin_valley",
        "node_id": "n_geo_cautin_valley",
        "name": "Cautín Valley",
        "parent_node_id": "n_geo_austral_chile_wine",
        "country_node_id": "n_geo_chile",
        "retrieved_on": "2026-09-26",
        "point_role": "qualified_gazetteer_reference_point",
        "point_place_name": "Perquenco",
        "point_description": "town and commune in Chile",
        "wikidata_id": "Q15076",
        "wikidata_coordinate_claim": "q15076$D665D160-9860-414A-BB08-D0C6D76840BB",
        "coordinate_precision": 0.016666666666667,
        "source_url": "https://www.wikidata.org/wiki/Q15076",
        "source_coordinate_url": "https://www.wikidata.org/wiki/Special:EntityData/Q15076.json",
        "license": "CC0-1.0",
        "label_note": "Exact published reference: Perquenco. This does not establish a legal wine-area boundary, official centroid or coextensive municipality."
      },
      "geometry": {
        "type": "Point",
        "coordinates": [
          -72.383333333333,
          -38.416666666667
        ]
      }
    },
    {
      "type": "Feature",
      "properties": {
        "node": "n_geo_osorno_valley",
        "node_id": "n_geo_osorno_valley",
        "name": "Osorno Valley",
        "parent_node_id": "n_geo_austral_chile_wine",
        "country_node_id": "n_geo_chile",
        "retrieved_on": "2026-09-26",
        "point_role": "qualified_gazetteer_reference_point",
        "point_place_name": "Osorno, Chile",
        "point_description": "city in Chile",
        "wikidata_id": "Q51059",
        "wikidata_coordinate_claim": "q51059$4B4AF229-B1E4-4A39-BCB1-0D6D83DC9AF0",
        "coordinate_precision": 0.016666666666667,
        "source_url": "https://www.wikidata.org/wiki/Q51059",
        "source_coordinate_url": "https://www.wikidata.org/wiki/Special:EntityData/Q51059.json",
        "license": "CC0-1.0",
        "label_note": "Exact published reference: Osorno, Chile. This does not establish a legal wine-area boundary, official centroid or coextensive municipality."
      },
      "geometry": {
        "type": "Point",
        "coordinates": [
          -73.15,
          -40.566666666667
        ]
      }
    },
    {
      "type": "Feature",
      "properties": {
        "node": "n_geo_chiloe_wine",
        "node_id": "n_geo_chiloe_wine",
        "name": "Chiloé (wine subregion)",
        "parent_node_id": "n_geo_austral_chile_wine",
        "country_node_id": "n_geo_chile",
        "retrieved_on": "2026-09-26",
        "point_role": "qualified_gazetteer_reference_point",
        "point_place_name": "Chiloé Archipelago",
        "point_description": "island group of Chile",
        "wikidata_id": "Q177608",
        "wikidata_coordinate_claim": "q177608$6AF4EBC9-308B-47B8-900A-98D27CB18CC3",
        "coordinate_precision": 0.016666666666667,
        "source_url": "https://www.wikidata.org/wiki/Q177608",
        "source_coordinate_url": "https://www.wikidata.org/wiki/Special:EntityData/Q177608.json",
        "license": "CC0-1.0",
        "label_note": "Exact published reference: Chiloé Archipelago. This does not establish a legal wine-area boundary, official centroid or coextensive municipality."
      },
      "geometry": {
        "type": "Point",
        "coordinates": [
          -73.95,
          -42.6
        ]
      }
    },
    {
      "type": "Feature",
      "properties": {
        "node": "n_geo_rapa_nui_wine",
        "node_id": "n_geo_rapa_nui_wine",
        "name": "Rapa Nui – Isla de Pascua (wine area)",
        "parent_node_id": "n_geo_chile",
        "country_node_id": "n_geo_chile",
        "retrieved_on": "2026-09-26",
        "point_role": "qualified_gazetteer_reference_point",
        "point_place_name": "Easter Island",
        "point_description": "Polynesian island and special territory of Chile",
        "wikidata_id": "Q14452",
        "wikidata_coordinate_claim": "q14452$873581B8-58C7-4093-A57E-A199D7D05AD0",
        "coordinate_precision": 0.0002777777777777778,
        "source_url": "https://www.wikidata.org/wiki/Q14452",
        "source_coordinate_url": "https://www.wikidata.org/wiki/Special:EntityData/Q14452.json",
        "license": "CC0-1.0",
        "label_note": "Exact published reference: Easter Island. This does not establish a legal wine-area boundary, official centroid or coextensive municipality."
      },
      "geometry": {
        "type": "Point",
        "coordinates": [
          -109.35,
          -27.12
        ]
      }
    },
    {
      "type": "Feature",
      "properties": {
        "node": "n_geo_columbia_hills",
        "node_id": "n_geo_columbia_hills",
        "name": "Columbia Hills",
        "parent_node_id": "n_geo_columbia_valley",
        "country_node_id": "n_geo_united_states",
        "retrieved_on": "2026-09-26",
        "point_role": "qualified_gazetteer_reference_point",
        "point_place_name": "Columbia Hills State Park",
        "point_description": "state park in Klickitat County, Washington state, United States of America",
        "wikidata_id": "Q19865643",
        "wikidata_coordinate_claim": "Q19865643$C990245C-9BDC-4FFF-B19F-82F4207F7864",
        "coordinate_precision": 0.012849055424375,
        "source_url": "https://www.wikidata.org/wiki/Q19865643",
        "source_coordinate_url": "https://www.wikidata.org/wiki/Special:EntityData/Q19865643.json",
        "license": "CC0-1.0",
        "label_note": "Exact published reference: Columbia Hills State Park. This does not establish a legal wine-area boundary, official centroid or coextensive municipality."
      },
      "geometry": {
        "type": "Point",
        "coordinates": [
          -121.107,
          45.6428
        ]
      }
    },
    {
      "type": "Feature",
      "properties": {
        "node": "n_geo_snake_river_valley",
        "node_id": "n_geo_snake_river_valley",
        "name": "Snake River Valley",
        "parent_node_id": "n_geo_united_states",
        "country_node_id": "n_geo_united_states",
        "retrieved_on": "2026-09-26",
        "point_role": "source_polygon_interior_reference_point",
        "point_place_name": "Snake River Valley",
        "source_url": "https://raw.githubusercontent.com/UCDavisLibrary/ava/7af5b29d45aee5e6c6ce3889e9b1de19085d7107/avas/snake_river_valley.geojson",
        "source_coordinate_url": "https://raw.githubusercontent.com/UCDavisLibrary/ava/7af5b29d45aee5e6c6ce3889e9b1de19085d7107/avas_aggregated_files/avas.geojson",
        "source_commit": "7af5b29d45aee5e6c6ce3889e9b1de19085d7107",
        "source_file_sha256": "c90068f7154764519f0a7c6fb2788e597b7c56bf7581e8c0faa979554d984926",
        "source_feature_id": "snake_river_valley",
        "source_cfr_index": "9.208",
        "derivation": "widest verified horizontal scanline interval midpoint; 63 scanlines per source polygon, holes excluded",
        "license": "CC0-1.0",
        "attribution": "UC Davis Library and DataLab AVA Project, with UCSB Library and Virginia Tech contributors",
        "label_note": "Community-polygon interior reference; not official centroid or legal boundary geometry."
      },
      "geometry": {
        "type": "Point",
        "coordinates": [
          -115.63140985423851,
          42.95224598551623
        ]
      }
    },
    {
      "type": "Feature",
      "properties": {
        "node": "n_geo_sierra_foothills",
        "node_id": "n_geo_sierra_foothills",
        "name": "Sierra Foothills",
        "parent_node_id": "n_geo_california",
        "country_node_id": "n_geo_united_states",
        "retrieved_on": "2026-09-26",
        "point_role": "source_polygon_interior_reference_point",
        "point_place_name": "Sierra Foothills",
        "source_url": "https://raw.githubusercontent.com/UCDavisLibrary/ava/7af5b29d45aee5e6c6ce3889e9b1de19085d7107/avas/sierra_foothills.geojson",
        "source_coordinate_url": "https://raw.githubusercontent.com/UCDavisLibrary/ava/7af5b29d45aee5e6c6ce3889e9b1de19085d7107/avas_aggregated_files/avas.geojson",
        "source_commit": "7af5b29d45aee5e6c6ce3889e9b1de19085d7107",
        "source_file_sha256": "c90068f7154764519f0a7c6fb2788e597b7c56bf7581e8c0faa979554d984926",
        "source_feature_id": "sierra_foothills",
        "source_cfr_index": "9.120",
        "derivation": "widest verified horizontal scanline interval midpoint; 63 scanlines per source polygon, holes excluded",
        "license": "CC0-1.0",
        "attribution": "UC Davis Library and DataLab AVA Project, with UCSB Library and Virginia Tech contributors",
        "label_note": "Community-polygon interior reference; not official centroid or legal boundary geometry."
      },
      "geometry": {
        "type": "Point",
        "coordinates": [
          -120.53793336748251,
          38.03430723223745
        ]
      }
    },
    {
      "type": "Feature",
      "properties": {
        "node": "n_geo_south_coast",
        "node_id": "n_geo_south_coast",
        "name": "South Coast",
        "parent_node_id": "n_geo_california",
        "country_node_id": "n_geo_united_states",
        "retrieved_on": "2026-09-26",
        "point_role": "source_polygon_interior_reference_point",
        "point_place_name": "South Coast",
        "source_url": "https://raw.githubusercontent.com/UCDavisLibrary/ava/7af5b29d45aee5e6c6ce3889e9b1de19085d7107/avas/south_coast.geojson",
        "source_coordinate_url": "https://raw.githubusercontent.com/UCDavisLibrary/ava/7af5b29d45aee5e6c6ce3889e9b1de19085d7107/avas_aggregated_files/avas.geojson",
        "source_commit": "7af5b29d45aee5e6c6ce3889e9b1de19085d7107",
        "source_file_sha256": "c90068f7154764519f0a7c6fb2788e597b7c56bf7581e8c0faa979554d984926",
        "source_feature_id": "south_coast",
        "source_cfr_index": "9.104",
        "derivation": "widest verified horizontal scanline interval midpoint; 63 scanlines per source polygon, holes excluded",
        "license": "CC0-1.0",
        "attribution": "UC Davis Library and DataLab AVA Project, with UCSB Library and Virginia Tech contributors",
        "label_note": "Community-polygon interior reference; not official centroid or legal boundary geometry."
      },
      "geometry": {
        "type": "Point",
        "coordinates": [
          -117.40449237409527,
          33.59365923371061
        ]
      }
    },
    {
      "type": "Feature",
      "properties": {
        "node": "n_geo_san_francisco_bay",
        "node_id": "n_geo_san_francisco_bay",
        "name": "San Francisco Bay",
        "parent_node_id": "n_geo_california",
        "country_node_id": "n_geo_united_states",
        "retrieved_on": "2026-09-26",
        "point_role": "source_polygon_interior_reference_point",
        "point_place_name": "San Francisco Bay",
        "source_url": "https://raw.githubusercontent.com/UCDavisLibrary/ava/7af5b29d45aee5e6c6ce3889e9b1de19085d7107/avas/san_francisco_bay.geojson",
        "source_coordinate_url": "https://raw.githubusercontent.com/UCDavisLibrary/ava/7af5b29d45aee5e6c6ce3889e9b1de19085d7107/avas_aggregated_files/avas.geojson",
        "source_commit": "7af5b29d45aee5e6c6ce3889e9b1de19085d7107",
        "source_file_sha256": "c90068f7154764519f0a7c6fb2788e597b7c56bf7581e8c0faa979554d984926",
        "source_feature_id": "san_francisco_bay",
        "source_cfr_index": "9.157",
        "derivation": "widest verified horizontal scanline interval midpoint; 63 scanlines per source polygon, holes excluded",
        "license": "CC0-1.0",
        "attribution": "UC Davis Library and DataLab AVA Project, with UCSB Library and Virginia Tech contributors",
        "label_note": "Community-polygon interior reference; not official centroid or legal boundary geometry."
      },
      "geometry": {
        "type": "Point",
        "coordinates": [
          -122.06537967706772,
          37.587987732147624
        ]
      }
    },
    {
      "type": "Feature",
      "properties": {
        "node": "n_geo_madera",
        "node_id": "n_geo_madera",
        "name": "Madera",
        "parent_node_id": "n_geo_california",
        "country_node_id": "n_geo_united_states",
        "retrieved_on": "2026-09-26",
        "point_role": "source_polygon_interior_reference_point",
        "point_place_name": "Madera",
        "source_url": "https://raw.githubusercontent.com/UCDavisLibrary/ava/7af5b29d45aee5e6c6ce3889e9b1de19085d7107/avas/madera.geojson",
        "source_coordinate_url": "https://raw.githubusercontent.com/UCDavisLibrary/ava/7af5b29d45aee5e6c6ce3889e9b1de19085d7107/avas_aggregated_files/avas.geojson",
        "source_commit": "7af5b29d45aee5e6c6ce3889e9b1de19085d7107",
        "source_file_sha256": "c90068f7154764519f0a7c6fb2788e597b7c56bf7581e8c0faa979554d984926",
        "source_feature_id": "madera",
        "source_cfr_index": "9.92",
        "derivation": "widest verified horizontal scanline interval midpoint; 63 scanlines per source polygon, holes excluded",
        "license": "CC0-1.0",
        "attribution": "UC Davis Library and DataLab AVA Project, with UCSB Library and Virginia Tech contributors",
        "label_note": "Community-polygon interior reference; not official centroid or legal boundary geometry."
      },
      "geometry": {
        "type": "Point",
        "coordinates": [
          -120.08878875441516,
          36.963392975
        ]
      }
    },
    {
      "type": "Feature",
      "properties": {
        "node": "n_geo_antelope_valley_of_the_california_high_desert",
        "node_id": "n_geo_antelope_valley_of_the_california_high_desert",
        "name": "Antelope Valley of the California High Desert",
        "parent_node_id": "n_geo_california",
        "country_node_id": "n_geo_united_states",
        "retrieved_on": "2026-09-26",
        "point_role": "source_polygon_interior_reference_point",
        "point_place_name": "Antelope Valley of the California High Desert",
        "source_url": "https://raw.githubusercontent.com/UCDavisLibrary/ava/7af5b29d45aee5e6c6ce3889e9b1de19085d7107/avas/antelope_valley_of_the_california_high_desert.geojson",
        "source_coordinate_url": "https://raw.githubusercontent.com/UCDavisLibrary/ava/7af5b29d45aee5e6c6ce3889e9b1de19085d7107/avas_aggregated_files/avas.geojson",
        "source_commit": "7af5b29d45aee5e6c6ce3889e9b1de19085d7107",
        "source_file_sha256": "c90068f7154764519f0a7c6fb2788e597b7c56bf7581e8c0faa979554d984926",
        "source_feature_id": "antelope_valley_of_the_california_high_desert",
        "source_cfr_index": "9.219",
        "derivation": "widest verified horizontal scanline interval midpoint; 63 scanlines per source polygon, holes excluded",
        "license": "CC0-1.0",
        "attribution": "UC Davis Library and DataLab AVA Project, with UCSB Library and Virginia Tech contributors",
        "label_note": "Community-polygon interior reference; not official centroid or legal boundary geometry."
      },
      "geometry": {
        "type": "Point",
        "coordinates": [
          -118.20408302713938,
          34.760140786580315
        ]
      }
    },
    {
      "type": "Feature",
      "properties": {
        "node": "n_geo_el_dorado",
        "node_id": "n_geo_el_dorado",
        "name": "El Dorado",
        "parent_node_id": "n_geo_california",
        "country_node_id": "n_geo_united_states",
        "retrieved_on": "2026-09-26",
        "point_role": "source_polygon_interior_reference_point",
        "point_place_name": "El Dorado",
        "source_url": "https://raw.githubusercontent.com/UCDavisLibrary/ava/7af5b29d45aee5e6c6ce3889e9b1de19085d7107/avas/el_dorado.geojson",
        "source_coordinate_url": "https://raw.githubusercontent.com/UCDavisLibrary/ava/7af5b29d45aee5e6c6ce3889e9b1de19085d7107/avas_aggregated_files/avas.geojson",
        "source_commit": "7af5b29d45aee5e6c6ce3889e9b1de19085d7107",
        "source_file_sha256": "c90068f7154764519f0a7c6fb2788e597b7c56bf7581e8c0faa979554d984926",
        "source_feature_id": "el_dorado",
        "source_cfr_index": "9.61",
        "derivation": "widest verified horizontal scanline interval midpoint; 63 scanlines per source polygon, holes excluded",
        "license": "CC0-1.0",
        "attribution": "UC Davis Library and DataLab AVA Project, with UCSB Library and Virginia Tech contributors",
        "label_note": "Community-polygon interior reference; not official centroid or legal boundary geometry."
      },
      "geometry": {
        "type": "Point",
        "coordinates": [
          -120.73609689937729,
          38.692912817429075
        ]
      }
    },
    {
      "type": "Feature",
      "properties": {
        "node": "n_geo_san_luis_obispo_coast",
        "node_id": "n_geo_san_luis_obispo_coast",
        "name": "San Luis Obispo Coast",
        "parent_node_id": "n_geo_central_coast",
        "country_node_id": "n_geo_united_states",
        "retrieved_on": "2026-09-26",
        "point_role": "source_polygon_interior_reference_point",
        "point_place_name": "San Luis Obispo Coast",
        "source_url": "https://raw.githubusercontent.com/UCDavisLibrary/ava/7af5b29d45aee5e6c6ce3889e9b1de19085d7107/avas/san_luis_obispo_coast.geojson",
        "source_coordinate_url": "https://raw.githubusercontent.com/UCDavisLibrary/ava/7af5b29d45aee5e6c6ce3889e9b1de19085d7107/avas_aggregated_files/avas.geojson",
        "source_commit": "7af5b29d45aee5e6c6ce3889e9b1de19085d7107",
        "source_file_sha256": "c90068f7154764519f0a7c6fb2788e597b7c56bf7581e8c0faa979554d984926",
        "source_feature_id": "san_luis_obispo_coast",
        "source_cfr_index": "9.282",
        "derivation": "widest verified horizontal scanline interval midpoint; 63 scanlines per source polygon, holes excluded",
        "license": "CC0-1.0",
        "attribution": "UC Davis Library and DataLab AVA Project, with UCSB Library and Virginia Tech contributors",
        "label_note": "Community-polygon interior reference; not official centroid or legal boundary geometry."
      },
      "geometry": {
        "type": "Point",
        "coordinates": [
          -120.71420463331816,
          35.24599273793408
        ]
      }
    },
    {
      "type": "Feature",
      "properties": {
        "node": "n_geo_santa_clara_valley",
        "node_id": "n_geo_santa_clara_valley",
        "name": "Santa Clara Valley",
        "parent_node_id": "n_geo_central_coast",
        "country_node_id": "n_geo_united_states",
        "retrieved_on": "2026-09-26",
        "point_role": "source_polygon_interior_reference_point",
        "point_place_name": "Santa Clara Valley",
        "source_url": "https://raw.githubusercontent.com/UCDavisLibrary/ava/7af5b29d45aee5e6c6ce3889e9b1de19085d7107/avas/santa_clara_valley.geojson",
        "source_coordinate_url": "https://raw.githubusercontent.com/UCDavisLibrary/ava/7af5b29d45aee5e6c6ce3889e9b1de19085d7107/avas_aggregated_files/avas.geojson",
        "source_commit": "7af5b29d45aee5e6c6ce3889e9b1de19085d7107",
        "source_file_sha256": "c90068f7154764519f0a7c6fb2788e597b7c56bf7581e8c0faa979554d984926",
        "source_feature_id": "santa_clara_valley",
        "source_cfr_index": "9.126",
        "derivation": "widest verified horizontal scanline interval midpoint; 63 scanlines per source polygon, holes excluded",
        "license": "CC0-1.0",
        "attribution": "UC Davis Library and DataLab AVA Project, with UCSB Library and Virginia Tech contributors",
        "label_note": "Community-polygon interior reference; not official centroid or legal boundary geometry."
      },
      "geometry": {
        "type": "Point",
        "coordinates": [
          -122.00092801930025,
          37.38073073665959
        ]
      }
    },
    {
      "type": "Feature",
      "properties": {
        "node": "n_geo_lewis_clark_valley",
        "node_id": "n_geo_lewis_clark_valley",
        "name": "Lewis-Clark Valley",
        "parent_node_id": "n_geo_united_states",
        "country_node_id": "n_geo_united_states",
        "retrieved_on": "2026-09-26",
        "point_role": "source_polygon_interior_reference_point",
        "point_place_name": "Lewis-Clark Valley",
        "source_url": "https://raw.githubusercontent.com/UCDavisLibrary/ava/7af5b29d45aee5e6c6ce3889e9b1de19085d7107/avas/lewis_clark_valley.geojson",
        "source_coordinate_url": "https://raw.githubusercontent.com/UCDavisLibrary/ava/7af5b29d45aee5e6c6ce3889e9b1de19085d7107/avas_aggregated_files/avas.geojson",
        "source_commit": "7af5b29d45aee5e6c6ce3889e9b1de19085d7107",
        "source_file_sha256": "c90068f7154764519f0a7c6fb2788e597b7c56bf7581e8c0faa979554d984926",
        "source_feature_id": "lewis_clark_valley",
        "source_cfr_index": "9.256",
        "derivation": "widest verified horizontal scanline interval midpoint; 63 scanlines per source polygon, holes excluded",
        "license": "CC0-1.0",
        "attribution": "UC Davis Library and DataLab AVA Project, with UCSB Library and Virginia Tech contributors",
        "label_note": "Community-polygon interior reference; not official centroid or legal boundary geometry."
      },
      "geometry": {
        "type": "Point",
        "coordinates": [
          -116.97181594477206,
          46.411610928992815
        ]
      }
    },
    {
      "type": "Feature",
      "properties": {
        "node": "n_geo_livermore_valley",
        "node_id": "n_geo_livermore_valley",
        "name": "Livermore Valley",
        "parent_node_id": "n_geo_central_coast",
        "country_node_id": "n_geo_united_states",
        "retrieved_on": "2026-09-26",
        "point_role": "source_polygon_interior_reference_point",
        "point_place_name": "Livermore Valley",
        "source_url": "https://raw.githubusercontent.com/UCDavisLibrary/ava/7af5b29d45aee5e6c6ce3889e9b1de19085d7107/avas/livermore_valley.geojson",
        "source_coordinate_url": "https://raw.githubusercontent.com/UCDavisLibrary/ava/7af5b29d45aee5e6c6ce3889e9b1de19085d7107/avas_aggregated_files/avas.geojson",
        "source_commit": "7af5b29d45aee5e6c6ce3889e9b1de19085d7107",
        "source_file_sha256": "c90068f7154764519f0a7c6fb2788e597b7c56bf7581e8c0faa979554d984926",
        "source_feature_id": "livermore_valley",
        "source_cfr_index": "9.46",
        "derivation": "widest verified horizontal scanline interval midpoint; 63 scanlines per source polygon, holes excluded",
        "license": "CC0-1.0",
        "attribution": "UC Davis Library and DataLab AVA Project, with UCSB Library and Virginia Tech contributors",
        "label_note": "Community-polygon interior reference; not official centroid or legal boundary geometry."
      },
      "geometry": {
        "type": "Point",
        "coordinates": [
          -121.82749474466388,
          37.67838012385464
        ]
      }
    },
    {
      "type": "Feature",
      "properties": {
        "node": "n_geo_clear_lake",
        "node_id": "n_geo_clear_lake",
        "name": "Clear Lake",
        "parent_node_id": "n_geo_north_coast_us",
        "country_node_id": "n_geo_united_states",
        "retrieved_on": "2026-09-26",
        "point_role": "source_polygon_interior_reference_point",
        "point_place_name": "Clear Lake",
        "source_url": "https://raw.githubusercontent.com/UCDavisLibrary/ava/7af5b29d45aee5e6c6ce3889e9b1de19085d7107/avas/clear_lake.geojson",
        "source_coordinate_url": "https://raw.githubusercontent.com/UCDavisLibrary/ava/7af5b29d45aee5e6c6ce3889e9b1de19085d7107/avas_aggregated_files/avas.geojson",
        "source_commit": "7af5b29d45aee5e6c6ce3889e9b1de19085d7107",
        "source_file_sha256": "c90068f7154764519f0a7c6fb2788e597b7c56bf7581e8c0faa979554d984926",
        "source_feature_id": "clear_lake",
        "source_cfr_index": "9.99",
        "derivation": "widest verified horizontal scanline interval midpoint; 63 scanlines per source polygon, holes excluded",
        "license": "CC0-1.0",
        "attribution": "UC Davis Library and DataLab AVA Project, with UCSB Library and Virginia Tech contributors",
        "label_note": "Community-polygon interior reference; not official centroid or legal boundary geometry."
      },
      "geometry": {
        "type": "Point",
        "coordinates": [
          -122.73850245087405,
          38.92403187408522
        ]
      }
    },
    {
      "type": "Feature",
      "properties": {
        "node": "n_geo_contra_costa",
        "node_id": "n_geo_contra_costa",
        "name": "Contra Costa",
        "parent_node_id": "n_geo_california",
        "country_node_id": "n_geo_united_states",
        "retrieved_on": "2026-09-26",
        "point_role": "source_polygon_interior_reference_point",
        "point_place_name": "Contra Costa",
        "source_url": "https://raw.githubusercontent.com/UCDavisLibrary/ava/7af5b29d45aee5e6c6ce3889e9b1de19085d7107/avas/contra_costa.geojson",
        "source_coordinate_url": "https://raw.githubusercontent.com/UCDavisLibrary/ava/7af5b29d45aee5e6c6ce3889e9b1de19085d7107/avas_aggregated_files/avas.geojson",
        "source_commit": "7af5b29d45aee5e6c6ce3889e9b1de19085d7107",
        "source_file_sha256": "c90068f7154764519f0a7c6fb2788e597b7c56bf7581e8c0faa979554d984926",
        "source_feature_id": "contra_costa",
        "source_cfr_index": "9.291",
        "derivation": "widest verified horizontal scanline interval midpoint; 63 scanlines per source polygon, holes excluded",
        "license": "CC0-1.0",
        "attribution": "UC Davis Library and DataLab AVA Project, with UCSB Library and Virginia Tech contributors",
        "label_note": "Community-polygon interior reference; not official centroid or legal boundary geometry."
      },
      "geometry": {
        "type": "Point",
        "coordinates": [
          -121.88075592762246,
          38.0020243728018
        ]
      }
    },
    {
      "type": "Feature",
      "properties": {
        "node": "n_geo_malibu_coast",
        "node_id": "n_geo_malibu_coast",
        "name": "Malibu Coast",
        "parent_node_id": "n_geo_california",
        "country_node_id": "n_geo_united_states",
        "retrieved_on": "2026-09-26",
        "point_role": "source_polygon_interior_reference_point",
        "point_place_name": "Malibu Coast",
        "source_url": "https://raw.githubusercontent.com/UCDavisLibrary/ava/7af5b29d45aee5e6c6ce3889e9b1de19085d7107/avas/malibu_coast.geojson",
        "source_coordinate_url": "https://raw.githubusercontent.com/UCDavisLibrary/ava/7af5b29d45aee5e6c6ce3889e9b1de19085d7107/avas_aggregated_files/avas.geojson",
        "source_commit": "7af5b29d45aee5e6c6ce3889e9b1de19085d7107",
        "source_file_sha256": "c90068f7154764519f0a7c6fb2788e597b7c56bf7581e8c0faa979554d984926",
        "source_feature_id": "malibu_coast",
        "source_cfr_index": "9.235",
        "derivation": "widest verified horizontal scanline interval midpoint; 63 scanlines per source polygon, holes excluded",
        "license": "CC0-1.0",
        "attribution": "UC Davis Library and DataLab AVA Project, with UCSB Library and Virginia Tech contributors",
        "label_note": "Community-polygon interior reference; not official centroid or legal boundary geometry."
      },
      "geometry": {
        "type": "Point",
        "coordinates": [
          -118.82060720930795,
          34.128440772275155
        ]
      }
    },
    {
      "type": "Feature",
      "properties": {
        "node": "n_geo_san_antonio_valley_california",
        "node_id": "n_geo_san_antonio_valley_california",
        "name": "San Antonio Valley (California AVA)",
        "parent_node_id": "n_geo_central_coast",
        "country_node_id": "n_geo_united_states",
        "retrieved_on": "2026-09-26",
        "point_role": "source_polygon_interior_reference_point",
        "point_place_name": "San Antonio Valley (California AVA)",
        "source_url": "https://raw.githubusercontent.com/UCDavisLibrary/ava/7af5b29d45aee5e6c6ce3889e9b1de19085d7107/avas/san_antonio_valley.geojson",
        "source_coordinate_url": "https://raw.githubusercontent.com/UCDavisLibrary/ava/7af5b29d45aee5e6c6ce3889e9b1de19085d7107/avas_aggregated_files/avas.geojson",
        "source_commit": "7af5b29d45aee5e6c6ce3889e9b1de19085d7107",
        "source_file_sha256": "c90068f7154764519f0a7c6fb2788e597b7c56bf7581e8c0faa979554d984926",
        "source_feature_id": "san_antonio_valley",
        "source_cfr_index": "9.194",
        "derivation": "widest verified horizontal scanline interval midpoint; 63 scanlines per source polygon, holes excluded",
        "license": "CC0-1.0",
        "attribution": "UC Davis Library and DataLab AVA Project, with UCSB Library and Virginia Tech contributors",
        "label_note": "Community-polygon interior reference; not official centroid or legal boundary geometry."
      },
      "geometry": {
        "type": "Point",
        "coordinates": [
          -121.19704635051372,
          36.03480389687403
        ]
      }
    },
    {
      "type": "Feature",
      "properties": {
        "node": "n_geo_cucamonga_valley",
        "node_id": "n_geo_cucamonga_valley",
        "name": "Cucamonga Valley",
        "parent_node_id": "n_geo_california",
        "country_node_id": "n_geo_united_states",
        "retrieved_on": "2026-09-26",
        "point_role": "source_polygon_interior_reference_point",
        "point_place_name": "Cucamonga Valley",
        "source_url": "https://raw.githubusercontent.com/UCDavisLibrary/ava/7af5b29d45aee5e6c6ce3889e9b1de19085d7107/avas/cucamonga_valley.geojson",
        "source_coordinate_url": "https://raw.githubusercontent.com/UCDavisLibrary/ava/7af5b29d45aee5e6c6ce3889e9b1de19085d7107/avas_aggregated_files/avas.geojson",
        "source_commit": "7af5b29d45aee5e6c6ce3889e9b1de19085d7107",
        "source_file_sha256": "c90068f7154764519f0a7c6fb2788e597b7c56bf7581e8c0faa979554d984926",
        "source_feature_id": "cucamonga_valley",
        "source_cfr_index": "9.150",
        "derivation": "widest verified horizontal scanline interval midpoint; 63 scanlines per source polygon, holes excluded",
        "license": "CC0-1.0",
        "attribution": "UC Davis Library and DataLab AVA Project, with UCSB Library and Virginia Tech contributors",
        "label_note": "Community-polygon interior reference; not official centroid or legal boundary geometry."
      },
      "geometry": {
        "type": "Point",
        "coordinates": [
          -117.47720762922216,
          34.07482300900571
        ]
      }
    },
    {
      "type": "Feature",
      "properties": {
        "node": "n_geo_gabilan_mountains",
        "node_id": "n_geo_gabilan_mountains",
        "name": "Gabilan Mountains",
        "parent_node_id": "n_geo_central_coast",
        "country_node_id": "n_geo_united_states",
        "retrieved_on": "2026-09-26",
        "point_role": "source_polygon_interior_reference_point",
        "point_place_name": "Gabilan Mountains",
        "source_url": "https://raw.githubusercontent.com/UCDavisLibrary/ava/7af5b29d45aee5e6c6ce3889e9b1de19085d7107/avas/gabilan_mountains.geojson",
        "source_coordinate_url": "https://raw.githubusercontent.com/UCDavisLibrary/ava/7af5b29d45aee5e6c6ce3889e9b1de19085d7107/avas_aggregated_files/avas.geojson",
        "source_commit": "7af5b29d45aee5e6c6ce3889e9b1de19085d7107",
        "source_file_sha256": "c90068f7154764519f0a7c6fb2788e597b7c56bf7581e8c0faa979554d984926",
        "source_feature_id": "gabilan_mountains",
        "source_cfr_index": "9.288",
        "derivation": "widest verified horizontal scanline interval midpoint; 63 scanlines per source polygon, holes excluded",
        "license": "CC0-1.0",
        "attribution": "UC Davis Library and DataLab AVA Project, with UCSB Library and Virginia Tech contributors",
        "label_note": "Community-polygon interior reference; not official centroid or legal boundary geometry."
      },
      "geometry": {
        "type": "Point",
        "coordinates": [
          -121.21108252012387,
          36.501538975300605
        ]
      }
    },
    {
      "type": "Feature",
      "properties": {
        "node": "n_geo_trinity_lakes",
        "node_id": "n_geo_trinity_lakes",
        "name": "Trinity Lakes",
        "parent_node_id": "n_geo_california",
        "country_node_id": "n_geo_united_states",
        "retrieved_on": "2026-09-26",
        "point_role": "source_polygon_interior_reference_point",
        "point_place_name": "Trinity Lakes",
        "source_url": "https://raw.githubusercontent.com/UCDavisLibrary/ava/7af5b29d45aee5e6c6ce3889e9b1de19085d7107/avas/trinity_lakes.geojson",
        "source_coordinate_url": "https://raw.githubusercontent.com/UCDavisLibrary/ava/7af5b29d45aee5e6c6ce3889e9b1de19085d7107/avas_aggregated_files/avas.geojson",
        "source_commit": "7af5b29d45aee5e6c6ce3889e9b1de19085d7107",
        "source_file_sha256": "c90068f7154764519f0a7c6fb2788e597b7c56bf7581e8c0faa979554d984926",
        "source_feature_id": "trinity_lakes",
        "source_cfr_index": "9.184",
        "derivation": "widest verified horizontal scanline interval midpoint; 63 scanlines per source polygon, holes excluded",
        "license": "CC0-1.0",
        "attribution": "UC Davis Library and DataLab AVA Project, with UCSB Library and Virginia Tech contributors",
        "label_note": "Community-polygon interior reference; not official centroid or legal boundary geometry."
      },
      "geometry": {
        "type": "Point",
        "coordinates": [
          -122.80693044180374,
          40.84876485287606
        ]
      }
    },
    {
      "type": "Feature",
      "properties": {
        "node": "n_geo_capay_valley",
        "node_id": "n_geo_capay_valley",
        "name": "Capay Valley",
        "parent_node_id": "n_geo_california",
        "country_node_id": "n_geo_united_states",
        "retrieved_on": "2026-09-26",
        "point_role": "source_polygon_interior_reference_point",
        "point_place_name": "Capay Valley",
        "source_url": "https://raw.githubusercontent.com/UCDavisLibrary/ava/7af5b29d45aee5e6c6ce3889e9b1de19085d7107/avas/capay_valley.geojson",
        "source_coordinate_url": "https://raw.githubusercontent.com/UCDavisLibrary/ava/7af5b29d45aee5e6c6ce3889e9b1de19085d7107/avas_aggregated_files/avas.geojson",
        "source_commit": "7af5b29d45aee5e6c6ce3889e9b1de19085d7107",
        "source_file_sha256": "c90068f7154764519f0a7c6fb2788e597b7c56bf7581e8c0faa979554d984926",
        "source_feature_id": "capay_valley",
        "source_cfr_index": "9.176",
        "derivation": "widest verified horizontal scanline interval midpoint; 63 scanlines per source polygon, holes excluded",
        "license": "CC0-1.0",
        "attribution": "UC Davis Library and DataLab AVA Project, with UCSB Library and Virginia Tech contributors",
        "label_note": "Community-polygon interior reference; not official centroid or legal boundary geometry."
      },
      "geometry": {
        "type": "Point",
        "coordinates": [
          -122.30017558567303,
          38.87585978385863
        ]
      }
    },
    {
      "type": "Feature",
      "properties": {
        "node": "n_geo_clarksburg",
        "node_id": "n_geo_clarksburg",
        "name": "Clarksburg",
        "parent_node_id": "n_geo_california",
        "country_node_id": "n_geo_united_states",
        "retrieved_on": "2026-09-26",
        "point_role": "source_polygon_interior_reference_point",
        "point_place_name": "Clarksburg",
        "source_url": "https://raw.githubusercontent.com/UCDavisLibrary/ava/7af5b29d45aee5e6c6ce3889e9b1de19085d7107/avas/clarksburg.geojson",
        "source_coordinate_url": "https://raw.githubusercontent.com/UCDavisLibrary/ava/7af5b29d45aee5e6c6ce3889e9b1de19085d7107/avas_aggregated_files/avas.geojson",
        "source_commit": "7af5b29d45aee5e6c6ce3889e9b1de19085d7107",
        "source_file_sha256": "c90068f7154764519f0a7c6fb2788e597b7c56bf7581e8c0faa979554d984926",
        "source_feature_id": "clarksburg",
        "source_cfr_index": "9.95",
        "derivation": "widest verified horizontal scanline interval midpoint; 63 scanlines per source polygon, holes excluded",
        "license": "CC0-1.0",
        "attribution": "UC Davis Library and DataLab AVA Project, with UCSB Library and Virginia Tech contributors",
        "label_note": "Community-polygon interior reference; not official centroid or legal boundary geometry."
      },
      "geometry": {
        "type": "Point",
        "coordinates": [
          -121.55782190824299,
          38.29457211788989
        ]
      }
    },
    {
      "type": "Feature",
      "properties": {
        "node": "n_geo_san_luis_rey",
        "node_id": "n_geo_san_luis_rey",
        "name": "San Luis Rey",
        "parent_node_id": "n_geo_south_coast",
        "country_node_id": "n_geo_united_states",
        "retrieved_on": "2026-09-26",
        "point_role": "source_polygon_interior_reference_point",
        "point_place_name": "San Luis Rey",
        "source_url": "https://raw.githubusercontent.com/UCDavisLibrary/ava/7af5b29d45aee5e6c6ce3889e9b1de19085d7107/avas/san_luis_rey.geojson",
        "source_coordinate_url": "https://raw.githubusercontent.com/UCDavisLibrary/ava/7af5b29d45aee5e6c6ce3889e9b1de19085d7107/avas_aggregated_files/avas.geojson",
        "source_commit": "7af5b29d45aee5e6c6ce3889e9b1de19085d7107",
        "source_file_sha256": "c90068f7154764519f0a7c6fb2788e597b7c56bf7581e8c0faa979554d984926",
        "source_feature_id": "san_luis_rey",
        "source_cfr_index": "9.295",
        "derivation": "widest verified horizontal scanline interval midpoint; 63 scanlines per source polygon, holes excluded",
        "license": "CC0-1.0",
        "attribution": "UC Davis Library and DataLab AVA Project, with UCSB Library and Virginia Tech contributors",
        "label_note": "Community-polygon interior reference; not official centroid or legal boundary geometry."
      },
      "geometry": {
        "type": "Point",
        "coordinates": [
          -117.23293239561912,
          33.21851457228726
        ]
      }
    },
    {
      "type": "Feature",
      "properties": {
        "node": "n_geo_temecula_valley",
        "node_id": "n_geo_temecula_valley",
        "name": "Temecula Valley",
        "parent_node_id": "n_geo_south_coast",
        "country_node_id": "n_geo_united_states",
        "retrieved_on": "2026-09-26",
        "point_role": "source_polygon_interior_reference_point",
        "point_place_name": "Temecula Valley",
        "source_url": "https://raw.githubusercontent.com/UCDavisLibrary/ava/7af5b29d45aee5e6c6ce3889e9b1de19085d7107/avas/temecula_valley.geojson",
        "source_coordinate_url": "https://raw.githubusercontent.com/UCDavisLibrary/ava/7af5b29d45aee5e6c6ce3889e9b1de19085d7107/avas_aggregated_files/avas.geojson",
        "source_commit": "7af5b29d45aee5e6c6ce3889e9b1de19085d7107",
        "source_file_sha256": "c90068f7154764519f0a7c6fb2788e597b7c56bf7581e8c0faa979554d984926",
        "source_feature_id": "temecula_valley",
        "source_cfr_index": "9.50",
        "derivation": "widest verified horizontal scanline interval midpoint; 63 scanlines per source polygon, holes excluded",
        "license": "CC0-1.0",
        "attribution": "UC Davis Library and DataLab AVA Project, with UCSB Library and Virginia Tech contributors",
        "label_note": "Community-polygon interior reference; not official centroid or legal boundary geometry."
      },
      "geometry": {
        "type": "Point",
        "coordinates": [
          -117.18316187718548,
          33.50215538323236
        ]
      }
    },
    {
      "type": "Feature",
      "properties": {
        "node": "n_geo_ramona_valley",
        "node_id": "n_geo_ramona_valley",
        "name": "Ramona Valley",
        "parent_node_id": "n_geo_south_coast",
        "country_node_id": "n_geo_united_states",
        "retrieved_on": "2026-09-26",
        "point_role": "source_polygon_interior_reference_point",
        "point_place_name": "Ramona Valley",
        "source_url": "https://raw.githubusercontent.com/UCDavisLibrary/ava/7af5b29d45aee5e6c6ce3889e9b1de19085d7107/avas/ramona_valley.geojson",
        "source_coordinate_url": "https://raw.githubusercontent.com/UCDavisLibrary/ava/7af5b29d45aee5e6c6ce3889e9b1de19085d7107/avas_aggregated_files/avas.geojson",
        "source_commit": "7af5b29d45aee5e6c6ce3889e9b1de19085d7107",
        "source_file_sha256": "c90068f7154764519f0a7c6fb2788e597b7c56bf7581e8c0faa979554d984926",
        "source_feature_id": "ramona_valley",
        "source_cfr_index": "9.191",
        "derivation": "widest verified horizontal scanline interval midpoint; 63 scanlines per source polygon, holes excluded",
        "license": "CC0-1.0",
        "attribution": "UC Davis Library and DataLab AVA Project, with UCSB Library and Virginia Tech contributors",
        "label_note": "Community-polygon interior reference; not official centroid or legal boundary geometry."
      },
      "geometry": {
        "type": "Point",
        "coordinates": [
          -116.85494762442275,
          33.05204291111111
        ]
      }
    },
    {
      "type": "Feature",
      "properties": {
        "node": "n_geo_mendocino_ridge",
        "node_id": "n_geo_mendocino_ridge",
        "name": "Mendocino Ridge",
        "parent_node_id": "n_geo_north_coast_us",
        "country_node_id": "n_geo_united_states",
        "retrieved_on": "2026-09-26",
        "point_role": "source_polygon_interior_reference_point",
        "point_place_name": "Mendocino Ridge",
        "source_url": "https://raw.githubusercontent.com/UCDavisLibrary/ava/7af5b29d45aee5e6c6ce3889e9b1de19085d7107/avas/mendocino_ridge.geojson",
        "source_coordinate_url": "https://raw.githubusercontent.com/UCDavisLibrary/ava/7af5b29d45aee5e6c6ce3889e9b1de19085d7107/avas_aggregated_files/avas.geojson",
        "source_commit": "7af5b29d45aee5e6c6ce3889e9b1de19085d7107",
        "source_file_sha256": "c90068f7154764519f0a7c6fb2788e597b7c56bf7581e8c0faa979554d984926",
        "source_feature_id": "mendocino_ridge",
        "source_cfr_index": "9.158",
        "derivation": "widest verified horizontal scanline interval midpoint; 63 scanlines per source polygon, holes excluded",
        "license": "CC0-1.0",
        "attribution": "UC Davis Library and DataLab AVA Project, with UCSB Library and Virginia Tech contributors",
        "label_note": "Community-polygon interior reference; not official centroid or legal boundary geometry."
      },
      "geometry": {
        "type": "Point",
        "coordinates": [
          -123.38130705752174,
          38.82590345625
        ]
      }
    },
    {
      "type": "Feature",
      "properties": {
        "node": "n_geo_dunnigan_hills",
        "node_id": "n_geo_dunnigan_hills",
        "name": "Dunnigan Hills",
        "parent_node_id": "n_geo_california",
        "country_node_id": "n_geo_united_states",
        "retrieved_on": "2026-09-26",
        "point_role": "source_polygon_interior_reference_point",
        "point_place_name": "Dunnigan Hills",
        "source_url": "https://raw.githubusercontent.com/UCDavisLibrary/ava/7af5b29d45aee5e6c6ce3889e9b1de19085d7107/avas/dunnigan_hills.geojson",
        "source_coordinate_url": "https://raw.githubusercontent.com/UCDavisLibrary/ava/7af5b29d45aee5e6c6ce3889e9b1de19085d7107/avas_aggregated_files/avas.geojson",
        "source_commit": "7af5b29d45aee5e6c6ce3889e9b1de19085d7107",
        "source_file_sha256": "c90068f7154764519f0a7c6fb2788e597b7c56bf7581e8c0faa979554d984926",
        "source_feature_id": "dunnigan_hills",
        "source_cfr_index": "9.145",
        "derivation": "widest verified horizontal scanline interval midpoint; 63 scanlines per source polygon, holes excluded",
        "license": "CC0-1.0",
        "attribution": "UC Davis Library and DataLab AVA Project, with UCSB Library and Virginia Tech contributors",
        "label_note": "Community-polygon interior reference; not official centroid or legal boundary geometry."
      },
      "geometry": {
        "type": "Point",
        "coordinates": [
          -121.96488741969353,
          38.784360538327334
        ]
      }
    },
    {
      "type": "Feature",
      "properties": {
        "node": "n_geo_tehachapi_mountains",
        "node_id": "n_geo_tehachapi_mountains",
        "name": "Tehachapi Mountains",
        "parent_node_id": "n_geo_california",
        "country_node_id": "n_geo_united_states",
        "retrieved_on": "2026-09-26",
        "point_role": "source_polygon_interior_reference_point",
        "point_place_name": "Tehachapi Mountains",
        "source_url": "https://raw.githubusercontent.com/UCDavisLibrary/ava/7af5b29d45aee5e6c6ce3889e9b1de19085d7107/avas/tehachapi_mountains.geojson",
        "source_coordinate_url": "https://raw.githubusercontent.com/UCDavisLibrary/ava/7af5b29d45aee5e6c6ce3889e9b1de19085d7107/avas_aggregated_files/avas.geojson",
        "source_commit": "7af5b29d45aee5e6c6ce3889e9b1de19085d7107",
        "source_file_sha256": "c90068f7154764519f0a7c6fb2788e597b7c56bf7581e8c0faa979554d984926",
        "source_feature_id": "tehachapi_mountains",
        "source_cfr_index": "9.273",
        "derivation": "widest verified horizontal scanline interval midpoint; 63 scanlines per source polygon, holes excluded",
        "license": "CC0-1.0",
        "attribution": "UC Davis Library and DataLab AVA Project, with UCSB Library and Virginia Tech contributors",
        "label_note": "Community-polygon interior reference; not official centroid or legal boundary geometry."
      },
      "geometry": {
        "type": "Point",
        "coordinates": [
          -118.49872119473858,
          35.1169078927278
        ]
      }
    },
    {
      "type": "Feature",
      "properties": {
        "node": "n_geo_san_benito",
        "node_id": "n_geo_san_benito",
        "name": "San Benito",
        "parent_node_id": "n_geo_central_coast",
        "country_node_id": "n_geo_united_states",
        "retrieved_on": "2026-09-26",
        "point_role": "source_polygon_interior_reference_point",
        "point_place_name": "San Benito",
        "source_url": "https://raw.githubusercontent.com/UCDavisLibrary/ava/7af5b29d45aee5e6c6ce3889e9b1de19085d7107/avas/san_benito.geojson",
        "source_coordinate_url": "https://raw.githubusercontent.com/UCDavisLibrary/ava/7af5b29d45aee5e6c6ce3889e9b1de19085d7107/avas_aggregated_files/avas.geojson",
        "source_commit": "7af5b29d45aee5e6c6ce3889e9b1de19085d7107",
        "source_file_sha256": "c90068f7154764519f0a7c6fb2788e597b7c56bf7581e8c0faa979554d984926",
        "source_feature_id": "san_benito",
        "source_cfr_index": "9.110",
        "derivation": "widest verified horizontal scanline interval midpoint; 63 scanlines per source polygon, holes excluded",
        "license": "CC0-1.0",
        "attribution": "UC Davis Library and DataLab AVA Project, with UCSB Library and Virginia Tech contributors",
        "label_note": "Community-polygon interior reference; not official centroid or legal boundary geometry."
      },
      "geometry": {
        "type": "Point",
        "coordinates": [
          -121.32388592457298,
          36.74809739918749
        ]
      }
    },
    {
      "type": "Feature",
      "properties": {
        "node": "n_geo_yorkville_highlands",
        "node_id": "n_geo_yorkville_highlands",
        "name": "Yorkville Highlands",
        "parent_node_id": "n_geo_mendocino_ava",
        "country_node_id": "n_geo_united_states",
        "retrieved_on": "2026-09-26",
        "point_role": "source_polygon_interior_reference_point",
        "point_place_name": "Yorkville Highlands",
        "source_url": "https://raw.githubusercontent.com/UCDavisLibrary/ava/7af5b29d45aee5e6c6ce3889e9b1de19085d7107/avas/yorkville_highlands.geojson",
        "source_coordinate_url": "https://raw.githubusercontent.com/UCDavisLibrary/ava/7af5b29d45aee5e6c6ce3889e9b1de19085d7107/avas_aggregated_files/avas.geojson",
        "source_commit": "7af5b29d45aee5e6c6ce3889e9b1de19085d7107",
        "source_file_sha256": "c90068f7154764519f0a7c6fb2788e597b7c56bf7581e8c0faa979554d984926",
        "source_feature_id": "yorkville_highlands",
        "source_cfr_index": "9.159",
        "derivation": "widest verified horizontal scanline interval midpoint; 63 scanlines per source polygon, holes excluded",
        "license": "CC0-1.0",
        "attribution": "UC Davis Library and DataLab AVA Project, with UCSB Library and Virginia Tech contributors",
        "label_note": "Community-polygon interior reference; not official centroid or legal boundary geometry."
      },
      "geometry": {
        "type": "Point",
        "coordinates": [
          -123.2324982860408,
          38.909755571875
        ]
      }
    },
    {
      "type": "Feature",
      "properties": {
        "node": "n_geo_squaw_valley_miramonte",
        "node_id": "n_geo_squaw_valley_miramonte",
        "name": "Squaw Valley-Miramonte",
        "parent_node_id": "n_geo_california",
        "country_node_id": "n_geo_united_states",
        "retrieved_on": "2026-09-26",
        "point_role": "source_polygon_interior_reference_point",
        "point_place_name": "Squaw Valley-Miramonte",
        "source_url": "https://raw.githubusercontent.com/UCDavisLibrary/ava/7af5b29d45aee5e6c6ce3889e9b1de19085d7107/avas/squaw_valley_miramonte.geojson",
        "source_coordinate_url": "https://raw.githubusercontent.com/UCDavisLibrary/ava/7af5b29d45aee5e6c6ce3889e9b1de19085d7107/avas_aggregated_files/avas.geojson",
        "source_commit": "7af5b29d45aee5e6c6ce3889e9b1de19085d7107",
        "source_file_sha256": "c90068f7154764519f0a7c6fb2788e597b7c56bf7581e8c0faa979554d984926",
        "source_feature_id": "squaw_valley_miramonte",
        "source_cfr_index": "9.251",
        "derivation": "widest verified horizontal scanline interval midpoint; 63 scanlines per source polygon, holes excluded",
        "license": "CC0-1.0",
        "attribution": "UC Davis Library and DataLab AVA Project, with UCSB Library and Virginia Tech contributors",
        "label_note": "Community-polygon interior reference; not official centroid or legal boundary geometry."
      },
      "geometry": {
        "type": "Point",
        "coordinates": [
          -119.1669117966002,
          36.74353688675056
        ]
      }
    },
    {
      "type": "Feature",
      "properties": {
        "node": "n_geo_arroyo_grande_valley",
        "node_id": "n_geo_arroyo_grande_valley",
        "name": "Arroyo Grande Valley",
        "parent_node_id": "n_geo_san_luis_obispo_coast",
        "country_node_id": "n_geo_united_states",
        "retrieved_on": "2026-09-26",
        "point_role": "source_polygon_interior_reference_point",
        "point_place_name": "Arroyo Grande Valley",
        "source_url": "https://raw.githubusercontent.com/UCDavisLibrary/ava/7af5b29d45aee5e6c6ce3889e9b1de19085d7107/avas/arroyo_grande_valley.geojson",
        "source_coordinate_url": "https://raw.githubusercontent.com/UCDavisLibrary/ava/7af5b29d45aee5e6c6ce3889e9b1de19085d7107/avas_aggregated_files/avas.geojson",
        "source_commit": "7af5b29d45aee5e6c6ce3889e9b1de19085d7107",
        "source_file_sha256": "c90068f7154764519f0a7c6fb2788e597b7c56bf7581e8c0faa979554d984926",
        "source_feature_id": "arroyo_grande_valley",
        "source_cfr_index": "9.129",
        "derivation": "widest verified horizontal scanline interval midpoint; 63 scanlines per source polygon, holes excluded",
        "license": "CC0-1.0",
        "attribution": "UC Davis Library and DataLab AVA Project, with UCSB Library and Virginia Tech contributors",
        "label_note": "Community-polygon interior reference; not official centroid or legal boundary geometry."
      },
      "geometry": {
        "type": "Point",
        "coordinates": [
          -120.48007716148554,
          35.17043834783378
        ]
      }
    },
    {
      "type": "Feature",
      "properties": {
        "node": "n_geo_covelo",
        "node_id": "n_geo_covelo",
        "name": "Covelo",
        "parent_node_id": "n_geo_california",
        "country_node_id": "n_geo_united_states",
        "retrieved_on": "2026-09-26",
        "point_role": "source_polygon_interior_reference_point",
        "point_place_name": "Covelo",
        "source_url": "https://raw.githubusercontent.com/UCDavisLibrary/ava/7af5b29d45aee5e6c6ce3889e9b1de19085d7107/avas/covelo.geojson",
        "source_coordinate_url": "https://raw.githubusercontent.com/UCDavisLibrary/ava/7af5b29d45aee5e6c6ce3889e9b1de19085d7107/avas_aggregated_files/avas.geojson",
        "source_commit": "7af5b29d45aee5e6c6ce3889e9b1de19085d7107",
        "source_file_sha256": "c90068f7154764519f0a7c6fb2788e597b7c56bf7581e8c0faa979554d984926",
        "source_feature_id": "covelo",
        "source_cfr_index": "9.187",
        "derivation": "widest verified horizontal scanline interval midpoint; 63 scanlines per source polygon, holes excluded",
        "license": "CC0-1.0",
        "attribution": "UC Davis Library and DataLab AVA Project, with UCSB Library and Virginia Tech contributors",
        "label_note": "Community-polygon interior reference; not official centroid or legal boundary geometry."
      },
      "geometry": {
        "type": "Point",
        "coordinates": [
          -123.22801839130514,
          39.82697391462594
        ]
      }
    },
    {
      "type": "Feature",
      "properties": {
        "node": "n_geo_tracy_hills",
        "node_id": "n_geo_tracy_hills",
        "name": "Tracy Hills",
        "parent_node_id": "n_geo_california",
        "country_node_id": "n_geo_united_states",
        "retrieved_on": "2026-09-26",
        "point_role": "source_polygon_interior_reference_point",
        "point_place_name": "Tracy Hills",
        "source_url": "https://raw.githubusercontent.com/UCDavisLibrary/ava/7af5b29d45aee5e6c6ce3889e9b1de19085d7107/avas/tracy_hills.geojson",
        "source_coordinate_url": "https://raw.githubusercontent.com/UCDavisLibrary/ava/7af5b29d45aee5e6c6ce3889e9b1de19085d7107/avas_aggregated_files/avas.geojson",
        "source_commit": "7af5b29d45aee5e6c6ce3889e9b1de19085d7107",
        "source_file_sha256": "c90068f7154764519f0a7c6fb2788e597b7c56bf7581e8c0faa979554d984926",
        "source_feature_id": "tracy_hills",
        "source_cfr_index": "9.204",
        "derivation": "widest verified horizontal scanline interval midpoint; 63 scanlines per source polygon, holes excluded",
        "license": "CC0-1.0",
        "attribution": "UC Davis Library and DataLab AVA Project, with UCSB Library and Virginia Tech contributors",
        "label_note": "Community-polygon interior reference; not official centroid or legal boundary geometry."
      },
      "geometry": {
        "type": "Point",
        "coordinates": [
          -121.39915999828087,
          37.66222290951185
        ]
      }
    },
    {
      "type": "Feature",
      "properties": {
        "node": "n_geo_yucaipa_valley",
        "node_id": "n_geo_yucaipa_valley",
        "name": "Yucaipa Valley",
        "parent_node_id": "n_geo_california",
        "country_node_id": "n_geo_united_states",
        "retrieved_on": "2026-09-26",
        "point_role": "source_polygon_interior_reference_point",
        "point_place_name": "Yucaipa Valley",
        "source_url": "https://raw.githubusercontent.com/UCDavisLibrary/ava/7af5b29d45aee5e6c6ce3889e9b1de19085d7107/avas/yucaipa_valley.geojson",
        "source_coordinate_url": "https://raw.githubusercontent.com/UCDavisLibrary/ava/7af5b29d45aee5e6c6ce3889e9b1de19085d7107/avas_aggregated_files/avas.geojson",
        "source_commit": "7af5b29d45aee5e6c6ce3889e9b1de19085d7107",
        "source_file_sha256": "c90068f7154764519f0a7c6fb2788e597b7c56bf7581e8c0faa979554d984926",
        "source_feature_id": "yucaipa_valley",
        "source_cfr_index": "9.293",
        "derivation": "widest verified horizontal scanline interval midpoint; 63 scanlines per source polygon, holes excluded",
        "license": "CC0-1.0",
        "attribution": "UC Davis Library and DataLab AVA Project, with UCSB Library and Virginia Tech contributors",
        "label_note": "Community-polygon interior reference; not official centroid or legal boundary geometry."
      },
      "geometry": {
        "type": "Point",
        "coordinates": [
          -117.02400797758183,
          34.03832220988394
        ]
      }
    },
    {
      "type": "Feature",
      "properties": {
        "node": "n_geo_paulsell_valley",
        "node_id": "n_geo_paulsell_valley",
        "name": "Paulsell Valley",
        "parent_node_id": "n_geo_california",
        "country_node_id": "n_geo_united_states",
        "retrieved_on": "2026-09-26",
        "point_role": "source_polygon_interior_reference_point",
        "point_place_name": "Paulsell Valley",
        "source_url": "https://raw.githubusercontent.com/UCDavisLibrary/ava/7af5b29d45aee5e6c6ce3889e9b1de19085d7107/avas/paulsell_valley.geojson",
        "source_coordinate_url": "https://raw.githubusercontent.com/UCDavisLibrary/ava/7af5b29d45aee5e6c6ce3889e9b1de19085d7107/avas_aggregated_files/avas.geojson",
        "source_commit": "7af5b29d45aee5e6c6ce3889e9b1de19085d7107",
        "source_file_sha256": "c90068f7154764519f0a7c6fb2788e597b7c56bf7581e8c0faa979554d984926",
        "source_feature_id": "paulsell_valley",
        "source_cfr_index": "9.285",
        "derivation": "widest verified horizontal scanline interval midpoint; 63 scanlines per source polygon, holes excluded",
        "license": "CC0-1.0",
        "attribution": "UC Davis Library and DataLab AVA Project, with UCSB Library and Virginia Tech contributors",
        "label_note": "Community-polygon interior reference; not official centroid or legal boundary geometry."
      },
      "geometry": {
        "type": "Point",
        "coordinates": [
          -120.66327927044196,
          37.73869729099101
        ]
      }
    },
    {
      "type": "Feature",
      "properties": {
        "node": "n_geo_ben_lomond_mountain",
        "node_id": "n_geo_ben_lomond_mountain",
        "name": "Ben Lomond Mountain",
        "parent_node_id": "n_geo_santa_cruz_mountains",
        "country_node_id": "n_geo_united_states",
        "retrieved_on": "2026-09-26",
        "point_role": "source_polygon_interior_reference_point",
        "point_place_name": "Ben Lomond Mountain",
        "source_url": "https://raw.githubusercontent.com/UCDavisLibrary/ava/7af5b29d45aee5e6c6ce3889e9b1de19085d7107/avas/ben_lomond_mountain.geojson",
        "source_coordinate_url": "https://raw.githubusercontent.com/UCDavisLibrary/ava/7af5b29d45aee5e6c6ce3889e9b1de19085d7107/avas_aggregated_files/avas.geojson",
        "source_commit": "7af5b29d45aee5e6c6ce3889e9b1de19085d7107",
        "source_file_sha256": "c90068f7154764519f0a7c6fb2788e597b7c56bf7581e8c0faa979554d984926",
        "source_feature_id": "ben_lomond_mountain",
        "source_cfr_index": "9.118",
        "derivation": "widest verified horizontal scanline interval midpoint; 63 scanlines per source polygon, holes excluded",
        "license": "CC0-1.0",
        "attribution": "UC Davis Library and DataLab AVA Project, with UCSB Library and Virginia Tech contributors",
        "label_note": "Community-polygon interior reference; not official centroid or legal boundary geometry."
      },
      "geometry": {
        "type": "Point",
        "coordinates": [
          -122.17979034963382,
          37.110283027344586
        ]
      }
    },
    {
      "type": "Feature",
      "properties": {
        "node": "n_geo_diablo_grande",
        "node_id": "n_geo_diablo_grande",
        "name": "Diablo Grande",
        "parent_node_id": "n_geo_california",
        "country_node_id": "n_geo_united_states",
        "retrieved_on": "2026-09-26",
        "point_role": "source_polygon_interior_reference_point",
        "point_place_name": "Diablo Grande",
        "source_url": "https://raw.githubusercontent.com/UCDavisLibrary/ava/7af5b29d45aee5e6c6ce3889e9b1de19085d7107/avas/diablo_grande.geojson",
        "source_coordinate_url": "https://raw.githubusercontent.com/UCDavisLibrary/ava/7af5b29d45aee5e6c6ce3889e9b1de19085d7107/avas_aggregated_files/avas.geojson",
        "source_commit": "7af5b29d45aee5e6c6ce3889e9b1de19085d7107",
        "source_file_sha256": "c90068f7154764519f0a7c6fb2788e597b7c56bf7581e8c0faa979554d984926",
        "source_feature_id": "diablo_grande",
        "source_cfr_index": "9.156",
        "derivation": "widest verified horizontal scanline interval midpoint; 63 scanlines per source polygon, holes excluded",
        "license": "CC0-1.0",
        "attribution": "UC Davis Library and DataLab AVA Project, with UCSB Library and Virginia Tech contributors",
        "label_note": "Community-polygon interior reference; not official centroid or legal boundary geometry."
      },
      "geometry": {
        "type": "Point",
        "coordinates": [
          -121.28216299535643,
          37.34952564736532
        ]
      }
    },
    {
      "type": "Feature",
      "properties": {
        "node": "n_geo_san_lucas",
        "node_id": "n_geo_san_lucas",
        "name": "San Lucas",
        "parent_node_id": "n_geo_monterey_ava",
        "country_node_id": "n_geo_united_states",
        "retrieved_on": "2026-09-26",
        "point_role": "source_polygon_interior_reference_point",
        "point_place_name": "San Lucas",
        "source_url": "https://raw.githubusercontent.com/UCDavisLibrary/ava/7af5b29d45aee5e6c6ce3889e9b1de19085d7107/avas/san_lucas.geojson",
        "source_coordinate_url": "https://raw.githubusercontent.com/UCDavisLibrary/ava/7af5b29d45aee5e6c6ce3889e9b1de19085d7107/avas_aggregated_files/avas.geojson",
        "source_commit": "7af5b29d45aee5e6c6ce3889e9b1de19085d7107",
        "source_file_sha256": "c90068f7154764519f0a7c6fb2788e597b7c56bf7581e8c0faa979554d984926",
        "source_feature_id": "san_lucas",
        "source_cfr_index": "9.56",
        "derivation": "widest verified horizontal scanline interval midpoint; 63 scanlines per source polygon, holes excluded",
        "license": "CC0-1.0",
        "attribution": "UC Davis Library and DataLab AVA Project, with UCSB Library and Virginia Tech contributors",
        "label_note": "Community-polygon interior reference; not official centroid or legal boundary geometry."
      },
      "geometry": {
        "type": "Point",
        "coordinates": [
          -120.9779058909076,
          36.085987719921825
        ]
      }
    },
    {
      "type": "Feature",
      "properties": {
        "node": "n_geo_red_hills_lake_county",
        "node_id": "n_geo_red_hills_lake_county",
        "name": "Red Hills Lake County",
        "parent_node_id": "n_geo_clear_lake",
        "country_node_id": "n_geo_united_states",
        "retrieved_on": "2026-09-26",
        "point_role": "source_polygon_interior_reference_point",
        "point_place_name": "Red Hills Lake County",
        "source_url": "https://raw.githubusercontent.com/UCDavisLibrary/ava/7af5b29d45aee5e6c6ce3889e9b1de19085d7107/avas/red_hills_lake_county.geojson",
        "source_coordinate_url": "https://raw.githubusercontent.com/UCDavisLibrary/ava/7af5b29d45aee5e6c6ce3889e9b1de19085d7107/avas_aggregated_files/avas.geojson",
        "source_commit": "7af5b29d45aee5e6c6ce3889e9b1de19085d7107",
        "source_file_sha256": "c90068f7154764519f0a7c6fb2788e597b7c56bf7581e8c0faa979554d984926",
        "source_feature_id": "red_hills_lake_county",
        "source_cfr_index": "9.169",
        "derivation": "widest verified horizontal scanline interval midpoint; 63 scanlines per source polygon, holes excluded",
        "license": "CC0-1.0",
        "attribution": "UC Davis Library and DataLab AVA Project, with UCSB Library and Virginia Tech contributors",
        "label_note": "Community-polygon interior reference; not official centroid or legal boundary geometry."
      },
      "geometry": {
        "type": "Point",
        "coordinates": [
          -122.7048760119954,
          38.91155897450465
        ]
      }
    },
    {
      "type": "Feature",
      "properties": {
        "node": "n_geo_redwood_valley",
        "node_id": "n_geo_redwood_valley",
        "name": "Redwood Valley",
        "parent_node_id": "n_geo_mendocino_ava",
        "country_node_id": "n_geo_united_states",
        "retrieved_on": "2026-09-26",
        "point_role": "source_polygon_interior_reference_point",
        "point_place_name": "Redwood Valley",
        "source_url": "https://raw.githubusercontent.com/UCDavisLibrary/ava/7af5b29d45aee5e6c6ce3889e9b1de19085d7107/avas/redwood_valley.geojson",
        "source_coordinate_url": "https://raw.githubusercontent.com/UCDavisLibrary/ava/7af5b29d45aee5e6c6ce3889e9b1de19085d7107/avas_aggregated_files/avas.geojson",
        "source_commit": "7af5b29d45aee5e6c6ce3889e9b1de19085d7107",
        "source_file_sha256": "c90068f7154764519f0a7c6fb2788e597b7c56bf7581e8c0faa979554d984926",
        "source_feature_id": "redwood_valley",
        "source_cfr_index": "9.153",
        "derivation": "widest verified horizontal scanline interval midpoint; 63 scanlines per source polygon, holes excluded",
        "license": "CC0-1.0",
        "attribution": "UC Davis Library and DataLab AVA Project, with UCSB Library and Virginia Tech contributors",
        "label_note": "Community-polygon interior reference; not official centroid or legal boundary geometry."
      },
      "geometry": {
        "type": "Point",
        "coordinates": [
          -123.19580112808615,
          39.25015564375
        ]
      }
    },
    {
      "type": "Feature",
      "properties": {
        "node": "n_geo_lamorinda",
        "node_id": "n_geo_lamorinda",
        "name": "Lamorinda",
        "parent_node_id": "n_geo_central_coast",
        "country_node_id": "n_geo_united_states",
        "retrieved_on": "2026-09-26",
        "point_role": "source_polygon_interior_reference_point",
        "point_place_name": "Lamorinda",
        "source_url": "https://raw.githubusercontent.com/UCDavisLibrary/ava/7af5b29d45aee5e6c6ce3889e9b1de19085d7107/avas/lamorinda.geojson",
        "source_coordinate_url": "https://raw.githubusercontent.com/UCDavisLibrary/ava/7af5b29d45aee5e6c6ce3889e9b1de19085d7107/avas_aggregated_files/avas.geojson",
        "source_commit": "7af5b29d45aee5e6c6ce3889e9b1de19085d7107",
        "source_file_sha256": "c90068f7154764519f0a7c6fb2788e597b7c56bf7581e8c0faa979554d984926",
        "source_feature_id": "lamorinda",
        "source_cfr_index": "9.254",
        "derivation": "widest verified horizontal scanline interval midpoint; 63 scanlines per source polygon, holes excluded",
        "license": "CC0-1.0",
        "attribution": "UC Davis Library and DataLab AVA Project, with UCSB Library and Virginia Tech contributors",
        "label_note": "Community-polygon interior reference; not official centroid or legal boundary geometry."
      },
      "geometry": {
        "type": "Point",
        "coordinates": [
          -122.15415659756138,
          37.874837113992385
        ]
      }
    },
    {
      "type": "Feature",
      "properties": {
        "node": "n_geo_inwood_valley",
        "node_id": "n_geo_inwood_valley",
        "name": "Inwood Valley",
        "parent_node_id": "n_geo_california",
        "country_node_id": "n_geo_united_states",
        "retrieved_on": "2026-09-26",
        "point_role": "source_polygon_interior_reference_point",
        "point_place_name": "Inwood Valley",
        "source_url": "https://raw.githubusercontent.com/UCDavisLibrary/ava/7af5b29d45aee5e6c6ce3889e9b1de19085d7107/avas/inwood_valley.geojson",
        "source_coordinate_url": "https://raw.githubusercontent.com/UCDavisLibrary/ava/7af5b29d45aee5e6c6ce3889e9b1de19085d7107/avas_aggregated_files/avas.geojson",
        "source_commit": "7af5b29d45aee5e6c6ce3889e9b1de19085d7107",
        "source_file_sha256": "c90068f7154764519f0a7c6fb2788e597b7c56bf7581e8c0faa979554d984926",
        "source_feature_id": "inwood_valley",
        "source_cfr_index": "9.226",
        "derivation": "widest verified horizontal scanline interval midpoint; 63 scanlines per source polygon, holes excluded",
        "license": "CC0-1.0",
        "attribution": "UC Davis Library and DataLab AVA Project, with UCSB Library and Virginia Tech contributors",
        "label_note": "Community-polygon interior reference; not official centroid or legal boundary geometry."
      },
      "geometry": {
        "type": "Point",
        "coordinates": [
          -121.99345217548377,
          40.514778377361786
        ]
      }
    },
    {
      "type": "Feature",
      "properties": {
        "node": "n_geo_potter_valley",
        "node_id": "n_geo_potter_valley",
        "name": "Potter Valley",
        "parent_node_id": "n_geo_mendocino_ava",
        "country_node_id": "n_geo_united_states",
        "retrieved_on": "2026-09-26",
        "point_role": "source_polygon_interior_reference_point",
        "point_place_name": "Potter Valley",
        "source_url": "https://raw.githubusercontent.com/UCDavisLibrary/ava/7af5b29d45aee5e6c6ce3889e9b1de19085d7107/avas/potter_valley.geojson",
        "source_coordinate_url": "https://raw.githubusercontent.com/UCDavisLibrary/ava/7af5b29d45aee5e6c6ce3889e9b1de19085d7107/avas_aggregated_files/avas.geojson",
        "source_commit": "7af5b29d45aee5e6c6ce3889e9b1de19085d7107",
        "source_file_sha256": "c90068f7154764519f0a7c6fb2788e597b7c56bf7581e8c0faa979554d984926",
        "source_feature_id": "potter_valley",
        "source_cfr_index": "9.82",
        "derivation": "widest verified horizontal scanline interval midpoint; 63 scanlines per source polygon, holes excluded",
        "license": "CC0-1.0",
        "attribution": "UC Davis Library and DataLab AVA Project, with UCSB Library and Virginia Tech contributors",
        "label_note": "Community-polygon interior reference; not official centroid or legal boundary geometry."
      },
      "geometry": {
        "type": "Point",
        "coordinates": [
          -123.08593490075455,
          39.27843773769969
        ]
      }
    },
    {
      "type": "Feature",
      "properties": {
        "node": "n_geo_eagle_peak_mendocino_county",
        "node_id": "n_geo_eagle_peak_mendocino_county",
        "name": "Eagle Peak Mendocino County",
        "parent_node_id": "n_geo_north_coast_us",
        "country_node_id": "n_geo_united_states",
        "retrieved_on": "2026-09-26",
        "point_role": "source_polygon_interior_reference_point",
        "point_place_name": "Eagle Peak Mendocino County",
        "source_url": "https://raw.githubusercontent.com/UCDavisLibrary/ava/7af5b29d45aee5e6c6ce3889e9b1de19085d7107/avas/eagle_peak_mendocino_county.geojson",
        "source_coordinate_url": "https://raw.githubusercontent.com/UCDavisLibrary/ava/7af5b29d45aee5e6c6ce3889e9b1de19085d7107/avas_aggregated_files/avas.geojson",
        "source_commit": "7af5b29d45aee5e6c6ce3889e9b1de19085d7107",
        "source_file_sha256": "c90068f7154764519f0a7c6fb2788e597b7c56bf7581e8c0faa979554d984926",
        "source_feature_id": "eagle_peak_mendocino_county",
        "source_cfr_index": "9.237",
        "derivation": "widest verified horizontal scanline interval midpoint; 63 scanlines per source polygon, holes excluded",
        "license": "CC0-1.0",
        "attribution": "UC Davis Library and DataLab AVA Project, with UCSB Library and Virginia Tech contributors",
        "label_note": "Community-polygon interior reference; not official centroid or legal boundary geometry."
      },
      "geometry": {
        "type": "Point",
        "coordinates": [
          -123.30720706775415,
          39.2787077567769
        ]
      }
    },
    {
      "type": "Feature",
      "properties": {
        "node": "n_geo_fair_play",
        "node_id": "n_geo_fair_play",
        "name": "Fair Play",
        "parent_node_id": "n_geo_el_dorado",
        "country_node_id": "n_geo_united_states",
        "retrieved_on": "2026-09-26",
        "point_role": "source_polygon_interior_reference_point",
        "point_place_name": "Fair Play",
        "source_url": "https://raw.githubusercontent.com/UCDavisLibrary/ava/7af5b29d45aee5e6c6ce3889e9b1de19085d7107/avas/fair_play.geojson",
        "source_coordinate_url": "https://raw.githubusercontent.com/UCDavisLibrary/ava/7af5b29d45aee5e6c6ce3889e9b1de19085d7107/avas_aggregated_files/avas.geojson",
        "source_commit": "7af5b29d45aee5e6c6ce3889e9b1de19085d7107",
        "source_file_sha256": "c90068f7154764519f0a7c6fb2788e597b7c56bf7581e8c0faa979554d984926",
        "source_feature_id": "fair_play",
        "source_cfr_index": "9.168",
        "derivation": "widest verified horizontal scanline interval midpoint; 63 scanlines per source polygon, holes excluded",
        "license": "CC0-1.0",
        "attribution": "UC Davis Library and DataLab AVA Project, with UCSB Library and Virginia Tech contributors",
        "label_note": "Community-polygon interior reference; not official centroid or legal boundary geometry."
      },
      "geometry": {
        "type": "Point",
        "coordinates": [
          -120.66779189418519,
          38.609335096153764
        ]
      }
    },
    {
      "type": "Feature",
      "properties": {
        "node": "n_geo_san_bernabe",
        "node_id": "n_geo_san_bernabe",
        "name": "San Bernabe",
        "parent_node_id": "n_geo_monterey_ava",
        "country_node_id": "n_geo_united_states",
        "retrieved_on": "2026-09-26",
        "point_role": "source_polygon_interior_reference_point",
        "point_place_name": "San Bernabe",
        "source_url": "https://raw.githubusercontent.com/UCDavisLibrary/ava/7af5b29d45aee5e6c6ce3889e9b1de19085d7107/avas/san_bernabe.geojson",
        "source_coordinate_url": "https://raw.githubusercontent.com/UCDavisLibrary/ava/7af5b29d45aee5e6c6ce3889e9b1de19085d7107/avas_aggregated_files/avas.geojson",
        "source_commit": "7af5b29d45aee5e6c6ce3889e9b1de19085d7107",
        "source_file_sha256": "c90068f7154764519f0a7c6fb2788e597b7c56bf7581e8c0faa979554d984926",
        "source_feature_id": "san_bernabe",
        "source_cfr_index": "9.171",
        "derivation": "widest verified horizontal scanline interval midpoint; 63 scanlines per source polygon, holes excluded",
        "license": "CC0-1.0",
        "attribution": "UC Davis Library and DataLab AVA Project, with UCSB Library and Virginia Tech contributors",
        "label_note": "Community-polygon interior reference; not official centroid or legal boundary geometry."
      },
      "geometry": {
        "type": "Point",
        "coordinates": [
          -121.09109724582945,
          36.11854238381303
        ]
      }
    },
    {
      "type": "Feature",
      "properties": {
        "node": "n_geo_edna_valley",
        "node_id": "n_geo_edna_valley",
        "name": "Edna Valley",
        "parent_node_id": "n_geo_san_luis_obispo_coast",
        "country_node_id": "n_geo_united_states",
        "retrieved_on": "2026-09-26",
        "point_role": "source_polygon_interior_reference_point",
        "point_place_name": "Edna Valley",
        "source_url": "https://raw.githubusercontent.com/UCDavisLibrary/ava/7af5b29d45aee5e6c6ce3889e9b1de19085d7107/avas/edna_valley.geojson",
        "source_coordinate_url": "https://raw.githubusercontent.com/UCDavisLibrary/ava/7af5b29d45aee5e6c6ce3889e9b1de19085d7107/avas_aggregated_files/avas.geojson",
        "source_commit": "7af5b29d45aee5e6c6ce3889e9b1de19085d7107",
        "source_file_sha256": "c90068f7154764519f0a7c6fb2788e597b7c56bf7581e8c0faa979554d984926",
        "source_feature_id": "edna_valley",
        "source_cfr_index": "9.35",
        "derivation": "widest verified horizontal scanline interval midpoint; 63 scanlines per source polygon, holes excluded",
        "license": "CC0-1.0",
        "attribution": "UC Davis Library and DataLab AVA Project, with UCSB Library and Virginia Tech contributors",
        "label_note": "Community-polygon interior reference; not official centroid or legal boundary geometry."
      },
      "geometry": {
        "type": "Point",
        "coordinates": [
          -120.62741684299124,
          35.21424715828566
        ]
      }
    },
    {
      "type": "Feature",
      "properties": {
        "node": "n_geo_north_yuba",
        "node_id": "n_geo_north_yuba",
        "name": "North Yuba",
        "parent_node_id": "n_geo_sierra_foothills",
        "country_node_id": "n_geo_united_states",
        "retrieved_on": "2026-09-26",
        "point_role": "source_polygon_interior_reference_point",
        "point_place_name": "North Yuba",
        "source_url": "https://raw.githubusercontent.com/UCDavisLibrary/ava/7af5b29d45aee5e6c6ce3889e9b1de19085d7107/avas/north_yuba.geojson",
        "source_coordinate_url": "https://raw.githubusercontent.com/UCDavisLibrary/ava/7af5b29d45aee5e6c6ce3889e9b1de19085d7107/avas_aggregated_files/avas.geojson",
        "source_commit": "7af5b29d45aee5e6c6ce3889e9b1de19085d7107",
        "source_file_sha256": "c90068f7154764519f0a7c6fb2788e597b7c56bf7581e8c0faa979554d984926",
        "source_feature_id": "north_yuba",
        "source_cfr_index": "9.106",
        "derivation": "widest verified horizontal scanline interval midpoint; 63 scanlines per source polygon, holes excluded",
        "license": "CC0-1.0",
        "attribution": "UC Davis Library and DataLab AVA Project, with UCSB Library and Virginia Tech contributors",
        "label_note": "Community-polygon interior reference; not official centroid or legal boundary geometry."
      },
      "geometry": {
        "type": "Point",
        "coordinates": [
          -121.26105238425157,
          39.393561658129876
        ]
      }
    },
    {
      "type": "Feature",
      "properties": {
        "node": "n_geo_upper_lake_valley",
        "node_id": "n_geo_upper_lake_valley",
        "name": "Upper Lake Valley",
        "parent_node_id": "n_geo_clear_lake",
        "country_node_id": "n_geo_united_states",
        "retrieved_on": "2026-09-26",
        "point_role": "source_polygon_interior_reference_point",
        "point_place_name": "Upper Lake Valley",
        "source_url": "https://raw.githubusercontent.com/UCDavisLibrary/ava/7af5b29d45aee5e6c6ce3889e9b1de19085d7107/avas/upper_lake_valley.geojson",
        "source_coordinate_url": "https://raw.githubusercontent.com/UCDavisLibrary/ava/7af5b29d45aee5e6c6ce3889e9b1de19085d7107/avas_aggregated_files/avas.geojson",
        "source_commit": "7af5b29d45aee5e6c6ce3889e9b1de19085d7107",
        "source_file_sha256": "c90068f7154764519f0a7c6fb2788e597b7c56bf7581e8c0faa979554d984926",
        "source_feature_id": "upper_lake_valley",
        "source_cfr_index": "9.286",
        "derivation": "widest verified horizontal scanline interval midpoint; 63 scanlines per source polygon, holes excluded",
        "license": "CC0-1.0",
        "attribution": "UC Davis Library and DataLab AVA Project, with UCSB Library and Virginia Tech contributors",
        "label_note": "Community-polygon interior reference; not official centroid or legal boundary geometry."
      },
      "geometry": {
        "type": "Point",
        "coordinates": [
          -122.91734265071254,
          39.1763661875
        ]
      }
    },
    {
      "type": "Feature",
      "properties": {
        "node": "n_geo_carmel_valley",
        "node_id": "n_geo_carmel_valley",
        "name": "Carmel Valley",
        "parent_node_id": "n_geo_central_coast",
        "country_node_id": "n_geo_united_states",
        "retrieved_on": "2026-09-26",
        "point_role": "source_polygon_interior_reference_point",
        "point_place_name": "Carmel Valley",
        "source_url": "https://raw.githubusercontent.com/UCDavisLibrary/ava/7af5b29d45aee5e6c6ce3889e9b1de19085d7107/avas/carmel_valley.geojson",
        "source_coordinate_url": "https://raw.githubusercontent.com/UCDavisLibrary/ava/7af5b29d45aee5e6c6ce3889e9b1de19085d7107/avas_aggregated_files/avas.geojson",
        "source_commit": "7af5b29d45aee5e6c6ce3889e9b1de19085d7107",
        "source_file_sha256": "c90068f7154764519f0a7c6fb2788e597b7c56bf7581e8c0faa979554d984926",
        "source_feature_id": "carmel_valley",
        "source_cfr_index": "9.58",
        "derivation": "widest verified horizontal scanline interval midpoint; 63 scanlines per source polygon, holes excluded",
        "license": "CC0-1.0",
        "attribution": "UC Davis Library and DataLab AVA Project, with UCSB Library and Virginia Tech contributors",
        "label_note": "Community-polygon interior reference; not official centroid or legal boundary geometry."
      },
      "geometry": {
        "type": "Point",
        "coordinates": [
          -121.68181070317397,
          36.41639381086157
        ]
      }
    },
    {
      "type": "Feature",
      "properties": {
        "node": "n_geo_suisun_valley",
        "node_id": "n_geo_suisun_valley",
        "name": "Suisun Valley",
        "parent_node_id": "n_geo_california",
        "country_node_id": "n_geo_united_states",
        "retrieved_on": "2026-09-26",
        "point_role": "source_polygon_interior_reference_point",
        "point_place_name": "Suisun Valley",
        "source_url": "https://raw.githubusercontent.com/UCDavisLibrary/ava/7af5b29d45aee5e6c6ce3889e9b1de19085d7107/avas/suisun_valley.geojson",
        "source_coordinate_url": "https://raw.githubusercontent.com/UCDavisLibrary/ava/7af5b29d45aee5e6c6ce3889e9b1de19085d7107/avas_aggregated_files/avas.geojson",
        "source_commit": "7af5b29d45aee5e6c6ce3889e9b1de19085d7107",
        "source_file_sha256": "c90068f7154764519f0a7c6fb2788e597b7c56bf7581e8c0faa979554d984926",
        "source_feature_id": "suisun_valley",
        "source_cfr_index": "9.45",
        "derivation": "widest verified horizontal scanline interval midpoint; 63 scanlines per source polygon, holes excluded",
        "license": "CC0-1.0",
        "attribution": "UC Davis Library and DataLab AVA Project, with UCSB Library and Virginia Tech contributors",
        "label_note": "Community-polygon interior reference; not official centroid or legal boundary geometry."
      },
      "geometry": {
        "type": "Point",
        "coordinates": [
          -122.0927066065951,
          38.249905806407824
        ]
      }
    },
    {
      "type": "Feature",
      "properties": {
        "node": "n_geo_paicines",
        "node_id": "n_geo_paicines",
        "name": "Paicines",
        "parent_node_id": "n_geo_san_benito",
        "country_node_id": "n_geo_united_states",
        "retrieved_on": "2026-09-26",
        "point_role": "source_polygon_interior_reference_point",
        "point_place_name": "Paicines",
        "source_url": "https://raw.githubusercontent.com/UCDavisLibrary/ava/7af5b29d45aee5e6c6ce3889e9b1de19085d7107/avas/paicines.geojson",
        "source_coordinate_url": "https://raw.githubusercontent.com/UCDavisLibrary/ava/7af5b29d45aee5e6c6ce3889e9b1de19085d7107/avas_aggregated_files/avas.geojson",
        "source_commit": "7af5b29d45aee5e6c6ce3889e9b1de19085d7107",
        "source_file_sha256": "c90068f7154764519f0a7c6fb2788e597b7c56bf7581e8c0faa979554d984926",
        "source_feature_id": "paicines",
        "source_cfr_index": "9.39",
        "derivation": "widest verified horizontal scanline interval midpoint; 63 scanlines per source polygon, holes excluded",
        "license": "CC0-1.0",
        "attribution": "UC Davis Library and DataLab AVA Project, with UCSB Library and Virginia Tech contributors",
        "label_note": "Community-polygon interior reference; not official centroid or legal boundary geometry."
      },
      "geometry": {
        "type": "Point",
        "coordinates": [
          -121.26140861123457,
          36.69085350620585
        ]
      }
    },
    {
      "type": "Feature",
      "properties": {
        "node": "n_geo_solano_county_green_valley",
        "node_id": "n_geo_solano_county_green_valley",
        "name": "Solano County Green Valley",
        "parent_node_id": "n_geo_north_coast_us",
        "country_node_id": "n_geo_united_states",
        "retrieved_on": "2026-09-26",
        "point_role": "source_polygon_interior_reference_point",
        "point_place_name": "Solano County Green Valley",
        "source_url": "https://raw.githubusercontent.com/UCDavisLibrary/ava/7af5b29d45aee5e6c6ce3889e9b1de19085d7107/avas/solano_county_green_valley.geojson",
        "source_coordinate_url": "https://raw.githubusercontent.com/UCDavisLibrary/ava/7af5b29d45aee5e6c6ce3889e9b1de19085d7107/avas_aggregated_files/avas.geojson",
        "source_commit": "7af5b29d45aee5e6c6ce3889e9b1de19085d7107",
        "source_file_sha256": "c90068f7154764519f0a7c6fb2788e597b7c56bf7581e8c0faa979554d984926",
        "source_feature_id": "solano_county_green_valley",
        "source_cfr_index": "9.44",
        "derivation": "widest verified horizontal scanline interval midpoint; 63 scanlines per source polygon, holes excluded",
        "license": "CC0-1.0",
        "attribution": "UC Davis Library and DataLab AVA Project, with UCSB Library and Virginia Tech contributors",
        "label_note": "Community-polygon interior reference; not official centroid or legal boundary geometry."
      },
      "geometry": {
        "type": "Point",
        "coordinates": [
          -122.17598362670643,
          38.26277599944212
        ]
      }
    },
    {
      "type": "Feature",
      "properties": {
        "node": "n_geo_high_valley",
        "node_id": "n_geo_high_valley",
        "name": "High Valley",
        "parent_node_id": "n_geo_clear_lake",
        "country_node_id": "n_geo_united_states",
        "retrieved_on": "2026-09-26",
        "point_role": "source_polygon_interior_reference_point",
        "point_place_name": "High Valley",
        "source_url": "https://raw.githubusercontent.com/UCDavisLibrary/ava/7af5b29d45aee5e6c6ce3889e9b1de19085d7107/avas/high_valley.geojson",
        "source_coordinate_url": "https://raw.githubusercontent.com/UCDavisLibrary/ava/7af5b29d45aee5e6c6ce3889e9b1de19085d7107/avas_aggregated_files/avas.geojson",
        "source_commit": "7af5b29d45aee5e6c6ce3889e9b1de19085d7107",
        "source_file_sha256": "c90068f7154764519f0a7c6fb2788e597b7c56bf7581e8c0faa979554d984926",
        "source_feature_id": "high_valley",
        "source_cfr_index": "9.189",
        "derivation": "widest verified horizontal scanline interval midpoint; 63 scanlines per source polygon, holes excluded",
        "license": "CC0-1.0",
        "attribution": "UC Davis Library and DataLab AVA Project, with UCSB Library and Virginia Tech contributors",
        "label_note": "Community-polygon interior reference; not official centroid or legal boundary geometry."
      },
      "geometry": {
        "type": "Point",
        "coordinates": [
          -122.68231333641901,
          39.05727287426049
        ]
      }
    },
    {
      "type": "Feature",
      "properties": {
        "node": "n_geo_palos_verdes_peninsula",
        "node_id": "n_geo_palos_verdes_peninsula",
        "name": "Palos Verdes Peninsula",
        "parent_node_id": "n_geo_california",
        "country_node_id": "n_geo_united_states",
        "retrieved_on": "2026-09-26",
        "point_role": "source_polygon_interior_reference_point",
        "point_place_name": "Palos Verdes Peninsula",
        "source_url": "https://raw.githubusercontent.com/UCDavisLibrary/ava/7af5b29d45aee5e6c6ce3889e9b1de19085d7107/avas/palos_verdes_peninsula.geojson",
        "source_coordinate_url": "https://raw.githubusercontent.com/UCDavisLibrary/ava/7af5b29d45aee5e6c6ce3889e9b1de19085d7107/avas_aggregated_files/avas.geojson",
        "source_commit": "7af5b29d45aee5e6c6ce3889e9b1de19085d7107",
        "source_file_sha256": "c90068f7154764519f0a7c6fb2788e597b7c56bf7581e8c0faa979554d984926",
        "source_feature_id": "palos_verdes_peninsula",
        "source_cfr_index": "9.274",
        "derivation": "widest verified horizontal scanline interval midpoint; 63 scanlines per source polygon, holes excluded",
        "license": "CC0-1.0",
        "attribution": "UC Davis Library and DataLab AVA Project, with UCSB Library and Virginia Tech contributors",
        "label_note": "Community-polygon interior reference; not official centroid or legal boundary geometry."
      },
      "geometry": {
        "type": "Point",
        "coordinates": [
          -118.36842570098304,
          33.773421632837106
        ]
      }
    },
    {
      "type": "Feature",
      "properties": {
        "node": "n_geo_dos_rios",
        "node_id": "n_geo_dos_rios",
        "name": "Dos Rios",
        "parent_node_id": "n_geo_california",
        "country_node_id": "n_geo_united_states",
        "retrieved_on": "2026-09-26",
        "point_role": "source_polygon_interior_reference_point",
        "point_place_name": "Dos Rios",
        "source_url": "https://raw.githubusercontent.com/UCDavisLibrary/ava/7af5b29d45aee5e6c6ce3889e9b1de19085d7107/avas/dos_rios.geojson",
        "source_coordinate_url": "https://raw.githubusercontent.com/UCDavisLibrary/ava/7af5b29d45aee5e6c6ce3889e9b1de19085d7107/avas_aggregated_files/avas.geojson",
        "source_commit": "7af5b29d45aee5e6c6ce3889e9b1de19085d7107",
        "source_file_sha256": "c90068f7154764519f0a7c6fb2788e597b7c56bf7581e8c0faa979554d984926",
        "source_feature_id": "dos_rios",
        "source_cfr_index": "9.175",
        "derivation": "widest verified horizontal scanline interval midpoint; 63 scanlines per source polygon, holes excluded",
        "license": "CC0-1.0",
        "attribution": "UC Davis Library and DataLab AVA Project, with UCSB Library and Virginia Tech contributors",
        "label_note": "Community-polygon interior reference; not official centroid or legal boundary geometry."
      },
      "geometry": {
        "type": "Point",
        "coordinates": [
          -123.32172314657511,
          39.69998983591164
        ]
      }
    },
    {
      "type": "Feature",
      "properties": {
        "node": "n_geo_california_shenandoah_valley",
        "node_id": "n_geo_california_shenandoah_valley",
        "name": "California Shenandoah Valley",
        "parent_node_id": "n_geo_sierra_foothills",
        "country_node_id": "n_geo_united_states",
        "retrieved_on": "2026-09-26",
        "point_role": "source_polygon_interior_reference_point",
        "point_place_name": "California Shenandoah Valley",
        "source_url": "https://raw.githubusercontent.com/UCDavisLibrary/ava/7af5b29d45aee5e6c6ce3889e9b1de19085d7107/avas/california_shenandoah_valley.geojson",
        "source_coordinate_url": "https://raw.githubusercontent.com/UCDavisLibrary/ava/7af5b29d45aee5e6c6ce3889e9b1de19085d7107/avas_aggregated_files/avas.geojson",
        "source_commit": "7af5b29d45aee5e6c6ce3889e9b1de19085d7107",
        "source_file_sha256": "c90068f7154764519f0a7c6fb2788e597b7c56bf7581e8c0faa979554d984926",
        "source_feature_id": "california_shenandoah_valley",
        "source_cfr_index": "9.37",
        "derivation": "widest verified horizontal scanline interval midpoint; 63 scanlines per source polygon, holes excluded",
        "license": "CC0-1.0",
        "attribution": "UC Davis Library and DataLab AVA Project, with UCSB Library and Virginia Tech contributors",
        "label_note": "Community-polygon interior reference; not official centroid or legal boundary geometry."
      },
      "geometry": {
        "type": "Point",
        "coordinates": [
          -120.79905411732733,
          38.52552072257939
        ]
      }
    },
    {
      "type": "Feature",
      "properties": {
        "node": "n_geo_hames_valley",
        "node_id": "n_geo_hames_valley",
        "name": "Hames Valley",
        "parent_node_id": "n_geo_monterey_ava",
        "country_node_id": "n_geo_united_states",
        "retrieved_on": "2026-09-26",
        "point_role": "source_polygon_interior_reference_point",
        "point_place_name": "Hames Valley",
        "source_url": "https://raw.githubusercontent.com/UCDavisLibrary/ava/7af5b29d45aee5e6c6ce3889e9b1de19085d7107/avas/hames_valley.geojson",
        "source_coordinate_url": "https://raw.githubusercontent.com/UCDavisLibrary/ava/7af5b29d45aee5e6c6ce3889e9b1de19085d7107/avas_aggregated_files/avas.geojson",
        "source_commit": "7af5b29d45aee5e6c6ce3889e9b1de19085d7107",
        "source_file_sha256": "c90068f7154764519f0a7c6fb2788e597b7c56bf7581e8c0faa979554d984926",
        "source_feature_id": "hames_valley",
        "source_cfr_index": "9.147",
        "derivation": "widest verified horizontal scanline interval midpoint; 63 scanlines per source polygon, holes excluded",
        "license": "CC0-1.0",
        "attribution": "UC Davis Library and DataLab AVA Project, with UCSB Library and Virginia Tech contributors",
        "label_note": "Community-polygon interior reference; not official centroid or legal boundary geometry."
      },
      "geometry": {
        "type": "Point",
        "coordinates": [
          -120.88266365506803,
          35.89175642429454
        ]
      }
    },
    {
      "type": "Feature",
      "properties": {
        "node": "n_geo_fiddletown",
        "node_id": "n_geo_fiddletown",
        "name": "Fiddletown",
        "parent_node_id": "n_geo_sierra_foothills",
        "country_node_id": "n_geo_united_states",
        "retrieved_on": "2026-09-26",
        "point_role": "source_polygon_interior_reference_point",
        "point_place_name": "Fiddletown",
        "source_url": "https://raw.githubusercontent.com/UCDavisLibrary/ava/7af5b29d45aee5e6c6ce3889e9b1de19085d7107/avas/fiddletown.geojson",
        "source_coordinate_url": "https://raw.githubusercontent.com/UCDavisLibrary/ava/7af5b29d45aee5e6c6ce3889e9b1de19085d7107/avas_aggregated_files/avas.geojson",
        "source_commit": "7af5b29d45aee5e6c6ce3889e9b1de19085d7107",
        "source_file_sha256": "c90068f7154764519f0a7c6fb2788e597b7c56bf7581e8c0faa979554d984926",
        "source_feature_id": "fiddletown",
        "source_cfr_index": "9.81",
        "derivation": "widest verified horizontal scanline interval midpoint; 63 scanlines per source polygon, holes excluded",
        "license": "CC0-1.0",
        "attribution": "UC Davis Library and DataLab AVA Project, with UCSB Library and Virginia Tech contributors",
        "label_note": "Community-polygon interior reference; not official centroid or legal boundary geometry."
      },
      "geometry": {
        "type": "Point",
        "coordinates": [
          -120.7436107945518,
          38.498110853551125
        ]
      }
    },
    {
      "type": "Feature",
      "properties": {
        "node": "n_geo_big_valley_district_lake_county",
        "node_id": "n_geo_big_valley_district_lake_county",
        "name": "Big Valley District-Lake County",
        "parent_node_id": "n_geo_clear_lake",
        "country_node_id": "n_geo_united_states",
        "retrieved_on": "2026-09-26",
        "point_role": "source_polygon_interior_reference_point",
        "point_place_name": "Big Valley District-Lake County",
        "source_url": "https://raw.githubusercontent.com/UCDavisLibrary/ava/7af5b29d45aee5e6c6ce3889e9b1de19085d7107/avas/big_valley_district_lake_county.geojson",
        "source_coordinate_url": "https://raw.githubusercontent.com/UCDavisLibrary/ava/7af5b29d45aee5e6c6ce3889e9b1de19085d7107/avas_aggregated_files/avas.geojson",
        "source_commit": "7af5b29d45aee5e6c6ce3889e9b1de19085d7107",
        "source_file_sha256": "c90068f7154764519f0a7c6fb2788e597b7c56bf7581e8c0faa979554d984926",
        "source_feature_id": "big_valley_district_lake_county",
        "source_cfr_index": "9.232",
        "derivation": "widest verified horizontal scanline interval midpoint; 63 scanlines per source polygon, holes excluded",
        "license": "CC0-1.0",
        "attribution": "UC Davis Library and DataLab AVA Project, with UCSB Library and Virginia Tech contributors",
        "label_note": "Community-polygon interior reference; not official centroid or legal boundary geometry."
      },
      "geometry": {
        "type": "Point",
        "coordinates": [
          -122.86073979977573,
          39.018988669289755
        ]
      }
    },
    {
      "type": "Feature",
      "properties": {
        "node": "n_geo_manton_valley",
        "node_id": "n_geo_manton_valley",
        "name": "Manton Valley",
        "parent_node_id": "n_geo_california",
        "country_node_id": "n_geo_united_states",
        "retrieved_on": "2026-09-26",
        "point_role": "source_polygon_interior_reference_point",
        "point_place_name": "Manton Valley",
        "source_url": "https://raw.githubusercontent.com/UCDavisLibrary/ava/7af5b29d45aee5e6c6ce3889e9b1de19085d7107/avas/manton_valley.geojson",
        "source_coordinate_url": "https://raw.githubusercontent.com/UCDavisLibrary/ava/7af5b29d45aee5e6c6ce3889e9b1de19085d7107/avas_aggregated_files/avas.geojson",
        "source_commit": "7af5b29d45aee5e6c6ce3889e9b1de19085d7107",
        "source_file_sha256": "c90068f7154764519f0a7c6fb2788e597b7c56bf7581e8c0faa979554d984926",
        "source_feature_id": "manton_valley",
        "source_cfr_index": "9.236",
        "derivation": "widest verified horizontal scanline interval midpoint; 63 scanlines per source polygon, holes excluded",
        "license": "CC0-1.0",
        "attribution": "UC Davis Library and DataLab AVA Project, with UCSB Library and Virginia Tech contributors",
        "label_note": "Community-polygon interior reference; not official centroid or legal boundary geometry."
      },
      "geometry": {
        "type": "Point",
        "coordinates": [
          -121.80320529566478,
          40.436297325911305
        ]
      }
    },
    {
      "type": "Feature",
      "properties": {
        "node": "n_geo_san_pasqual_valley",
        "node_id": "n_geo_san_pasqual_valley",
        "name": "San Pasqual Valley",
        "parent_node_id": "n_geo_south_coast",
        "country_node_id": "n_geo_united_states",
        "retrieved_on": "2026-09-26",
        "point_role": "source_polygon_interior_reference_point",
        "point_place_name": "San Pasqual Valley",
        "source_url": "https://raw.githubusercontent.com/UCDavisLibrary/ava/7af5b29d45aee5e6c6ce3889e9b1de19085d7107/avas/san_pasqual_valley.geojson",
        "source_coordinate_url": "https://raw.githubusercontent.com/UCDavisLibrary/ava/7af5b29d45aee5e6c6ce3889e9b1de19085d7107/avas_aggregated_files/avas.geojson",
        "source_commit": "7af5b29d45aee5e6c6ce3889e9b1de19085d7107",
        "source_file_sha256": "c90068f7154764519f0a7c6fb2788e597b7c56bf7581e8c0faa979554d984926",
        "source_feature_id": "san_pasqual_valley",
        "source_cfr_index": "9.25",
        "derivation": "widest verified horizontal scanline interval midpoint; 63 scanlines per source polygon, holes excluded",
        "license": "CC0-1.0",
        "attribution": "UC Davis Library and DataLab AVA Project, with UCSB Library and Virginia Tech contributors",
        "label_note": "Community-polygon interior reference; not official centroid or legal boundary geometry."
      },
      "geometry": {
        "type": "Point",
        "coordinates": [
          -116.9912579075486,
          33.085664818750004
        ]
      }
    },
    {
      "type": "Feature",
      "properties": {
        "node": "n_geo_kelsey_bench_lake_county",
        "node_id": "n_geo_kelsey_bench_lake_county",
        "name": "Kelsey Bench-Lake County",
        "parent_node_id": "n_geo_clear_lake",
        "country_node_id": "n_geo_united_states",
        "retrieved_on": "2026-09-26",
        "point_role": "source_polygon_interior_reference_point",
        "point_place_name": "Kelsey Bench-Lake County",
        "source_url": "https://raw.githubusercontent.com/UCDavisLibrary/ava/7af5b29d45aee5e6c6ce3889e9b1de19085d7107/avas/kelsey_bench_lake_county.geojson",
        "source_coordinate_url": "https://raw.githubusercontent.com/UCDavisLibrary/ava/7af5b29d45aee5e6c6ce3889e9b1de19085d7107/avas_aggregated_files/avas.geojson",
        "source_commit": "7af5b29d45aee5e6c6ce3889e9b1de19085d7107",
        "source_file_sha256": "c90068f7154764519f0a7c6fb2788e597b7c56bf7581e8c0faa979554d984926",
        "source_feature_id": "kelsey_bench_lake_county",
        "source_cfr_index": "9.233",
        "derivation": "widest verified horizontal scanline interval midpoint; 63 scanlines per source polygon, holes excluded",
        "license": "CC0-1.0",
        "attribution": "UC Davis Library and DataLab AVA Project, with UCSB Library and Virginia Tech contributors",
        "label_note": "Community-polygon interior reference; not official centroid or legal boundary geometry."
      },
      "geometry": {
        "type": "Point",
        "coordinates": [
          -122.86662308820216,
          38.95509247067776
        ]
      }
    },
    {
      "type": "Feature",
      "properties": {
        "node": "n_geo_sierra_pelona_valley",
        "node_id": "n_geo_sierra_pelona_valley",
        "name": "Sierra Pelona Valley",
        "parent_node_id": "n_geo_california",
        "country_node_id": "n_geo_united_states",
        "retrieved_on": "2026-09-26",
        "point_role": "source_polygon_interior_reference_point",
        "point_place_name": "Sierra Pelona Valley",
        "source_url": "https://raw.githubusercontent.com/UCDavisLibrary/ava/7af5b29d45aee5e6c6ce3889e9b1de19085d7107/avas/sierra_pelona_valley.geojson",
        "source_coordinate_url": "https://raw.githubusercontent.com/UCDavisLibrary/ava/7af5b29d45aee5e6c6ce3889e9b1de19085d7107/avas_aggregated_files/avas.geojson",
        "source_commit": "7af5b29d45aee5e6c6ce3889e9b1de19085d7107",
        "source_file_sha256": "c90068f7154764519f0a7c6fb2788e597b7c56bf7581e8c0faa979554d984926",
        "source_feature_id": "sierra_pelona_valley",
        "source_cfr_index": "9.218",
        "derivation": "widest verified horizontal scanline interval midpoint; 63 scanlines per source polygon, holes excluded",
        "license": "CC0-1.0",
        "attribution": "UC Davis Library and DataLab AVA Project, with UCSB Library and Virginia Tech contributors",
        "label_note": "Community-polygon interior reference; not official centroid or legal boundary geometry."
      },
      "geometry": {
        "type": "Point",
        "coordinates": [
          -118.30523000442295,
          34.52300655801252
        ]
      }
    },
    {
      "type": "Feature",
      "properties": {
        "node": "n_geo_leona_valley",
        "node_id": "n_geo_leona_valley",
        "name": "Leona Valley",
        "parent_node_id": "n_geo_california",
        "country_node_id": "n_geo_united_states",
        "retrieved_on": "2026-09-26",
        "point_role": "source_polygon_interior_reference_point",
        "point_place_name": "Leona Valley",
        "source_url": "https://raw.githubusercontent.com/UCDavisLibrary/ava/7af5b29d45aee5e6c6ce3889e9b1de19085d7107/avas/leona_valley.geojson",
        "source_coordinate_url": "https://raw.githubusercontent.com/UCDavisLibrary/ava/7af5b29d45aee5e6c6ce3889e9b1de19085d7107/avas_aggregated_files/avas.geojson",
        "source_commit": "7af5b29d45aee5e6c6ce3889e9b1de19085d7107",
        "source_file_sha256": "c90068f7154764519f0a7c6fb2788e597b7c56bf7581e8c0faa979554d984926",
        "source_feature_id": "leona_valley",
        "source_cfr_index": "9.212",
        "derivation": "widest verified horizontal scanline interval midpoint; 63 scanlines per source polygon, holes excluded",
        "license": "CC0-1.0",
        "attribution": "UC Davis Library and DataLab AVA Project, with UCSB Library and Virginia Tech contributors",
        "label_note": "Community-polygon interior reference; not official centroid or legal boundary geometry."
      },
      "geometry": {
        "type": "Point",
        "coordinates": [
          -118.27795968581698,
          34.60209935433764
        ]
      }
    },
    {
      "type": "Feature",
      "properties": {
        "node": "n_geo_chalone",
        "node_id": "n_geo_chalone",
        "name": "Chalone",
        "parent_node_id": "n_geo_gabilan_mountains",
        "country_node_id": "n_geo_united_states",
        "retrieved_on": "2026-09-26",
        "point_role": "source_polygon_interior_reference_point",
        "point_place_name": "Chalone",
        "source_url": "https://raw.githubusercontent.com/UCDavisLibrary/ava/7af5b29d45aee5e6c6ce3889e9b1de19085d7107/avas/chalone.geojson",
        "source_coordinate_url": "https://raw.githubusercontent.com/UCDavisLibrary/ava/7af5b29d45aee5e6c6ce3889e9b1de19085d7107/avas_aggregated_files/avas.geojson",
        "source_commit": "7af5b29d45aee5e6c6ce3889e9b1de19085d7107",
        "source_file_sha256": "c90068f7154764519f0a7c6fb2788e597b7c56bf7581e8c0faa979554d984926",
        "source_feature_id": "chalone",
        "source_cfr_index": "9.24",
        "derivation": "widest verified horizontal scanline interval midpoint; 63 scanlines per source polygon, holes excluded",
        "license": "CC0-1.0",
        "attribution": "UC Davis Library and DataLab AVA Project, with UCSB Library and Virginia Tech contributors",
        "label_note": "Community-polygon interior reference; not official centroid or legal boundary geometry."
      },
      "geometry": {
        "type": "Point",
        "coordinates": [
          -121.24240377976454,
          36.47257397973825
        ]
      }
    },
    {
      "type": "Feature",
      "properties": {
        "node": "n_geo_mt_harlan",
        "node_id": "n_geo_mt_harlan",
        "name": "Mt. Harlan",
        "parent_node_id": "n_geo_gabilan_mountains",
        "country_node_id": "n_geo_united_states",
        "retrieved_on": "2026-09-26",
        "point_role": "source_polygon_interior_reference_point",
        "point_place_name": "Mt. Harlan",
        "source_url": "https://raw.githubusercontent.com/UCDavisLibrary/ava/7af5b29d45aee5e6c6ce3889e9b1de19085d7107/avas/mt__harlan.geojson",
        "source_coordinate_url": "https://raw.githubusercontent.com/UCDavisLibrary/ava/7af5b29d45aee5e6c6ce3889e9b1de19085d7107/avas_aggregated_files/avas.geojson",
        "source_commit": "7af5b29d45aee5e6c6ce3889e9b1de19085d7107",
        "source_file_sha256": "c90068f7154764519f0a7c6fb2788e597b7c56bf7581e8c0faa979554d984926",
        "source_feature_id": "mt__harlan",
        "source_cfr_index": "9.131",
        "derivation": "widest verified horizontal scanline interval midpoint; 63 scanlines per source polygon, holes excluded",
        "license": "CC0-1.0",
        "attribution": "UC Davis Library and DataLab AVA Project, with UCSB Library and Virginia Tech contributors",
        "label_note": "Community-polygon interior reference; not official centroid or legal boundary geometry."
      },
      "geometry": {
        "type": "Point",
        "coordinates": [
          -121.4138290296056,
          36.69215952208976
        ]
      }
    },
    {
      "type": "Feature",
      "properties": {
        "node": "n_geo_willow_creek",
        "node_id": "n_geo_willow_creek",
        "name": "Willow Creek",
        "parent_node_id": "n_geo_california",
        "country_node_id": "n_geo_united_states",
        "retrieved_on": "2026-09-26",
        "point_role": "source_polygon_interior_reference_point",
        "point_place_name": "Willow Creek",
        "source_url": "https://raw.githubusercontent.com/UCDavisLibrary/ava/7af5b29d45aee5e6c6ce3889e9b1de19085d7107/avas/willow_creek.geojson",
        "source_coordinate_url": "https://raw.githubusercontent.com/UCDavisLibrary/ava/7af5b29d45aee5e6c6ce3889e9b1de19085d7107/avas_aggregated_files/avas.geojson",
        "source_commit": "7af5b29d45aee5e6c6ce3889e9b1de19085d7107",
        "source_file_sha256": "c90068f7154764519f0a7c6fb2788e597b7c56bf7581e8c0faa979554d984926",
        "source_feature_id": "willow_creek",
        "source_cfr_index": "9.85",
        "derivation": "widest verified horizontal scanline interval midpoint; 63 scanlines per source polygon, holes excluded",
        "license": "CC0-1.0",
        "attribution": "UC Davis Library and DataLab AVA Project, with UCSB Library and Virginia Tech contributors",
        "label_note": "Community-polygon interior reference; not official centroid or legal boundary geometry."
      },
      "geometry": {
        "type": "Point",
        "coordinates": [
          -123.63179496726396,
          40.94696054260803
        ]
      }
    },
    {
      "type": "Feature",
      "properties": {
        "node": "n_geo_long_valley_lake_county",
        "node_id": "n_geo_long_valley_lake_county",
        "name": "Long Valley-Lake County",
        "parent_node_id": "n_geo_north_coast_us",
        "country_node_id": "n_geo_united_states",
        "retrieved_on": "2026-09-26",
        "point_role": "source_polygon_interior_reference_point",
        "point_place_name": "Long Valley-Lake County",
        "source_url": "https://raw.githubusercontent.com/UCDavisLibrary/ava/7af5b29d45aee5e6c6ce3889e9b1de19085d7107/avas/long_valley-lake_county.geojson",
        "source_coordinate_url": "https://raw.githubusercontent.com/UCDavisLibrary/ava/7af5b29d45aee5e6c6ce3889e9b1de19085d7107/avas_aggregated_files/avas.geojson",
        "source_commit": "7af5b29d45aee5e6c6ce3889e9b1de19085d7107",
        "source_file_sha256": "c90068f7154764519f0a7c6fb2788e597b7c56bf7581e8c0faa979554d984926",
        "source_feature_id": "long_valley-lake_county",
        "source_cfr_index": "9.289",
        "derivation": "widest verified horizontal scanline interval midpoint; 63 scanlines per source polygon, holes excluded",
        "license": "CC0-1.0",
        "attribution": "UC Davis Library and DataLab AVA Project, with UCSB Library and Virginia Tech contributors",
        "label_note": "Community-polygon interior reference; not official centroid or legal boundary geometry."
      },
      "geometry": {
        "type": "Point",
        "coordinates": [
          -122.61685756089882,
          39.066067439384824
        ]
      }
    },
    {
      "type": "Feature",
      "properties": {
        "node": "n_geo_cienega_valley",
        "node_id": "n_geo_cienega_valley",
        "name": "Cienega Valley",
        "parent_node_id": "n_geo_san_benito",
        "country_node_id": "n_geo_united_states",
        "retrieved_on": "2026-09-26",
        "point_role": "source_polygon_interior_reference_point",
        "point_place_name": "Cienega Valley",
        "source_url": "https://raw.githubusercontent.com/UCDavisLibrary/ava/7af5b29d45aee5e6c6ce3889e9b1de19085d7107/avas/cienega_valley.geojson",
        "source_coordinate_url": "https://raw.githubusercontent.com/UCDavisLibrary/ava/7af5b29d45aee5e6c6ce3889e9b1de19085d7107/avas_aggregated_files/avas.geojson",
        "source_commit": "7af5b29d45aee5e6c6ce3889e9b1de19085d7107",
        "source_file_sha256": "c90068f7154764519f0a7c6fb2788e597b7c56bf7581e8c0faa979554d984926",
        "source_feature_id": "cienega_valley",
        "source_cfr_index": "9.38",
        "derivation": "widest verified horizontal scanline interval midpoint; 63 scanlines per source polygon, holes excluded",
        "license": "CC0-1.0",
        "attribution": "UC Davis Library and DataLab AVA Project, with UCSB Library and Virginia Tech contributors",
        "label_note": "Community-polygon interior reference; not official centroid or legal boundary geometry."
      },
      "geometry": {
        "type": "Point",
        "coordinates": [
          -121.38036262395684,
          36.73018344974949
        ]
      }
    },
    {
      "type": "Feature",
      "properties": {
        "node": "n_geo_york_mountain",
        "node_id": "n_geo_york_mountain",
        "name": "York Mountain",
        "parent_node_id": "n_geo_central_coast",
        "country_node_id": "n_geo_united_states",
        "retrieved_on": "2026-09-26",
        "point_role": "source_polygon_interior_reference_point",
        "point_place_name": "York Mountain",
        "source_url": "https://raw.githubusercontent.com/UCDavisLibrary/ava/7af5b29d45aee5e6c6ce3889e9b1de19085d7107/avas/york_mountain.geojson",
        "source_coordinate_url": "https://raw.githubusercontent.com/UCDavisLibrary/ava/7af5b29d45aee5e6c6ce3889e9b1de19085d7107/avas_aggregated_files/avas.geojson",
        "source_commit": "7af5b29d45aee5e6c6ce3889e9b1de19085d7107",
        "source_file_sha256": "c90068f7154764519f0a7c6fb2788e597b7c56bf7581e8c0faa979554d984926",
        "source_feature_id": "york_mountain",
        "source_cfr_index": "9.80",
        "derivation": "widest verified horizontal scanline interval midpoint; 63 scanlines per source polygon, holes excluded",
        "license": "CC0-1.0",
        "attribution": "UC Davis Library and DataLab AVA Project, with UCSB Library and Virginia Tech contributors",
        "label_note": "Community-polygon interior reference; not official centroid or legal boundary geometry."
      },
      "geometry": {
        "type": "Point",
        "coordinates": [
          -120.80630215931446,
          35.527989954746864
        ]
      }
    },
    {
      "type": "Feature",
      "properties": {
        "node": "n_geo_red_hill_douglas_county_oregon",
        "node_id": "n_geo_red_hill_douglas_county_oregon",
        "name": "Red Hill Douglas County, Oregon",
        "parent_node_id": "n_geo_umpqua_valley",
        "country_node_id": "n_geo_united_states",
        "retrieved_on": "2026-09-26",
        "point_role": "source_polygon_interior_reference_point",
        "point_place_name": "Red Hill Douglas County, Oregon",
        "source_url": "https://raw.githubusercontent.com/UCDavisLibrary/ava/7af5b29d45aee5e6c6ce3889e9b1de19085d7107/avas/red_hill_douglas_county__oregon.geojson",
        "source_coordinate_url": "https://raw.githubusercontent.com/UCDavisLibrary/ava/7af5b29d45aee5e6c6ce3889e9b1de19085d7107/avas_aggregated_files/avas.geojson",
        "source_commit": "7af5b29d45aee5e6c6ce3889e9b1de19085d7107",
        "source_file_sha256": "c90068f7154764519f0a7c6fb2788e597b7c56bf7581e8c0faa979554d984926",
        "source_feature_id": "red_hill_douglas_county__oregon",
        "source_cfr_index": "9.190",
        "derivation": "widest verified horizontal scanline interval midpoint; 63 scanlines per source polygon, holes excluded",
        "license": "CC0-1.0",
        "attribution": "UC Davis Library and DataLab AVA Project, with UCSB Library and Virginia Tech contributors",
        "label_note": "Community-polygon interior reference; not official centroid or legal boundary geometry."
      },
      "geometry": {
        "type": "Point",
        "coordinates": [
          -123.28354134625442,
          43.522751964099236
        ]
      }
    },
    {
      "type": "Feature",
      "properties": {
        "node": "n_geo_guenoc_valley",
        "node_id": "n_geo_guenoc_valley",
        "name": "Guenoc Valley",
        "parent_node_id": "n_geo_north_coast_us",
        "country_node_id": "n_geo_united_states",
        "retrieved_on": "2026-09-26",
        "point_role": "source_polygon_interior_reference_point",
        "point_place_name": "Guenoc Valley",
        "source_url": "https://raw.githubusercontent.com/UCDavisLibrary/ava/7af5b29d45aee5e6c6ce3889e9b1de19085d7107/avas/guenoc_valley.geojson",
        "source_coordinate_url": "https://raw.githubusercontent.com/UCDavisLibrary/ava/7af5b29d45aee5e6c6ce3889e9b1de19085d7107/avas_aggregated_files/avas.geojson",
        "source_commit": "7af5b29d45aee5e6c6ce3889e9b1de19085d7107",
        "source_file_sha256": "c90068f7154764519f0a7c6fb2788e597b7c56bf7581e8c0faa979554d984926",
        "source_feature_id": "guenoc_valley",
        "source_cfr_index": "9.26",
        "derivation": "widest verified horizontal scanline interval midpoint; 63 scanlines per source polygon, holes excluded",
        "license": "CC0-1.0",
        "attribution": "UC Davis Library and DataLab AVA Project, with UCSB Library and Virginia Tech contributors",
        "label_note": "Community-polygon interior reference; not official centroid or legal boundary geometry."
      },
      "geometry": {
        "type": "Point",
        "coordinates": [
          -122.51844267834112,
          38.7556642530621
        ]
      }
    },
    {
      "type": "Feature",
      "properties": {
        "node": "n_geo_winters_highlands",
        "node_id": "n_geo_winters_highlands",
        "name": "Winters Highlands",
        "parent_node_id": "n_geo_california",
        "country_node_id": "n_geo_united_states",
        "retrieved_on": "2026-09-26",
        "point_role": "source_polygon_interior_reference_point",
        "point_place_name": "Winters Highlands",
        "source_url": "https://raw.githubusercontent.com/UCDavisLibrary/ava/7af5b29d45aee5e6c6ce3889e9b1de19085d7107/avas/winters_highlands.geojson",
        "source_coordinate_url": "https://raw.githubusercontent.com/UCDavisLibrary/ava/7af5b29d45aee5e6c6ce3889e9b1de19085d7107/avas_aggregated_files/avas.geojson",
        "source_commit": "7af5b29d45aee5e6c6ce3889e9b1de19085d7107",
        "source_file_sha256": "c90068f7154764519f0a7c6fb2788e597b7c56bf7581e8c0faa979554d984926",
        "source_feature_id": "winters_highlands",
        "source_cfr_index": "9.290",
        "derivation": "widest verified horizontal scanline interval midpoint; 63 scanlines per source polygon, holes excluded",
        "license": "CC0-1.0",
        "attribution": "UC Davis Library and DataLab AVA Project, with UCSB Library and Virginia Tech contributors",
        "label_note": "Community-polygon interior reference; not official centroid or legal boundary geometry."
      },
      "geometry": {
        "type": "Point",
        "coordinates": [
          -121.9827221355307,
          38.4938103243683
        ]
      }
    },
    {
      "type": "Feature",
      "properties": {
        "node": "n_geo_merritt_island",
        "node_id": "n_geo_merritt_island",
        "name": "Merritt Island",
        "parent_node_id": "n_geo_clarksburg",
        "country_node_id": "n_geo_united_states",
        "retrieved_on": "2026-09-26",
        "point_role": "source_polygon_interior_reference_point",
        "point_place_name": "Merritt Island",
        "source_url": "https://raw.githubusercontent.com/UCDavisLibrary/ava/7af5b29d45aee5e6c6ce3889e9b1de19085d7107/avas/merritt_island.geojson",
        "source_coordinate_url": "https://raw.githubusercontent.com/UCDavisLibrary/ava/7af5b29d45aee5e6c6ce3889e9b1de19085d7107/avas_aggregated_files/avas.geojson",
        "source_commit": "7af5b29d45aee5e6c6ce3889e9b1de19085d7107",
        "source_file_sha256": "c90068f7154764519f0a7c6fb2788e597b7c56bf7581e8c0faa979554d984926",
        "source_feature_id": "merritt_island",
        "source_cfr_index": "9.68",
        "derivation": "widest verified horizontal scanline interval midpoint; 63 scanlines per source polygon, holes excluded",
        "license": "CC0-1.0",
        "attribution": "UC Davis Library and DataLab AVA Project, with UCSB Library and Virginia Tech contributors",
        "label_note": "Community-polygon interior reference; not official centroid or legal boundary geometry."
      },
      "geometry": {
        "type": "Point",
        "coordinates": [
          -121.54240901311249,
          38.362191548536124
        ]
      }
    },
    {
      "type": "Feature",
      "properties": {
        "node": "n_geo_salado_creek",
        "node_id": "n_geo_salado_creek",
        "name": "Salado Creek",
        "parent_node_id": "n_geo_california",
        "country_node_id": "n_geo_united_states",
        "retrieved_on": "2026-09-26",
        "point_role": "source_polygon_interior_reference_point",
        "point_place_name": "Salado Creek",
        "source_url": "https://raw.githubusercontent.com/UCDavisLibrary/ava/7af5b29d45aee5e6c6ce3889e9b1de19085d7107/avas/salado_creek.geojson",
        "source_coordinate_url": "https://raw.githubusercontent.com/UCDavisLibrary/ava/7af5b29d45aee5e6c6ce3889e9b1de19085d7107/avas_aggregated_files/avas.geojson",
        "source_commit": "7af5b29d45aee5e6c6ce3889e9b1de19085d7107",
        "source_file_sha256": "c90068f7154764519f0a7c6fb2788e597b7c56bf7581e8c0faa979554d984926",
        "source_feature_id": "salado_creek",
        "source_cfr_index": "9.163",
        "derivation": "widest verified horizontal scanline interval midpoint; 63 scanlines per source polygon, holes excluded",
        "license": "CC0-1.0",
        "attribution": "UC Davis Library and DataLab AVA Project, with UCSB Library and Virginia Tech contributors",
        "label_note": "Community-polygon interior reference; not official centroid or legal boundary geometry."
      },
      "geometry": {
        "type": "Point",
        "coordinates": [
          -121.14508805321097,
          37.44912364548371
        ]
      }
    },
    {
      "type": "Feature",
      "properties": {
        "node": "n_geo_pacheco_pass",
        "node_id": "n_geo_pacheco_pass",
        "name": "Pacheco Pass",
        "parent_node_id": "n_geo_santa_clara_valley",
        "country_node_id": "n_geo_united_states",
        "retrieved_on": "2026-09-26",
        "point_role": "source_polygon_interior_reference_point",
        "point_place_name": "Pacheco Pass",
        "source_url": "https://raw.githubusercontent.com/UCDavisLibrary/ava/7af5b29d45aee5e6c6ce3889e9b1de19085d7107/avas/pacheco_pass.geojson",
        "source_coordinate_url": "https://raw.githubusercontent.com/UCDavisLibrary/ava/7af5b29d45aee5e6c6ce3889e9b1de19085d7107/avas_aggregated_files/avas.geojson",
        "source_commit": "7af5b29d45aee5e6c6ce3889e9b1de19085d7107",
        "source_file_sha256": "c90068f7154764519f0a7c6fb2788e597b7c56bf7581e8c0faa979554d984926",
        "source_feature_id": "pacheco_pass",
        "source_cfr_index": "9.88",
        "derivation": "widest verified horizontal scanline interval midpoint; 63 scanlines per source polygon, holes excluded",
        "license": "CC0-1.0",
        "attribution": "UC Davis Library and DataLab AVA Project, with UCSB Library and Virginia Tech contributors",
        "label_note": "Community-polygon interior reference; not official centroid or legal boundary geometry."
      },
      "geometry": {
        "type": "Point",
        "coordinates": [
          -121.37807878816179,
          36.94545973938597
        ]
      }
    },
    {
      "type": "Feature",
      "properties": {
        "node": "n_geo_san_ysidro_district",
        "node_id": "n_geo_san_ysidro_district",
        "name": "San Ysidro District",
        "parent_node_id": "n_geo_santa_clara_valley",
        "country_node_id": "n_geo_united_states",
        "retrieved_on": "2026-09-26",
        "point_role": "source_polygon_interior_reference_point",
        "point_place_name": "San Ysidro District",
        "source_url": "https://raw.githubusercontent.com/UCDavisLibrary/ava/7af5b29d45aee5e6c6ce3889e9b1de19085d7107/avas/san_ysidro_district.geojson",
        "source_coordinate_url": "https://raw.githubusercontent.com/UCDavisLibrary/ava/7af5b29d45aee5e6c6ce3889e9b1de19085d7107/avas_aggregated_files/avas.geojson",
        "source_commit": "7af5b29d45aee5e6c6ce3889e9b1de19085d7107",
        "source_file_sha256": "c90068f7154764519f0a7c6fb2788e597b7c56bf7581e8c0faa979554d984926",
        "source_feature_id": "san_ysidro_district",
        "source_cfr_index": "9.130",
        "derivation": "widest verified horizontal scanline interval midpoint; 63 scanlines per source polygon, holes excluded",
        "license": "CC0-1.0",
        "attribution": "UC Davis Library and DataLab AVA Project, with UCSB Library and Virginia Tech contributors",
        "label_note": "Community-polygon interior reference; not official centroid or legal boundary geometry."
      },
      "geometry": {
        "type": "Point",
        "coordinates": [
          -121.5006380780556,
          37.01064871356591
        ]
      }
    },
    {
      "type": "Feature",
      "properties": {
        "node": "n_geo_beverly_washington",
        "node_id": "n_geo_beverly_washington",
        "name": "Beverly Washington",
        "parent_node_id": "n_geo_columbia_valley",
        "country_node_id": "n_geo_united_states",
        "retrieved_on": "2026-09-26",
        "point_role": "source_polygon_interior_reference_point",
        "point_place_name": "Beverly Washington",
        "source_url": "https://raw.githubusercontent.com/UCDavisLibrary/ava/7af5b29d45aee5e6c6ce3889e9b1de19085d7107/avas/beverly_washington.geojson",
        "source_coordinate_url": "https://raw.githubusercontent.com/UCDavisLibrary/ava/7af5b29d45aee5e6c6ce3889e9b1de19085d7107/avas_aggregated_files/avas.geojson",
        "source_commit": "7af5b29d45aee5e6c6ce3889e9b1de19085d7107",
        "source_file_sha256": "c90068f7154764519f0a7c6fb2788e597b7c56bf7581e8c0faa979554d984926",
        "source_feature_id": "beverly_washington",
        "source_cfr_index": "9.297",
        "derivation": "widest verified horizontal scanline interval midpoint; 63 scanlines per source polygon, holes excluded",
        "license": "CC0-1.0",
        "attribution": "UC Davis Library and DataLab AVA Project, with UCSB Library and Virginia Tech contributors",
        "label_note": "Community-polygon interior reference; not official centroid or legal boundary geometry."
      },
      "geometry": {
        "type": "Point",
        "coordinates": [
          -119.92123893843483,
          46.85417763427549
        ]
      }
    },
    {
      "type": "Feature",
      "properties": {
        "node": "n_geo_lime_kiln_valley",
        "node_id": "n_geo_lime_kiln_valley",
        "name": "Lime Kiln Valley",
        "parent_node_id": "n_geo_cienega_valley",
        "country_node_id": "n_geo_united_states",
        "retrieved_on": "2026-09-26",
        "point_role": "source_polygon_interior_reference_point",
        "point_place_name": "Lime Kiln Valley",
        "source_url": "https://raw.githubusercontent.com/UCDavisLibrary/ava/7af5b29d45aee5e6c6ce3889e9b1de19085d7107/avas/lime_kiln_valley.geojson",
        "source_coordinate_url": "https://raw.githubusercontent.com/UCDavisLibrary/ava/7af5b29d45aee5e6c6ce3889e9b1de19085d7107/avas_aggregated_files/avas.geojson",
        "source_commit": "7af5b29d45aee5e6c6ce3889e9b1de19085d7107",
        "source_file_sha256": "c90068f7154764519f0a7c6fb2788e597b7c56bf7581e8c0faa979554d984926",
        "source_feature_id": "lime_kiln_valley",
        "source_cfr_index": "9.27",
        "derivation": "widest verified horizontal scanline interval midpoint; 63 scanlines per source polygon, holes excluded",
        "license": "CC0-1.0",
        "attribution": "UC Davis Library and DataLab AVA Project, with UCSB Library and Virginia Tech contributors",
        "label_note": "Community-polygon interior reference; not official centroid or legal boundary geometry."
      },
      "geometry": {
        "type": "Point",
        "coordinates": [
          -121.3417545386483,
          36.68678959446285
        ]
      }
    },
    {
      "type": "Feature",
      "properties": {
        "node": "n_geo_mcdowell_valley",
        "node_id": "n_geo_mcdowell_valley",
        "name": "McDowell Valley",
        "parent_node_id": "n_geo_mendocino_ava",
        "country_node_id": "n_geo_united_states",
        "retrieved_on": "2026-09-26",
        "point_role": "source_polygon_interior_reference_point",
        "point_place_name": "McDowell Valley",
        "source_url": "https://raw.githubusercontent.com/UCDavisLibrary/ava/7af5b29d45aee5e6c6ce3889e9b1de19085d7107/avas/mcdowell_valley.geojson",
        "source_coordinate_url": "https://raw.githubusercontent.com/UCDavisLibrary/ava/7af5b29d45aee5e6c6ce3889e9b1de19085d7107/avas_aggregated_files/avas.geojson",
        "source_commit": "7af5b29d45aee5e6c6ce3889e9b1de19085d7107",
        "source_file_sha256": "c90068f7154764519f0a7c6fb2788e597b7c56bf7581e8c0faa979554d984926",
        "source_feature_id": "mcdowell_valley",
        "source_cfr_index": "9.36",
        "derivation": "widest verified horizontal scanline interval midpoint; 63 scanlines per source polygon, holes excluded",
        "license": "CC0-1.0",
        "attribution": "UC Davis Library and DataLab AVA Project, with UCSB Library and Virginia Tech contributors",
        "label_note": "Community-polygon interior reference; not official centroid or legal boundary geometry."
      },
      "geometry": {
        "type": "Point",
        "coordinates": [
          -123.0412965635887,
          38.961104007043424
        ]
      }
    },
    {
      "type": "Feature",
      "properties": {
        "node": "n_geo_seiad_valley",
        "node_id": "n_geo_seiad_valley",
        "name": "Seiad Valley",
        "parent_node_id": "n_geo_california",
        "country_node_id": "n_geo_united_states",
        "retrieved_on": "2026-09-26",
        "point_role": "source_polygon_interior_reference_point",
        "point_place_name": "Seiad Valley",
        "source_url": "https://raw.githubusercontent.com/UCDavisLibrary/ava/7af5b29d45aee5e6c6ce3889e9b1de19085d7107/avas/seiad_valley.geojson",
        "source_coordinate_url": "https://raw.githubusercontent.com/UCDavisLibrary/ava/7af5b29d45aee5e6c6ce3889e9b1de19085d7107/avas_aggregated_files/avas.geojson",
        "source_commit": "7af5b29d45aee5e6c6ce3889e9b1de19085d7107",
        "source_file_sha256": "c90068f7154764519f0a7c6fb2788e597b7c56bf7581e8c0faa979554d984926",
        "source_feature_id": "seiad_valley",
        "source_cfr_index": "9.148",
        "derivation": "widest verified horizontal scanline interval midpoint; 63 scanlines per source polygon, holes excluded",
        "license": "CC0-1.0",
        "attribution": "UC Davis Library and DataLab AVA Project, with UCSB Library and Virginia Tech contributors",
        "label_note": "Community-polygon interior reference; not official centroid or legal boundary geometry."
      },
      "geometry": {
        "type": "Point",
        "coordinates": [
          -123.19470503044425,
          41.84605515272697
        ]
      }
    },
    {
      "type": "Feature",
      "properties": {
        "node": "n_geo_saddle_rock_malibu",
        "node_id": "n_geo_saddle_rock_malibu",
        "name": "Saddle Rock-Malibu",
        "parent_node_id": "n_geo_malibu_coast",
        "country_node_id": "n_geo_united_states",
        "retrieved_on": "2026-09-26",
        "point_role": "source_polygon_interior_reference_point",
        "point_place_name": "Saddle Rock-Malibu",
        "source_url": "https://raw.githubusercontent.com/UCDavisLibrary/ava/7af5b29d45aee5e6c6ce3889e9b1de19085d7107/avas/saddle_rock_malibu.geojson",
        "source_coordinate_url": "https://raw.githubusercontent.com/UCDavisLibrary/ava/7af5b29d45aee5e6c6ce3889e9b1de19085d7107/avas_aggregated_files/avas.geojson",
        "source_commit": "7af5b29d45aee5e6c6ce3889e9b1de19085d7107",
        "source_file_sha256": "c90068f7154764519f0a7c6fb2788e597b7c56bf7581e8c0faa979554d984926",
        "source_feature_id": "saddle_rock_malibu",
        "source_cfr_index": "9.203",
        "derivation": "widest verified horizontal scanline interval midpoint; 63 scanlines per source polygon, holes excluded",
        "license": "CC0-1.0",
        "attribution": "UC Davis Library and DataLab AVA Project, with UCSB Library and Virginia Tech contributors",
        "label_note": "Community-polygon interior reference; not official centroid or legal boundary geometry."
      },
      "geometry": {
        "type": "Point",
        "coordinates": [
          -118.82912491430733,
          34.098140615164354
        ]
      }
    },
    {
      "type": "Feature",
      "properties": {
        "node": "n_geo_comptche",
        "node_id": "n_geo_comptche",
        "name": "Comptche",
        "parent_node_id": "n_geo_california",
        "country_node_id": "n_geo_united_states",
        "retrieved_on": "2026-09-26",
        "point_role": "source_polygon_interior_reference_point",
        "point_place_name": "Comptche",
        "source_url": "https://raw.githubusercontent.com/UCDavisLibrary/ava/7af5b29d45aee5e6c6ce3889e9b1de19085d7107/avas/comptche.geojson",
        "source_coordinate_url": "https://raw.githubusercontent.com/UCDavisLibrary/ava/7af5b29d45aee5e6c6ce3889e9b1de19085d7107/avas_aggregated_files/avas.geojson",
        "source_commit": "7af5b29d45aee5e6c6ce3889e9b1de19085d7107",
        "source_file_sha256": "c90068f7154764519f0a7c6fb2788e597b7c56bf7581e8c0faa979554d984926",
        "source_feature_id": "comptche",
        "source_cfr_index": "9.292",
        "derivation": "widest verified horizontal scanline interval midpoint; 63 scanlines per source polygon, holes excluded",
        "license": "CC0-1.0",
        "attribution": "UC Davis Library and DataLab AVA Project, with UCSB Library and Virginia Tech contributors",
        "label_note": "Community-polygon interior reference; not official centroid or legal boundary geometry."
      },
      "geometry": {
        "type": "Point",
        "coordinates": [
          -123.58298794746818,
          39.26523376001714
        ]
      }
    },
    {
      "type": "Feature",
      "properties": {
        "node": "n_geo_river_junction",
        "node_id": "n_geo_river_junction",
        "name": "River Junction",
        "parent_node_id": "n_geo_california",
        "country_node_id": "n_geo_united_states",
        "retrieved_on": "2026-09-26",
        "point_role": "source_polygon_interior_reference_point",
        "point_place_name": "River Junction",
        "source_url": "https://raw.githubusercontent.com/UCDavisLibrary/ava/7af5b29d45aee5e6c6ce3889e9b1de19085d7107/avas/river_junction.geojson",
        "source_coordinate_url": "https://raw.githubusercontent.com/UCDavisLibrary/ava/7af5b29d45aee5e6c6ce3889e9b1de19085d7107/avas_aggregated_files/avas.geojson",
        "source_commit": "7af5b29d45aee5e6c6ce3889e9b1de19085d7107",
        "source_file_sha256": "c90068f7154764519f0a7c6fb2788e597b7c56bf7581e8c0faa979554d984926",
        "source_feature_id": "river_junction",
        "source_cfr_index": "9.164",
        "derivation": "widest verified horizontal scanline interval midpoint; 63 scanlines per source polygon, holes excluded",
        "license": "CC0-1.0",
        "attribution": "UC Davis Library and DataLab AVA Project, with UCSB Library and Virginia Tech contributors",
        "label_note": "Community-polygon interior reference; not official centroid or legal boundary geometry."
      },
      "geometry": {
        "type": "Point",
        "coordinates": [
          -121.24345210572051,
          37.675875537362685
        ]
      }
    },
    {
      "type": "Feature",
      "properties": {
        "node": "n_geo_benmore_valley",
        "node_id": "n_geo_benmore_valley",
        "name": "Benmore Valley",
        "parent_node_id": "n_geo_north_coast_us",
        "country_node_id": "n_geo_united_states",
        "retrieved_on": "2026-09-26",
        "point_role": "source_polygon_interior_reference_point",
        "point_place_name": "Benmore Valley",
        "source_url": "https://raw.githubusercontent.com/UCDavisLibrary/ava/7af5b29d45aee5e6c6ce3889e9b1de19085d7107/avas/benmore_valley.geojson",
        "source_coordinate_url": "https://raw.githubusercontent.com/UCDavisLibrary/ava/7af5b29d45aee5e6c6ce3889e9b1de19085d7107/avas_aggregated_files/avas.geojson",
        "source_commit": "7af5b29d45aee5e6c6ce3889e9b1de19085d7107",
        "source_file_sha256": "c90068f7154764519f0a7c6fb2788e597b7c56bf7581e8c0faa979554d984926",
        "source_feature_id": "benmore_valley",
        "source_cfr_index": "9.138",
        "derivation": "widest verified horizontal scanline interval midpoint; 63 scanlines per source polygon, holes excluded",
        "license": "CC0-1.0",
        "attribution": "UC Davis Library and DataLab AVA Project, with UCSB Library and Virginia Tech contributors",
        "label_note": "Community-polygon interior reference; not official centroid or legal boundary geometry."
      },
      "geometry": {
        "type": "Point",
        "coordinates": [
          -123.01796125281557,
          39.00768602566472
        ]
      }
    },
    {
      "type": "Feature",
      "properties": {
        "node": "n_geo_malibu_newton_canyon",
        "node_id": "n_geo_malibu_newton_canyon",
        "name": "Malibu-Newton Canyon",
        "parent_node_id": "n_geo_malibu_coast",
        "country_node_id": "n_geo_united_states",
        "retrieved_on": "2026-09-26",
        "point_role": "source_polygon_interior_reference_point",
        "point_place_name": "Malibu-Newton Canyon",
        "source_url": "https://raw.githubusercontent.com/UCDavisLibrary/ava/7af5b29d45aee5e6c6ce3889e9b1de19085d7107/avas/malibu_newton_canyon.geojson",
        "source_coordinate_url": "https://raw.githubusercontent.com/UCDavisLibrary/ava/7af5b29d45aee5e6c6ce3889e9b1de19085d7107/avas_aggregated_files/avas.geojson",
        "source_commit": "7af5b29d45aee5e6c6ce3889e9b1de19085d7107",
        "source_file_sha256": "c90068f7154764519f0a7c6fb2788e597b7c56bf7581e8c0faa979554d984926",
        "source_feature_id": "malibu_newton_canyon",
        "source_cfr_index": "9.152",
        "derivation": "widest verified horizontal scanline interval midpoint; 63 scanlines per source polygon, holes excluded",
        "license": "CC0-1.0",
        "attribution": "UC Davis Library and DataLab AVA Project, with UCSB Library and Virginia Tech contributors",
        "label_note": "Community-polygon interior reference; not official centroid or legal boundary geometry."
      },
      "geometry": {
        "type": "Point",
        "coordinates": [
          -118.8017395549274,
          34.07945042659287
        ]
      }
    },
    {
      "type": "Feature",
      "properties": {
        "node": "n_geo_cole_ranch",
        "node_id": "n_geo_cole_ranch",
        "name": "Cole Ranch",
        "parent_node_id": "n_geo_mendocino_ava",
        "country_node_id": "n_geo_united_states",
        "retrieved_on": "2026-09-26",
        "point_role": "source_polygon_interior_reference_point",
        "point_place_name": "Cole Ranch",
        "source_url": "https://raw.githubusercontent.com/UCDavisLibrary/ava/7af5b29d45aee5e6c6ce3889e9b1de19085d7107/avas/cole_ranch.geojson",
        "source_coordinate_url": "https://raw.githubusercontent.com/UCDavisLibrary/ava/7af5b29d45aee5e6c6ce3889e9b1de19085d7107/avas_aggregated_files/avas.geojson",
        "source_commit": "7af5b29d45aee5e6c6ce3889e9b1de19085d7107",
        "source_file_sha256": "c90068f7154764519f0a7c6fb2788e597b7c56bf7581e8c0faa979554d984926",
        "source_feature_id": "cole_ranch",
        "source_cfr_index": "9.42",
        "derivation": "widest verified horizontal scanline interval midpoint; 63 scanlines per source polygon, holes excluded",
        "license": "CC0-1.0",
        "attribution": "UC Davis Library and DataLab AVA Project, with UCSB Library and Virginia Tech contributors",
        "label_note": "Community-polygon interior reference; not official centroid or legal boundary geometry."
      },
      "geometry": {
        "type": "Point",
        "coordinates": [
          -123.22366920677143,
          39.06104307869898
        ]
      }
    }
  ]
}
