{
  "type": "FeatureCollection",
  "features": [
    {
      "type": "Feature",
      "properties": {
        "node": "n_geo_veneto",
        "node_id": "n_geo_veneto",
        "name": "Veneto",
        "country_node_id": "n_geo_italy",
        "parent_node_id": "n_geo_italy",
        "point_role": "gazetteer_reference_point",
        "point_place_name": "Veneto",
        "point_description": "region in Italy",
        "source_url": "https://www.wikidata.org/wiki/Q1243",
        "wikidata_id": "Q1243",
        "wikidata_coordinate_claim": "q1243$0C7E72A2-68A6-4125-8E47-BC3426BBED23",
        "coordinate_precision": 0.016666666666667,
        "retrieved_on": "2026-09-26",
        "license": "CC0-1.0",
        "source_coordinate_url": "https://www.wikidata.org/wiki/Special:EntityData/Q1243.json",
        "label_note": "Reference point: Veneto. This point does not represent the wine-region boundary."
      },
      "geometry": {
        "type": "Point",
        "coordinates": [
          11.85,
          45.733333333333
        ]
      }
    },
    {
      "type": "Feature",
      "properties": {
        "node": "n_geo_lombardy",
        "node_id": "n_geo_lombardy",
        "name": "Lombardy",
        "country_node_id": "n_geo_italy",
        "parent_node_id": "n_geo_italy",
        "point_role": "gazetteer_reference_point",
        "point_place_name": "Lombardy",
        "point_description": "administrative region in Northern Italy",
        "source_url": "https://www.wikidata.org/wiki/Q1210",
        "wikidata_id": "Q1210",
        "wikidata_coordinate_claim": "q1210$5270336F-58FD-4C9C-B993-8354E34CCF53",
        "coordinate_precision": 0.016666666666667,
        "retrieved_on": "2026-09-26",
        "license": "CC0-1.0",
        "source_coordinate_url": "https://www.wikidata.org/wiki/Special:EntityData/Q1210.json",
        "label_note": "Reference point: Lombardy. This point does not represent the wine-region boundary."
      },
      "geometry": {
        "type": "Point",
        "coordinates": [
          9.95,
          45.65
        ]
      }
    },
    {
      "type": "Feature",
      "properties": {
        "node": "n_geo_friuli_venezia_giulia",
        "node_id": "n_geo_friuli_venezia_giulia",
        "name": "Friuli Venezia Giulia",
        "country_node_id": "n_geo_italy",
        "parent_node_id": "n_geo_italy",
        "point_role": "gazetteer_reference_point",
        "point_place_name": "Friuli Venezia Giulia",
        "point_description": "autonomous region of Italy",
        "source_url": "https://www.wikidata.org/wiki/Q1250",
        "wikidata_id": "Q1250",
        "wikidata_coordinate_claim": "q1250$28FB7E49-995B-45D3-A2AD-60AA420AC997",
        "coordinate_precision": 0.016666666666667,
        "retrieved_on": "2026-09-26",
        "license": "CC0-1.0",
        "source_coordinate_url": "https://www.wikidata.org/wiki/Special:EntityData/Q1250.json",
        "label_note": "Reference point: Friuli Venezia Giulia. This point does not represent the wine-region boundary."
      },
      "geometry": {
        "type": "Point",
        "coordinates": [
          13.116666666667,
          46.1
        ]
      }
    },
    {
      "type": "Feature",
      "properties": {
        "node": "n_geo_marche",
        "node_id": "n_geo_marche",
        "name": "Marche",
        "country_node_id": "n_geo_italy",
        "parent_node_id": "n_geo_italy",
        "point_role": "gazetteer_reference_point",
        "point_place_name": "Marche",
        "point_description": "region in Italy",
        "source_url": "https://www.wikidata.org/wiki/Q1279",
        "wikidata_id": "Q1279",
        "wikidata_coordinate_claim": "q1279$F7194B24-3D00-405A-8650-AF94854D5A65",
        "coordinate_precision": 0.016666666666667,
        "retrieved_on": "2026-09-26",
        "license": "CC0-1.0",
        "source_coordinate_url": "https://www.wikidata.org/wiki/Special:EntityData/Q1279.json",
        "label_note": "Reference point: Marche. This point does not represent the wine-region boundary."
      },
      "geometry": {
        "type": "Point",
        "coordinates": [
          13,
          43.316666666667
        ]
      }
    },
    {
      "type": "Feature",
      "properties": {
        "node": "n_geo_campania",
        "node_id": "n_geo_campania",
        "name": "Campania",
        "country_node_id": "n_geo_italy",
        "parent_node_id": "n_geo_italy",
        "point_role": "gazetteer_reference_point",
        "point_place_name": "Campania",
        "point_description": "region in Southern Italy",
        "source_url": "https://www.wikidata.org/wiki/Q1438",
        "wikidata_id": "Q1438",
        "wikidata_coordinate_claim": "q1438$9963D3C6-8A10-4367-8604-F13029E4597E",
        "coordinate_precision": 0.016666666666666666,
        "retrieved_on": "2026-09-26",
        "license": "CC0-1.0",
        "source_coordinate_url": "https://www.wikidata.org/wiki/Special:EntityData/Q1438.json",
        "label_note": "Reference point: Campania. This point does not represent the wine-region boundary."
      },
      "geometry": {
        "type": "Point",
        "coordinates": [
          14.95,
          40.75
        ]
      }
    },
    {
      "type": "Feature",
      "properties": {
        "node": "n_geo_sicily",
        "node_id": "n_geo_sicily",
        "name": "Sicily",
        "country_node_id": "n_geo_italy",
        "parent_node_id": "n_geo_italy",
        "point_role": "gazetteer_reference_point",
        "point_place_name": "Sicily",
        "point_description": "island in the Mediterranean, region of Italy",
        "source_url": "https://www.wikidata.org/wiki/Q1460",
        "wikidata_id": "Q1460",
        "wikidata_coordinate_claim": "q1460$23BBA883-1C1E-4034-A8B5-FBABBB78B366",
        "coordinate_precision": 0.016666666666666666,
        "retrieved_on": "2026-09-26",
        "license": "CC0-1.0",
        "source_coordinate_url": "https://www.wikidata.org/wiki/Special:EntityData/Q1460.json",
        "label_note": "Reference point: Sicily. This point does not represent the wine-region boundary."
      },
      "geometry": {
        "type": "Point",
        "coordinates": [
          14.016666666666667,
          37.6
        ]
      }
    },
    {
      "type": "Feature",
      "properties": {
        "node": "n_geo_roero",
        "node_id": "n_geo_roero",
        "name": "Roero",
        "country_node_id": "n_geo_italy",
        "parent_node_id": "n_geo_piedmont",
        "point_role": "municipal_reference_point",
        "point_place_name": "Canale",
        "point_description": "Italian comune",
        "source_url": "https://www.wikidata.org/wiki/Q18394",
        "wikidata_id": "Q18394",
        "wikidata_coordinate_claim": "q18394$1A57B8D4-DCF7-4078-BF94-A3D06F004E1C",
        "coordinate_precision": 0.0166667,
        "retrieved_on": "2026-09-26",
        "license": "CC0-1.0",
        "source_coordinate_url": "https://www.wikidata.org/wiki/Special:EntityData/Q18394.json",
        "label_note": "Reference point: Canale. This point does not represent the wine-region boundary."
      },
      "geometry": {
        "type": "Point",
        "coordinates": [
          8,
          44.8
        ]
      }
    },
    {
      "type": "Feature",
      "properties": {
        "node": "n_geo_barbera_d_asti",
        "node_id": "n_geo_barbera_d_asti",
        "name": "Barbera d’Asti",
        "country_node_id": "n_geo_italy",
        "parent_node_id": "n_geo_piedmont",
        "point_role": "municipal_reference_point",
        "point_place_name": "Costigliole d'Asti",
        "point_description": "Italian comune",
        "source_url": "https://www.wikidata.org/wiki/Q17806",
        "wikidata_id": "Q17806",
        "wikidata_coordinate_claim": "q17806$28B692F7-C609-4EC1-911D-AB4DE8F79B49",
        "coordinate_precision": 0.00027777777777778,
        "retrieved_on": "2026-09-26",
        "license": "CC0-1.0",
        "source_coordinate_url": "https://www.wikidata.org/wiki/Special:EntityData/Q17806.json",
        "label_note": "Reference point: Costigliole d'Asti. This point does not represent the wine-region boundary."
      },
      "geometry": {
        "type": "Point",
        "coordinates": [
          8.1819444444444,
          44.785
        ]
      }
    },
    {
      "type": "Feature",
      "properties": {
        "node": "n_geo_nizza",
        "node_id": "n_geo_nizza",
        "name": "Nizza",
        "country_node_id": "n_geo_italy",
        "parent_node_id": "n_geo_piedmont",
        "point_role": "municipal_reference_point",
        "point_place_name": "Nizza Monferrato",
        "point_description": "Italian comune",
        "source_url": "https://www.wikidata.org/wiki/Q17839",
        "wikidata_id": "Q17839",
        "wikidata_coordinate_claim": "q17839$51CE2DD2-A510-4A49-A2DE-8C07CFF3097C",
        "coordinate_precision": 0.00027777777777778,
        "retrieved_on": "2026-09-26",
        "license": "CC0-1.0",
        "source_coordinate_url": "https://www.wikidata.org/wiki/Special:EntityData/Q17839.json",
        "label_note": "Reference point: Nizza Monferrato. This point does not represent the wine-region boundary."
      },
      "geometry": {
        "type": "Point",
        "coordinates": [
          8.355,
          44.774722222222
        ]
      }
    },
    {
      "type": "Feature",
      "properties": {
        "node": "n_geo_gavi",
        "node_id": "n_geo_gavi",
        "name": "Gavi",
        "country_node_id": "n_geo_italy",
        "parent_node_id": "n_geo_piedmont",
        "point_role": "municipal_reference_point",
        "point_place_name": "Gavi",
        "point_description": "municipality in Italy",
        "source_url": "https://www.wikidata.org/wiki/Q17368",
        "wikidata_id": "Q17368",
        "wikidata_coordinate_claim": "q17368$8750DE39-DAB5-43AA-B651-B748D929E52A",
        "coordinate_precision": 0.00027777777777778,
        "retrieved_on": "2026-09-26",
        "license": "CC0-1.0",
        "source_coordinate_url": "https://www.wikidata.org/wiki/Special:EntityData/Q17368.json",
        "label_note": "Reference point: Gavi. This point does not represent the wine-region boundary."
      },
      "geometry": {
        "type": "Point",
        "coordinates": [
          8.8102777777778,
          44.688611111111
        ]
      }
    },
    {
      "type": "Feature",
      "properties": {
        "node": "n_geo_asti",
        "node_id": "n_geo_asti",
        "name": "Asti",
        "country_node_id": "n_geo_italy",
        "parent_node_id": "n_geo_piedmont",
        "point_role": "municipal_reference_point",
        "point_place_name": "Asti",
        "point_description": "Italian comune",
        "source_url": "https://www.wikidata.org/wiki/Q6122",
        "wikidata_id": "Q6122",
        "wikidata_coordinate_claim": "Q6122$BE1D3CA6-80AC-42AC-986B-08D15175B43D",
        "coordinate_precision": 0.00027777777777778,
        "retrieved_on": "2026-09-26",
        "license": "CC0-1.0",
        "source_coordinate_url": "https://www.wikidata.org/wiki/Special:EntityData/Q6122.json",
        "label_note": "Reference point: Asti. This point does not represent the wine-region boundary."
      },
      "geometry": {
        "type": "Point",
        "coordinates": [
          8.2069444444444,
          44.9
        ]
      }
    },
    {
      "type": "Feature",
      "properties": {
        "node": "n_geo_dogliani",
        "node_id": "n_geo_dogliani",
        "name": "Dogliani",
        "country_node_id": "n_geo_italy",
        "parent_node_id": "n_geo_piedmont",
        "point_role": "municipal_reference_point",
        "point_place_name": "Dogliani",
        "point_description": "Italian comune",
        "source_url": "https://www.wikidata.org/wiki/Q20022",
        "wikidata_id": "Q20022",
        "wikidata_coordinate_claim": "q20022$28197B5D-5108-471F-95EC-EC269BE2C9A6",
        "coordinate_precision": 0.00027777777777778,
        "retrieved_on": "2026-09-26",
        "license": "CC0-1.0",
        "source_coordinate_url": "https://www.wikidata.org/wiki/Special:EntityData/Q20022.json",
        "label_note": "Reference point: Dogliani. This point does not represent the wine-region boundary."
      },
      "geometry": {
        "type": "Point",
        "coordinates": [
          7.95,
          44.533333333333
        ]
      }
    },
    {
      "type": "Feature",
      "properties": {
        "node": "n_geo_gattinara",
        "node_id": "n_geo_gattinara",
        "name": "Gattinara",
        "country_node_id": "n_geo_italy",
        "parent_node_id": "n_geo_piedmont",
        "point_role": "gazetteer_reference_point",
        "point_place_name": "Gattinara DOCG",
        "point_description": "Italian controlled and guaranteed designation of origin wine from Piedmont",
        "source_url": "https://www.wikidata.org/wiki/Q594168",
        "wikidata_id": "Q594168",
        "wikidata_coordinate_claim": "Q594168$76324a61-9c6b-4891-b9c4-9191cb116c60",
        "coordinate_precision": 0.001,
        "retrieved_on": "2026-09-26",
        "license": "CC0-1.0",
        "source_coordinate_url": "https://www.wikidata.org/wiki/Special:EntityData/Q594168.json",
        "label_note": "Reference point: Gattinara DOCG. This point does not represent the wine-region boundary."
      },
      "geometry": {
        "type": "Point",
        "coordinates": [
          8.367,
          45.608
        ]
      }
    },
    {
      "type": "Feature",
      "properties": {
        "node": "n_geo_ghemme",
        "node_id": "n_geo_ghemme",
        "name": "Ghemme",
        "country_node_id": "n_geo_italy",
        "parent_node_id": "n_geo_piedmont",
        "point_role": "gazetteer_reference_point",
        "point_place_name": "Ghemme DOCG",
        "point_description": "Italian controlled and guaranteed designation of origin wine from Piedmont",
        "source_url": "https://www.wikidata.org/wiki/Q1421577",
        "wikidata_id": "Q1421577",
        "wikidata_coordinate_claim": "Q1421577$9229de3b-8763-4c90-a2c9-cc80a6bd4bc8",
        "coordinate_precision": 0.016666666666666666,
        "retrieved_on": "2026-09-26",
        "license": "CC0-1.0",
        "source_coordinate_url": "https://www.wikidata.org/wiki/Special:EntityData/Q1421577.json",
        "label_note": "Reference point: Ghemme DOCG. This point does not represent the wine-region boundary."
      },
      "geometry": {
        "type": "Point",
        "coordinates": [
          8.416666666666666,
          45.6
        ]
      }
    },
    {
      "type": "Feature",
      "properties": {
        "node": "n_geo_chianti",
        "node_id": "n_geo_chianti",
        "name": "Chianti",
        "country_node_id": "n_geo_italy",
        "parent_node_id": "n_geo_tuscany",
        "point_role": "municipal_reference_point",
        "point_place_name": "Empoli",
        "point_description": "Italian comune",
        "source_url": "https://www.wikidata.org/wiki/Q6697",
        "wikidata_id": "Q6697",
        "wikidata_coordinate_claim": "q6697$C5CB06A9-20D2-479E-87D0-FBD519A39B45",
        "coordinate_precision": 0.00027777777777778,
        "retrieved_on": "2026-09-26",
        "license": "CC0-1.0",
        "source_coordinate_url": "https://www.wikidata.org/wiki/Special:EntityData/Q6697.json",
        "label_note": "Reference point: Empoli. This point does not represent the wine-region boundary."
      },
      "geometry": {
        "type": "Point",
        "coordinates": [
          10.95,
          43.716666666667
        ]
      }
    },
    {
      "type": "Feature",
      "properties": {
        "node": "n_geo_vino_nobile_di_montepulciano",
        "node_id": "n_geo_vino_nobile_di_montepulciano",
        "name": "Vino Nobile di Montepulciano",
        "country_node_id": "n_geo_italy",
        "parent_node_id": "n_geo_tuscany",
        "point_role": "municipal_reference_point",
        "point_place_name": "Montepulciano",
        "point_description": "Italian urban municipality",
        "source_url": "https://www.wikidata.org/wiki/Q91217",
        "wikidata_id": "Q91217",
        "wikidata_coordinate_claim": "q91217$1CDA8BB5-85F2-4020-A007-26EB6A4AFE31",
        "coordinate_precision": 0.00027777777777778,
        "retrieved_on": "2026-09-26",
        "license": "CC0-1.0",
        "source_coordinate_url": "https://www.wikidata.org/wiki/Special:EntityData/Q91217.json",
        "label_note": "Reference point: Montepulciano. This point does not represent the wine-region boundary."
      },
      "geometry": {
        "type": "Point",
        "coordinates": [
          11.783333333333,
          43.1
        ]
      }
    },
    {
      "type": "Feature",
      "properties": {
        "node": "n_geo_bolgheri",
        "node_id": "n_geo_bolgheri",
        "name": "Bolgheri",
        "country_node_id": "n_geo_italy",
        "parent_node_id": "n_geo_tuscany",
        "point_role": "municipal_reference_point",
        "point_place_name": "Bolgheri",
        "point_description": "frazione of Castagneto Carducci, Italy",
        "source_url": "https://www.wikidata.org/wiki/Q891340",
        "wikidata_id": "Q891340",
        "wikidata_coordinate_claim": "Q891340$C2E751D0-2F8E-49BB-AF91-45EAF998F43F",
        "coordinate_precision": 0.00027777777777778,
        "retrieved_on": "2026-09-26",
        "license": "CC0-1.0",
        "source_coordinate_url": "https://www.wikidata.org/wiki/Special:EntityData/Q891340.json",
        "label_note": "Reference point: Bolgheri. This point does not represent the wine-region boundary."
      },
      "geometry": {
        "type": "Point",
        "coordinates": [
          10.61722222,
          43.23388889
        ]
      }
    },
    {
      "type": "Feature",
      "properties": {
        "node": "n_geo_morellino_di_scansano",
        "node_id": "n_geo_morellino_di_scansano",
        "name": "Morellino di Scansano",
        "country_node_id": "n_geo_italy",
        "parent_node_id": "n_geo_tuscany",
        "point_role": "municipal_reference_point",
        "point_place_name": "Scansano",
        "point_description": "Italian comune",
        "source_url": "https://www.wikidata.org/wiki/Q215116",
        "wikidata_id": "Q215116",
        "wikidata_coordinate_claim": "q215116$10CE8272-9F9C-4D0F-A83D-23529E91F5F8",
        "coordinate_precision": 0.00027777777777778,
        "retrieved_on": "2026-09-26",
        "license": "CC0-1.0",
        "source_coordinate_url": "https://www.wikidata.org/wiki/Special:EntityData/Q215116.json",
        "label_note": "Reference point: Scansano. This point does not represent the wine-region boundary."
      },
      "geometry": {
        "type": "Point",
        "coordinates": [
          11.334722222222,
          42.689722222222
        ]
      }
    },
    {
      "type": "Feature",
      "properties": {
        "node": "n_geo_carmignano",
        "node_id": "n_geo_carmignano",
        "name": "Carmignano",
        "country_node_id": "n_geo_italy",
        "parent_node_id": "n_geo_tuscany",
        "point_role": "municipal_reference_point",
        "point_place_name": "Carmignano",
        "point_description": "Italian comune",
        "source_url": "https://www.wikidata.org/wiki/Q20385",
        "wikidata_id": "Q20385",
        "wikidata_coordinate_claim": "Q20385$43BC6EA4-9DFC-4E22-A879-EB8777E2A474",
        "coordinate_precision": 1e-05,
        "retrieved_on": "2026-09-26",
        "license": "CC0-1.0",
        "source_coordinate_url": "https://www.wikidata.org/wiki/Special:EntityData/Q20385.json",
        "label_note": "Reference point: Carmignano. This point does not represent the wine-region boundary."
      },
      "geometry": {
        "type": "Point",
        "coordinates": [
          11.01494,
          43.81027
        ]
      }
    },
    {
      "type": "Feature",
      "properties": {
        "node": "n_geo_vernaccia_di_san_gimignano",
        "node_id": "n_geo_vernaccia_di_san_gimignano",
        "name": "Vernaccia di San Gimignano",
        "country_node_id": "n_geo_italy",
        "parent_node_id": "n_geo_tuscany",
        "point_role": "gazetteer_reference_point",
        "point_place_name": "Vernaccia di San Gimignano DOCG",
        "point_description": "Italian controlled and guaranteed designation of origin wine from Tuscany",
        "source_url": "https://www.wikidata.org/wiki/Q1401752",
        "wikidata_id": "Q1401752",
        "wikidata_coordinate_claim": "Q1401752$186aa92f-a347-4efb-9362-777ebacfe689",
        "coordinate_precision": 0.001,
        "retrieved_on": "2026-09-26",
        "license": "CC0-1.0",
        "source_coordinate_url": "https://www.wikidata.org/wiki/Special:EntityData/Q1401752.json",
        "label_note": "Reference point: Vernaccia di San Gimignano DOCG. This point does not represent the wine-region boundary."
      },
      "geometry": {
        "type": "Point",
        "coordinates": [
          11.042,
          43.468
        ]
      }
    },
    {
      "type": "Feature",
      "properties": {
        "node": "n_geo_valpolicella",
        "node_id": "n_geo_valpolicella",
        "name": "Valpolicella",
        "country_node_id": "n_geo_italy",
        "parent_node_id": "n_geo_veneto",
        "point_role": "gazetteer_reference_point",
        "point_place_name": "Valpolicella",
        "point_description": "valley and wine region in Verona, Italy",
        "source_url": "https://www.wikidata.org/wiki/Q852467",
        "wikidata_id": "Q852467",
        "wikidata_coordinate_claim": "Q852467$09f35136-4b16-633a-82cb-909b9ba3d6fe",
        "coordinate_precision": 0.016666666666667,
        "retrieved_on": "2026-09-26",
        "license": "CC0-1.0",
        "source_coordinate_url": "https://www.wikidata.org/wiki/Special:EntityData/Q852467.json",
        "label_note": "Reference point: Valpolicella. This point does not represent the wine-region boundary."
      },
      "geometry": {
        "type": "Point",
        "coordinates": [
          10.883333333333,
          45.516666666667
        ]
      }
    },
    {
      "type": "Feature",
      "properties": {
        "node": "n_geo_soave",
        "node_id": "n_geo_soave",
        "name": "Soave",
        "country_node_id": "n_geo_italy",
        "parent_node_id": "n_geo_veneto",
        "point_role": "municipal_reference_point",
        "point_place_name": "Soave",
        "point_description": "Italian comune",
        "source_url": "https://www.wikidata.org/wiki/Q47876",
        "wikidata_id": "Q47876",
        "wikidata_coordinate_claim": "Q47876$838799E4-DFE5-4456-8A13-DEB3D0620F8F",
        "coordinate_precision": 1e-05,
        "retrieved_on": "2026-09-26",
        "license": "CC0-1.0",
        "source_coordinate_url": "https://www.wikidata.org/wiki/Special:EntityData/Q47876.json",
        "label_note": "Reference point: Soave. This point does not represent the wine-region boundary."
      },
      "geometry": {
        "type": "Point",
        "coordinates": [
          11.24594,
          45.41955
        ]
      }
    },
    {
      "type": "Feature",
      "properties": {
        "node": "n_geo_conegliano_valdobbiadene",
        "node_id": "n_geo_conegliano_valdobbiadene",
        "name": "Conegliano Valdobbiadene Prosecco",
        "country_node_id": "n_geo_italy",
        "parent_node_id": "n_geo_veneto",
        "point_role": "municipal_reference_point",
        "point_place_name": "Valdobbiadene",
        "point_description": "Italian comune",
        "source_url": "https://www.wikidata.org/wiki/Q47428",
        "wikidata_id": "Q47428",
        "wikidata_coordinate_claim": "Q47428$282D3D17-9094-4090-9FDA-A1651262A9D1",
        "coordinate_precision": 1e-06,
        "retrieved_on": "2026-09-26",
        "license": "CC0-1.0",
        "source_coordinate_url": "https://www.wikidata.org/wiki/Special:EntityData/Q47428.json",
        "label_note": "Reference point: Valdobbiadene. This point does not represent the wine-region boundary."
      },
      "geometry": {
        "type": "Point",
        "coordinates": [
          12.01416545,
          45.91629995
        ]
      }
    },
    {
      "type": "Feature",
      "properties": {
        "node": "n_geo_asolo_prosecco",
        "node_id": "n_geo_asolo_prosecco",
        "name": "Asolo Prosecco",
        "country_node_id": "n_geo_italy",
        "parent_node_id": "n_geo_veneto",
        "point_role": "municipal_reference_point",
        "point_place_name": "Asolo",
        "point_description": "Italian comune",
        "source_url": "https://www.wikidata.org/wiki/Q29371",
        "wikidata_id": "Q29371",
        "wikidata_coordinate_claim": "q29371$C54B0421-392A-4B2A-9060-2ADAEC0DC219",
        "coordinate_precision": 0.00027777777777778,
        "retrieved_on": "2026-09-26",
        "license": "CC0-1.0",
        "source_coordinate_url": "https://www.wikidata.org/wiki/Special:EntityData/Q29371.json",
        "label_note": "Reference point: Asolo. This point does not represent the wine-region boundary."
      },
      "geometry": {
        "type": "Point",
        "coordinates": [
          11.916666666667,
          45.8
        ]
      }
    },
    {
      "type": "Feature",
      "properties": {
        "node": "n_geo_franciacorta",
        "node_id": "n_geo_franciacorta",
        "name": "Franciacorta",
        "country_node_id": "n_geo_italy",
        "parent_node_id": "n_geo_lombardy",
        "point_role": "municipal_reference_point",
        "point_place_name": "Erbusco",
        "point_description": "Italian comune",
        "source_url": "https://www.wikidata.org/wiki/Q104590",
        "wikidata_id": "Q104590",
        "wikidata_coordinate_claim": "q104590$0ECB6265-5C0E-400D-9C2F-E454A8FBDE5D",
        "coordinate_precision": 0.00027777777777778,
        "retrieved_on": "2026-09-26",
        "license": "CC0-1.0",
        "source_coordinate_url": "https://www.wikidata.org/wiki/Special:EntityData/Q104590.json",
        "label_note": "Reference point: Erbusco. This point does not represent the wine-region boundary."
      },
      "geometry": {
        "type": "Point",
        "coordinates": [
          9.9666666666667,
          45.6
        ]
      }
    },
    {
      "type": "Feature",
      "properties": {
        "node": "n_geo_collio",
        "node_id": "n_geo_collio",
        "name": "Collio Goriziano",
        "country_node_id": "n_geo_italy",
        "parent_node_id": "n_geo_friuli_venezia_giulia",
        "point_role": "gazetteer_reference_point",
        "point_place_name": "Collio Goriziano DOC",
        "point_description": "Italian controlled designation of origin wine from Friuli-Venezia Giulia",
        "source_url": "https://www.wikidata.org/wiki/Q16542993",
        "wikidata_id": "Q16542993",
        "wikidata_coordinate_claim": "Q16542993$8c4398ac-5d38-4532-a0a3-e1f9f1a16fdf",
        "coordinate_precision": 0.0002777777777777778,
        "retrieved_on": "2026-09-26",
        "license": "CC0-1.0",
        "source_coordinate_url": "https://www.wikidata.org/wiki/Special:EntityData/Q16542993.json",
        "label_note": "Reference point: Collio Goriziano DOC. This point does not represent the wine-region boundary."
      },
      "geometry": {
        "type": "Point",
        "coordinates": [
          13.4925,
          45.98638888888889
        ]
      }
    },
    {
      "type": "Feature",
      "properties": {
        "node": "n_geo_verdicchio_castelli_jesi",
        "node_id": "n_geo_verdicchio_castelli_jesi",
        "name": "Verdicchio dei Castelli di Jesi",
        "country_node_id": "n_geo_italy",
        "parent_node_id": "n_geo_marche",
        "point_role": "municipal_reference_point",
        "point_place_name": "Jesi",
        "point_description": "Italian comune",
        "source_url": "https://www.wikidata.org/wiki/Q13144",
        "wikidata_id": "Q13144",
        "wikidata_coordinate_claim": "Q13144$E56F2025-C370-4C00-ACB6-6689FA11F23B",
        "coordinate_precision": 1e-06,
        "retrieved_on": "2026-09-26",
        "license": "CC0-1.0",
        "source_coordinate_url": "https://www.wikidata.org/wiki/Special:EntityData/Q13144.json",
        "label_note": "Reference point: Jesi. This point does not represent the wine-region boundary."
      },
      "geometry": {
        "type": "Point",
        "coordinates": [
          13.246197,
          43.523775
        ]
      }
    },
    {
      "type": "Feature",
      "properties": {
        "node": "n_geo_taurasi",
        "node_id": "n_geo_taurasi",
        "name": "Taurasi",
        "country_node_id": "n_geo_italy",
        "parent_node_id": "n_geo_campania",
        "point_role": "municipal_reference_point",
        "point_place_name": "Taurasi",
        "point_description": "Italian comune",
        "source_url": "https://www.wikidata.org/wiki/Q55126",
        "wikidata_id": "Q55126",
        "wikidata_coordinate_claim": "Q55126$54245828-B6E8-455D-8643-04FA14970774",
        "coordinate_precision": 1e-06,
        "retrieved_on": "2026-09-26",
        "license": "CC0-1.0",
        "source_coordinate_url": "https://www.wikidata.org/wiki/Special:EntityData/Q55126.json",
        "label_note": "Reference point: Taurasi. This point does not represent the wine-region boundary."
      },
      "geometry": {
        "type": "Point",
        "coordinates": [
          14.96356,
          41.0151864
        ]
      }
    },
    {
      "type": "Feature",
      "properties": {
        "node": "n_geo_etna",
        "node_id": "n_geo_etna",
        "name": "Etna",
        "country_node_id": "n_geo_italy",
        "parent_node_id": "n_geo_sicily",
        "point_role": "municipal_reference_point",
        "point_place_name": "Castiglione di Sicilia",
        "point_description": "Italian comune",
        "source_url": "https://www.wikidata.org/wiki/Q478277",
        "wikidata_id": "Q478277",
        "wikidata_coordinate_claim": "Q478277$109A7387-6CCF-4608-8728-8A324A85021A",
        "coordinate_precision": 0.00027777777777778,
        "retrieved_on": "2026-09-26",
        "license": "CC0-1.0",
        "source_coordinate_url": "https://www.wikidata.org/wiki/Special:EntityData/Q478277.json",
        "label_note": "Reference point: Castiglione di Sicilia. This point does not represent the wine-region boundary."
      },
      "geometry": {
        "type": "Point",
        "coordinates": [
          15.1225,
          37.882777777778
        ]
      }
    },
    {
      "type": "Feature",
      "properties": {
        "node": "n_geo_galicia",
        "node_id": "n_geo_galicia",
        "name": "Galicia",
        "country_node_id": "n_geo_spain",
        "parent_node_id": "n_geo_spain",
        "point_role": "gazetteer_reference_point",
        "point_place_name": "Galicia",
        "point_description": "autonomous community of Spain",
        "source_url": "https://www.wikidata.org/wiki/Q3908",
        "wikidata_id": "Q3908",
        "wikidata_coordinate_claim": "q3908$4AAE9528-057F-4B5A-8530-8FB282A920F7",
        "coordinate_precision": 0.016666666666666666,
        "retrieved_on": "2026-09-26",
        "license": "CC0-1.0",
        "source_coordinate_url": "https://www.wikidata.org/wiki/Special:EntityData/Q3908.json",
        "label_note": "Reference point: Galicia. This point does not represent the wine-region boundary."
      },
      "geometry": {
        "type": "Point",
        "coordinates": [
          -7.9,
          42.8
        ]
      }
    },
    {
      "type": "Feature",
      "properties": {
        "node": "n_geo_castilla_y_leon",
        "node_id": "n_geo_castilla_y_leon",
        "name": "Castilla y León",
        "country_node_id": "n_geo_spain",
        "parent_node_id": "n_geo_spain",
        "point_role": "gazetteer_reference_point",
        "point_place_name": "Castile and León",
        "point_description": "autonomous community of Spain",
        "source_url": "https://www.wikidata.org/wiki/Q5739",
        "wikidata_id": "Q5739",
        "wikidata_coordinate_claim": "q5739$60E18E06-7749-4C5F-A6E5-297F511C6596",
        "coordinate_precision": 0.0002777777777777778,
        "retrieved_on": "2026-09-26",
        "license": "CC0-1.0",
        "source_coordinate_url": "https://www.wikidata.org/wiki/Special:EntityData/Q5739.json",
        "label_note": "Reference point: Castile and León. This point does not represent the wine-region boundary."
      },
      "geometry": {
        "type": "Point",
        "coordinates": [
          -4.781944444444444,
          41.754444444444445
        ]
      }
    },
    {
      "type": "Feature",
      "properties": {
        "node": "n_geo_catalonia",
        "node_id": "n_geo_catalonia",
        "name": "Catalonia",
        "country_node_id": "n_geo_spain",
        "parent_node_id": "n_geo_spain",
        "point_role": "gazetteer_reference_point",
        "point_place_name": "Catalonia",
        "point_description": "nationality and autonomous community of Spain",
        "source_url": "https://www.wikidata.org/wiki/Q5705",
        "wikidata_id": "Q5705",
        "wikidata_coordinate_claim": "Q5705$1a2577e8-c4fb-4dbe-b3bb-60ec53baaf05",
        "coordinate_precision": 0.016666666666666666,
        "retrieved_on": "2026-09-26",
        "license": "CC0-1.0",
        "source_coordinate_url": "https://www.wikidata.org/wiki/Special:EntityData/Q5705.json",
        "label_note": "Reference point: Catalonia. This point does not represent the wine-region boundary."
      },
      "geometry": {
        "type": "Point",
        "coordinates": [
          1.5666666666666667,
          41.85
        ]
      }
    },
    {
      "type": "Feature",
      "properties": {
        "node": "n_geo_andalusia",
        "node_id": "n_geo_andalusia",
        "name": "Andalusia",
        "country_node_id": "n_geo_spain",
        "parent_node_id": "n_geo_spain",
        "point_role": "gazetteer_reference_point",
        "point_place_name": "Andalusia",
        "point_description": "autonomous community of Spain",
        "source_url": "https://www.wikidata.org/wiki/Q5783",
        "wikidata_id": "Q5783",
        "wikidata_coordinate_claim": "q5783$F60557E9-E292-4216-8EF9-9DC3C248DAC3",
        "coordinate_precision": 0.0002777777777777778,
        "retrieved_on": "2026-09-26",
        "license": "CC0-1.0",
        "source_coordinate_url": "https://www.wikidata.org/wiki/Special:EntityData/Q5783.json",
        "label_note": "Reference point: Andalusia. This point does not represent the wine-region boundary."
      },
      "geometry": {
        "type": "Point",
        "coordinates": [
          -5.9875,
          37.405
        ]
      }
    },
    {
      "type": "Feature",
      "properties": {
        "node": "n_geo_aragon",
        "node_id": "n_geo_aragon",
        "name": "Aragón",
        "country_node_id": "n_geo_spain",
        "parent_node_id": "n_geo_spain",
        "point_role": "gazetteer_reference_point",
        "point_place_name": "Aragon",
        "point_description": "autonomous community in Spain",
        "source_url": "https://www.wikidata.org/wiki/Q4040",
        "wikidata_id": "Q4040",
        "wikidata_coordinate_claim": "q4040$6E6A6AF2-7891-48CB-BEDA-37D9172987BC",
        "coordinate_precision": 1,
        "retrieved_on": "2026-09-26",
        "license": "CC0-1.0",
        "source_coordinate_url": "https://www.wikidata.org/wiki/Special:EntityData/Q4040.json",
        "label_note": "Reference point: Aragon. This point does not represent the wine-region boundary."
      },
      "geometry": {
        "type": "Point",
        "coordinates": [
          -1,
          41
        ]
      }
    },
    {
      "type": "Feature",
      "properties": {
        "node": "n_geo_rioja",
        "node_id": "n_geo_rioja",
        "name": "Rioja",
        "country_node_id": "n_geo_spain",
        "parent_node_id": "n_geo_spain",
        "point_role": "gazetteer_reference_point",
        "point_place_name": "Rioja",
        "point_description": "Spanish wine region",
        "source_url": "https://www.wikidata.org/wiki/Q1569384",
        "wikidata_id": "Q1569384",
        "wikidata_coordinate_claim": "Q1569384$cfcba06c-fdf2-4763-a439-d4e6fc01d8ad",
        "coordinate_precision": 2.777777777777778e-05,
        "retrieved_on": "2026-09-26",
        "license": "CC0-1.0",
        "source_coordinate_url": "https://www.wikidata.org/wiki/Special:EntityData/Q1569384.json",
        "label_note": "Reference point: Rioja. This point does not represent the wine-region boundary."
      },
      "geometry": {
        "type": "Point",
        "coordinates": [
          -2.445694444444445,
          42.46175
        ]
      }
    },
    {
      "type": "Feature",
      "properties": {
        "node": "n_geo_ribera_del_duero",
        "node_id": "n_geo_ribera_del_duero",
        "name": "Ribera del Duero",
        "country_node_id": "n_geo_spain",
        "parent_node_id": "n_geo_castilla_y_leon",
        "point_role": "municipal_reference_point",
        "point_place_name": "Aranda de Duero",
        "point_description": "municipality of Spain",
        "source_url": "https://www.wikidata.org/wiki/Q495380",
        "wikidata_id": "Q495380",
        "wikidata_coordinate_claim": "q495380$0B95DFEC-1E96-40BD-BA20-02A36FE70782",
        "coordinate_precision": null,
        "retrieved_on": "2026-09-26",
        "license": "CC0-1.0",
        "source_coordinate_url": "https://www.wikidata.org/wiki/Special:EntityData/Q495380.json",
        "label_note": "Reference point: Aranda de Duero. This point does not represent the wine-region boundary."
      },
      "geometry": {
        "type": "Point",
        "coordinates": [
          -3.6863888888889,
          41.671388888889
        ]
      }
    },
    {
      "type": "Feature",
      "properties": {
        "node": "n_geo_rueda",
        "node_id": "n_geo_rueda",
        "name": "Rueda",
        "country_node_id": "n_geo_spain",
        "parent_node_id": "n_geo_castilla_y_leon",
        "point_role": "gazetteer_reference_point",
        "point_place_name": "Rueda",
        "point_description": "Spanish Denominación de Origen Protegida (DOP) for wines located in the Community of Castile and León",
        "source_url": "https://www.wikidata.org/wiki/Q356128",
        "wikidata_id": "Q356128",
        "wikidata_coordinate_claim": "Q356128$ac76bbd7-65b2-4d7a-942f-d7e8527af0e3",
        "coordinate_precision": 1e-05,
        "retrieved_on": "2026-09-26",
        "license": "CC0-1.0",
        "source_coordinate_url": "https://www.wikidata.org/wiki/Special:EntityData/Q356128.json",
        "label_note": "Reference point: Rueda. This point does not represent the wine-region boundary."
      },
      "geometry": {
        "type": "Point",
        "coordinates": [
          -4.9571038,
          41.4141296
        ]
      }
    },
    {
      "type": "Feature",
      "properties": {
        "node": "n_geo_toro",
        "node_id": "n_geo_toro",
        "name": "Toro",
        "country_node_id": "n_geo_spain",
        "parent_node_id": "n_geo_castilla_y_leon",
        "point_role": "municipal_reference_point",
        "point_place_name": "Toro",
        "point_description": "municipality of Zamora Province, Spain",
        "source_url": "https://www.wikidata.org/wiki/Q836948",
        "wikidata_id": "Q836948",
        "wikidata_coordinate_claim": "q836948$55CE66A6-AF44-49C9-A20C-71458EE1DDDB",
        "coordinate_precision": 0.0002777777777777778,
        "retrieved_on": "2026-09-26",
        "license": "CC0-1.0",
        "source_coordinate_url": "https://www.wikidata.org/wiki/Special:EntityData/Q836948.json",
        "label_note": "Reference point: Toro. This point does not represent the wine-region boundary."
      },
      "geometry": {
        "type": "Point",
        "coordinates": [
          -5.394722222222223,
          41.52
        ]
      }
    },
    {
      "type": "Feature",
      "properties": {
        "node": "n_geo_bierzo",
        "node_id": "n_geo_bierzo",
        "name": "Bierzo",
        "country_node_id": "n_geo_spain",
        "parent_node_id": "n_geo_castilla_y_leon",
        "point_role": "municipal_reference_point",
        "point_place_name": "Cacabelos",
        "point_description": "municipality of Spain",
        "source_url": "https://www.wikidata.org/wiki/Q695202",
        "wikidata_id": "Q695202",
        "wikidata_coordinate_claim": "q695202$48ACA2E8-461D-4717-BE56-06C42584A994",
        "coordinate_precision": 0.0002777777777777778,
        "retrieved_on": "2026-09-26",
        "license": "CC0-1.0",
        "source_coordinate_url": "https://www.wikidata.org/wiki/Special:EntityData/Q695202.json",
        "label_note": "Reference point: Cacabelos. This point does not represent the wine-region boundary."
      },
      "geometry": {
        "type": "Point",
        "coordinates": [
          -6.725555555555555,
          42.59972222222222
        ]
      }
    },
    {
      "type": "Feature",
      "properties": {
        "node": "n_geo_priorat",
        "node_id": "n_geo_priorat",
        "name": "Priorat",
        "country_node_id": "n_geo_spain",
        "parent_node_id": "n_geo_catalonia",
        "point_role": "gazetteer_reference_point",
        "point_place_name": "Priorat",
        "point_description": "Spanish Denominación de Origen Calificada",
        "source_url": "https://www.wikidata.org/wiki/Q1754563",
        "wikidata_id": "Q1754563",
        "wikidata_coordinate_claim": "Q1754563$4c94f526-4865-aed1-97e3-f5398364cc6c",
        "coordinate_precision": 0.001,
        "retrieved_on": "2026-09-26",
        "license": "CC0-1.0",
        "source_coordinate_url": "https://www.wikidata.org/wiki/Special:EntityData/Q1754563.json",
        "label_note": "Reference point: Priorat. This point does not represent the wine-region boundary."
      },
      "geometry": {
        "type": "Point",
        "coordinates": [
          0.76,
          41.165
        ]
      }
    },
    {
      "type": "Feature",
      "properties": {
        "node": "n_geo_montsant",
        "node_id": "n_geo_montsant",
        "name": "Montsant",
        "country_node_id": "n_geo_spain",
        "parent_node_id": "n_geo_catalonia",
        "point_role": "gazetteer_reference_point",
        "point_place_name": "Montsant DO",
        "point_description": "Origin of Wine Designation",
        "source_url": "https://www.wikidata.org/wiki/Q1808846",
        "wikidata_id": "Q1808846",
        "wikidata_coordinate_claim": "Q1808846$3a466ebc-4ac3-f425-c3f6-88f93a9ad904",
        "coordinate_precision": 0.001,
        "retrieved_on": "2026-09-26",
        "license": "CC0-1.0",
        "source_coordinate_url": "https://www.wikidata.org/wiki/Special:EntityData/Q1808846.json",
        "label_note": "Reference point: Montsant DO. This point does not represent the wine-region boundary."
      },
      "geometry": {
        "type": "Point",
        "coordinates": [
          0.808,
          41.29
        ]
      }
    },
    {
      "type": "Feature",
      "properties": {
        "node": "n_geo_cava",
        "node_id": "n_geo_cava",
        "name": "Cava",
        "country_node_id": "n_geo_spain",
        "parent_node_id": "n_geo_spain",
        "point_role": "municipal_reference_point",
        "point_place_name": "Sant Sadurní d'Anoia",
        "point_description": "municipality in Catalonia, Spain",
        "source_url": "https://www.wikidata.org/wiki/Q984508",
        "wikidata_id": "Q984508",
        "wikidata_coordinate_claim": "q984508$F9ED8AE8-B57A-4A3A-8669-698BDF495846",
        "coordinate_precision": null,
        "retrieved_on": "2026-09-26",
        "license": "CC0-1.0",
        "source_coordinate_url": "https://www.wikidata.org/wiki/Special:EntityData/Q984508.json",
        "label_note": "Reference point: Sant Sadurní d'Anoia. This point does not represent the wine-region boundary."
      },
      "geometry": {
        "type": "Point",
        "coordinates": [
          1.785,
          41.426111111111
        ]
      }
    },
    {
      "type": "Feature",
      "properties": {
        "node": "n_geo_rias_baixas",
        "node_id": "n_geo_rias_baixas",
        "name": "Rías Baixas",
        "country_node_id": "n_geo_spain",
        "parent_node_id": "n_geo_galicia",
        "point_role": "municipal_reference_point",
        "point_place_name": "Cambados",
        "point_description": "municipality of Spain",
        "source_url": "https://www.wikidata.org/wiki/Q695477",
        "wikidata_id": "Q695477",
        "wikidata_coordinate_claim": "q695477$7DA715AE-63AA-492F-8211-7F480A07F1CF",
        "coordinate_precision": 0.00027777777777778,
        "retrieved_on": "2026-09-26",
        "license": "CC0-1.0",
        "source_coordinate_url": "https://www.wikidata.org/wiki/Special:EntityData/Q695477.json",
        "label_note": "Reference point: Cambados. This point does not represent the wine-region boundary."
      },
      "geometry": {
        "type": "Point",
        "coordinates": [
          -8.8138414,
          42.51439
        ]
      }
    },
    {
      "type": "Feature",
      "properties": {
        "node": "n_geo_ribeira_sacra",
        "node_id": "n_geo_ribeira_sacra",
        "name": "Ribeira Sacra",
        "country_node_id": "n_geo_spain",
        "parent_node_id": "n_geo_galicia",
        "point_role": "municipal_reference_point",
        "point_place_name": "Monforte de Lemos",
        "point_description": "municipality in the province of Lugo, Galicia, Spain",
        "source_url": "https://www.wikidata.org/wiki/Q818341",
        "wikidata_id": "Q818341",
        "wikidata_coordinate_claim": "q818341$DCBCE899-DB1B-4181-B83E-A2BB21A77ACF",
        "coordinate_precision": null,
        "retrieved_on": "2026-09-26",
        "license": "CC0-1.0",
        "source_coordinate_url": "https://www.wikidata.org/wiki/Special:EntityData/Q818341.json",
        "label_note": "Reference point: Monforte de Lemos. This point does not represent the wine-region boundary."
      },
      "geometry": {
        "type": "Point",
        "coordinates": [
          -7.5161111111111,
          42.516388888889
        ]
      }
    },
    {
      "type": "Feature",
      "properties": {
        "node": "n_geo_ribeiro",
        "node_id": "n_geo_ribeiro",
        "name": "Ribeiro",
        "country_node_id": "n_geo_spain",
        "parent_node_id": "n_geo_galicia",
        "point_role": "municipal_reference_point",
        "point_place_name": "Ribadavia",
        "point_description": "municipality of Spain",
        "source_url": "https://www.wikidata.org/wiki/Q917180",
        "wikidata_id": "Q917180",
        "wikidata_coordinate_claim": "Q917180$0bb9826b-464e-2127-c065-c5a0bf03d7cc",
        "coordinate_precision": 1e-05,
        "retrieved_on": "2026-09-26",
        "license": "CC0-1.0",
        "source_coordinate_url": "https://www.wikidata.org/wiki/Special:EntityData/Q917180.json",
        "label_note": "Reference point: Ribadavia. This point does not represent the wine-region boundary."
      },
      "geometry": {
        "type": "Point",
        "coordinates": [
          -8.14313,
          42.28821
        ]
      }
    },
    {
      "type": "Feature",
      "properties": {
        "node": "n_geo_valdeorras",
        "node_id": "n_geo_valdeorras",
        "name": "Valdeorras",
        "country_node_id": "n_geo_spain",
        "parent_node_id": "n_geo_galicia",
        "point_role": "municipal_reference_point",
        "point_place_name": "O Barco de Valdeorras",
        "point_description": "municipality of Spain",
        "source_url": "https://www.wikidata.org/wiki/Q1607428",
        "wikidata_id": "Q1607428",
        "wikidata_coordinate_claim": "q1607428$3F8A3633-CCF8-4CFB-9ECC-4340F461F0C2",
        "coordinate_precision": null,
        "retrieved_on": "2026-09-26",
        "license": "CC0-1.0",
        "source_coordinate_url": "https://www.wikidata.org/wiki/Special:EntityData/Q1607428.json",
        "label_note": "Reference point: O Barco de Valdeorras. This point does not represent the wine-region boundary."
      },
      "geometry": {
        "type": "Point",
        "coordinates": [
          -6.9830555555556,
          42.416666666667
        ]
      }
    },
    {
      "type": "Feature",
      "properties": {
        "node": "n_geo_jerez",
        "node_id": "n_geo_jerez",
        "name": "Jerez-Xérès-Sherry",
        "country_node_id": "n_geo_spain",
        "parent_node_id": "n_geo_andalusia",
        "point_role": "municipal_reference_point",
        "point_place_name": "Jerez de la Frontera",
        "point_description": "municipality and city in the Province of Cádiz, Spain",
        "source_url": "https://www.wikidata.org/wiki/Q12303",
        "wikidata_id": "Q12303",
        "wikidata_coordinate_claim": "q12303$DC8698FD-9563-49B7-B54E-3D9631A01935",
        "coordinate_precision": 0.00027777777777778,
        "retrieved_on": "2026-09-26",
        "license": "CC0-1.0",
        "source_coordinate_url": "https://www.wikidata.org/wiki/Special:EntityData/Q12303.json",
        "label_note": "Reference point: Jerez de la Frontera. This point does not represent the wine-region boundary."
      },
      "geometry": {
        "type": "Point",
        "coordinates": [
          -6.1166666666667,
          36.7
        ]
      }
    },
    {
      "type": "Feature",
      "properties": {
        "node": "n_geo_manzanilla_sanlucar",
        "node_id": "n_geo_manzanilla_sanlucar",
        "name": "Manzanilla-Sanlúcar de Barrameda",
        "country_node_id": "n_geo_spain",
        "parent_node_id": "n_geo_andalusia",
        "point_role": "gazetteer_reference_point",
        "point_place_name": "Manzanilla",
        "point_description": "Manzanilla is a variety of fino sherry made around the port of Sanlúcar de Barrameda, in the province of Cádiz, Andalusia (Spain)",
        "source_url": "https://www.wikidata.org/wiki/Q2009060",
        "wikidata_id": "Q2009060",
        "wikidata_coordinate_claim": "Q2009060$07c1e8cb-4036-4975-838e-21b61d3bcea1",
        "coordinate_precision": 0.0002777777777777778,
        "retrieved_on": "2026-09-26",
        "license": "CC0-1.0",
        "source_coordinate_url": "https://www.wikidata.org/wiki/Special:EntityData/Q2009060.json",
        "label_note": "Reference point: Manzanilla. This point does not represent the wine-region boundary."
      },
      "geometry": {
        "type": "Point",
        "coordinates": [
          -6.356944444444444,
          36.77361111111111
        ]
      }
    },
    {
      "type": "Feature",
      "properties": {
        "node": "n_geo_somontano",
        "node_id": "n_geo_somontano",
        "name": "Somontano",
        "country_node_id": "n_geo_spain",
        "parent_node_id": "n_geo_aragon",
        "point_role": "municipal_reference_point",
        "point_place_name": "Barbastro",
        "point_description": "municipality of Spain",
        "source_url": "https://www.wikidata.org/wiki/Q502975",
        "wikidata_id": "Q502975",
        "wikidata_coordinate_claim": "q502975$A0818223-6DB0-4A2E-B259-381CDABB3B2C",
        "coordinate_precision": 1e-08,
        "retrieved_on": "2026-09-26",
        "license": "CC0-1.0",
        "source_coordinate_url": "https://www.wikidata.org/wiki/Special:EntityData/Q502975.json",
        "label_note": "Reference point: Barbastro. This point does not represent the wine-region boundary."
      },
      "geometry": {
        "type": "Point",
        "coordinates": [
          0.12718233613932553,
          42.036537153516456
        ]
      }
    },
    {
      "type": "Feature",
      "properties": {
        "node": "n_geo_carinena",
        "node_id": "n_geo_carinena",
        "name": "Cariñena",
        "country_node_id": "n_geo_spain",
        "parent_node_id": "n_geo_aragon",
        "point_role": "municipal_reference_point",
        "point_place_name": "Cariñena",
        "point_description": "municipality of Spain",
        "source_url": "https://www.wikidata.org/wiki/Q984529",
        "wikidata_id": "Q984529",
        "wikidata_coordinate_claim": "q984529$EE007322-E727-4F33-ABC1-1FFA17C1CB1B",
        "coordinate_precision": 0.00027777777777778,
        "retrieved_on": "2026-09-26",
        "license": "CC0-1.0",
        "source_coordinate_url": "https://www.wikidata.org/wiki/Special:EntityData/Q984529.json",
        "label_note": "Reference point: Cariñena. This point does not represent the wine-region boundary."
      },
      "geometry": {
        "type": "Point",
        "coordinates": [
          -1.2249058,
          41.3373638
        ]
      }
    },
    {
      "type": "Feature",
      "properties": {
        "node": "n_geo_jumilla",
        "node_id": "n_geo_jumilla",
        "name": "Jumilla",
        "country_node_id": "n_geo_spain",
        "parent_node_id": "n_geo_spain",
        "point_role": "municipal_reference_point",
        "point_place_name": "Jumilla",
        "point_description": "municipality in Region of Murcia, Spain",
        "source_url": "https://www.wikidata.org/wiki/Q917173",
        "wikidata_id": "Q917173",
        "wikidata_coordinate_claim": "q917173$95B8FE7F-D871-463B-B642-6FE4EF7E1EC2",
        "coordinate_precision": null,
        "retrieved_on": "2026-09-26",
        "license": "CC0-1.0",
        "source_coordinate_url": "https://www.wikidata.org/wiki/Special:EntityData/Q917173.json",
        "label_note": "Reference point: Jumilla. This point does not represent the wine-region boundary."
      },
      "geometry": {
        "type": "Point",
        "coordinates": [
          -1.325,
          38.479166666667
        ]
      }
    },
    {
      "type": "Feature",
      "properties": {
        "node": "n_geo_rioja_alta",
        "node_id": "n_geo_rioja_alta",
        "name": "Rioja Alta",
        "country_node_id": "n_geo_spain",
        "parent_node_id": "n_geo_rioja",
        "point_role": "municipal_reference_point",
        "point_place_name": "Haro",
        "point_description": "municipality of La Rioja, Spain",
        "source_url": "https://www.wikidata.org/wiki/Q405292",
        "wikidata_id": "Q405292",
        "wikidata_coordinate_claim": "q405292$9682832C-07D4-4802-A96C-A1228122E424",
        "coordinate_precision": null,
        "retrieved_on": "2026-09-26",
        "license": "CC0-1.0",
        "source_coordinate_url": "https://www.wikidata.org/wiki/Special:EntityData/Q405292.json",
        "label_note": "Reference point: Haro. This point does not represent the wine-region boundary."
      },
      "geometry": {
        "type": "Point",
        "coordinates": [
          -2.8461111111111,
          42.576944444444
        ]
      }
    },
    {
      "type": "Feature",
      "properties": {
        "node": "n_geo_rioja_alavesa",
        "node_id": "n_geo_rioja_alavesa",
        "name": "Rioja Alavesa",
        "country_node_id": "n_geo_spain",
        "parent_node_id": "n_geo_rioja",
        "point_role": "gazetteer_reference_point",
        "point_place_name": "Arabako Errioxa / Rioja Alavesa",
        "point_description": "region in Álava, Basque Country, Spain",
        "source_url": "https://www.wikidata.org/wiki/Q282024",
        "wikidata_id": "Q282024",
        "wikidata_coordinate_claim": "Q282024$20E4DDA4-B833-4FFD-B773-46358C81C833",
        "coordinate_precision": 0.12194586060599,
        "retrieved_on": "2026-09-26",
        "license": "CC0-1.0",
        "source_coordinate_url": "https://www.wikidata.org/wiki/Special:EntityData/Q282024.json",
        "label_note": "Reference point: Arabako Errioxa / Rioja Alavesa. This point does not represent the wine-region boundary."
      },
      "geometry": {
        "type": "Point",
        "coordinates": [
          -2.60333,
          42.5531
        ]
      }
    },
    {
      "type": "Feature",
      "properties": {
        "node": "n_geo_rioja_oriental",
        "node_id": "n_geo_rioja_oriental",
        "name": "Rioja Oriental",
        "country_node_id": "n_geo_spain",
        "parent_node_id": "n_geo_rioja",
        "point_role": "municipal_reference_point",
        "point_place_name": "Alfaro",
        "point_description": "Spanish municipality in La Rioja",
        "source_url": "https://www.wikidata.org/wiki/Q695889",
        "wikidata_id": "Q695889",
        "wikidata_coordinate_claim": "q695889$B802429A-89C9-4D91-9044-6FA40D5499D9",
        "coordinate_precision": null,
        "retrieved_on": "2026-09-26",
        "license": "CC0-1.0",
        "source_coordinate_url": "https://www.wikidata.org/wiki/Special:EntityData/Q695889.json",
        "label_note": "Reference point: Alfaro. This point does not represent the wine-region boundary."
      },
      "geometry": {
        "type": "Point",
        "coordinates": [
          -1.7475,
          42.178333333333
        ]
      }
    },
    {
      "type": "Feature",
      "properties": {
        "node": "n_geo_val_do_salnes",
        "node_id": "n_geo_val_do_salnes",
        "name": "Val do Salnés",
        "country_node_id": "n_geo_spain",
        "parent_node_id": "n_geo_rias_baixas",
        "point_role": "gazetteer_reference_point",
        "point_place_name": "O Salnés",
        "point_description": "comarca in Pontevedra Province, Galicia, Spain",
        "source_url": "https://www.wikidata.org/wiki/Q1078840",
        "wikidata_id": "Q1078840",
        "wikidata_coordinate_claim": "Q1078840$E80A2EC3-01CE-40BB-AC6F-C1E50F730671",
        "coordinate_precision": 0.12185959508114,
        "retrieved_on": "2026-09-26",
        "license": "CC0-1.0",
        "source_coordinate_url": "https://www.wikidata.org/wiki/Special:EntityData/Q1078840.json",
        "label_note": "Reference point: O Salnés. This point does not represent the wine-region boundary."
      },
      "geometry": {
        "type": "Point",
        "coordinates": [
          -8.79861,
          42.5089
        ]
      }
    },
    {
      "type": "Feature",
      "properties": {
        "node": "n_geo_o_rosal",
        "node_id": "n_geo_o_rosal",
        "name": "O Rosal",
        "country_node_id": "n_geo_spain",
        "parent_node_id": "n_geo_rias_baixas",
        "point_role": "municipal_reference_point",
        "point_place_name": "O Rosal",
        "point_description": "municipality in Galicia, Spain",
        "source_url": "https://www.wikidata.org/wiki/Q603015",
        "wikidata_id": "Q603015",
        "wikidata_coordinate_claim": "q603015$6BF00062-1CAE-4D3A-BE2B-54EB78BAB7E2",
        "coordinate_precision": 0.00027777777777778,
        "retrieved_on": "2026-09-26",
        "license": "CC0-1.0",
        "source_coordinate_url": "https://www.wikidata.org/wiki/Special:EntityData/Q603015.json",
        "label_note": "Reference point: O Rosal. This point does not represent the wine-region boundary."
      },
      "geometry": {
        "type": "Point",
        "coordinates": [
          -8.8250960027,
          41.93567215
        ]
      }
    },
    {
      "type": "Feature",
      "properties": {
        "node": "n_geo_condado_do_tea",
        "node_id": "n_geo_condado_do_tea",
        "name": "Condado do Tea",
        "country_node_id": "n_geo_spain",
        "parent_node_id": "n_geo_rias_baixas",
        "point_role": "gazetteer_reference_point",
        "point_place_name": "O Condado",
        "point_description": "comarca of Spain",
        "source_url": "https://www.wikidata.org/wiki/Q516547",
        "wikidata_id": "Q516547",
        "wikidata_coordinate_claim": "Q516547$730760CD-19E3-405A-B7AE-36652789CC71",
        "coordinate_precision": 0.12118753255563,
        "retrieved_on": "2026-09-26",
        "license": "CC0-1.0",
        "source_coordinate_url": "https://www.wikidata.org/wiki/Special:EntityData/Q516547.json",
        "label_note": "Reference point: O Condado. This point does not represent the wine-region boundary."
      },
      "geometry": {
        "type": "Point",
        "coordinates": [
          -8.46861,
          42.1611
        ]
      }
    },
    {
      "type": "Feature",
      "properties": {
        "node": "n_geo_soutomaior",
        "node_id": "n_geo_soutomaior",
        "name": "Soutomaior",
        "country_node_id": "n_geo_spain",
        "parent_node_id": "n_geo_rias_baixas",
        "point_role": "municipal_reference_point",
        "point_place_name": "Soutomaior",
        "point_description": "municipality of Spain",
        "source_url": "https://www.wikidata.org/wiki/Q1628271",
        "wikidata_id": "Q1628271",
        "wikidata_coordinate_claim": "q1628271$CB14E13E-82E2-4A36-AF59-5DFCC81817C9",
        "coordinate_precision": 0.00027777777777778,
        "retrieved_on": "2026-09-26",
        "license": "CC0-1.0",
        "source_coordinate_url": "https://www.wikidata.org/wiki/Special:EntityData/Q1628271.json",
        "label_note": "Reference point: Soutomaior. This point does not represent the wine-region boundary."
      },
      "geometry": {
        "type": "Point",
        "coordinates": [
          -8.57271862631,
          42.33863915
        ]
      }
    },
    {
      "type": "Feature",
      "properties": {
        "node": "n_geo_ribeira_do_ulla",
        "node_id": "n_geo_ribeira_do_ulla",
        "name": "Ribeira do Ulla",
        "country_node_id": "n_geo_spain",
        "parent_node_id": "n_geo_rias_baixas",
        "point_role": "municipal_reference_point",
        "point_place_name": "Vedra",
        "point_description": "municipality of Spain",
        "source_url": "https://www.wikidata.org/wiki/Q1616092",
        "wikidata_id": "Q1616092",
        "wikidata_coordinate_claim": "q1616092$8F1AFA0F-55A3-419A-994C-A025E0536134",
        "coordinate_precision": null,
        "retrieved_on": "2026-09-26",
        "license": "CC0-1.0",
        "source_coordinate_url": "https://www.wikidata.org/wiki/Special:EntityData/Q1616092.json",
        "label_note": "Reference point: Vedra. This point does not represent the wine-region boundary."
      },
      "geometry": {
        "type": "Point",
        "coordinates": [
          -8.4666666666667,
          42.783333333333
        ]
      }
    },
    {
      "type": "Feature",
      "properties": {
        "node": "n_geo_douro",
        "node_id": "n_geo_douro",
        "name": "Douro",
        "country_node_id": "n_geo_portugal",
        "parent_node_id": "n_geo_portugal",
        "point_role": "gazetteer_reference_point",
        "point_place_name": "Região Demarcada do Douro (RDD)",
        "point_description": "wine made in the Douro region",
        "source_url": "https://www.wikidata.org/wiki/Q140379672",
        "wikidata_id": "Q140379672",
        "wikidata_coordinate_claim": "Q140379672$f657b114-4154-9639-e6f4-9578b883e891",
        "coordinate_precision": 1e-07,
        "retrieved_on": "2026-09-26",
        "license": "CC0-1.0",
        "source_coordinate_url": "https://www.wikidata.org/wiki/Special:EntityData/Q140379672.json",
        "label_note": "Reference point: Região Demarcada do Douro (RDD). This point does not represent the wine-region boundary."
      },
      "geometry": {
        "type": "Point",
        "coordinates": [
          -7.3319064,
          41.1768037
        ]
      }
    },
    {
      "type": "Feature",
      "properties": {
        "node": "n_geo_vinho_verde",
        "node_id": "n_geo_vinho_verde",
        "name": "Vinho Verde",
        "country_node_id": "n_geo_portugal",
        "parent_node_id": "n_geo_portugal",
        "point_role": "municipal_reference_point",
        "point_place_name": "Ponte de Lima",
        "point_description": "municipality of Portugal",
        "source_url": "https://www.wikidata.org/wiki/Q490180",
        "wikidata_id": "Q490180",
        "wikidata_coordinate_claim": "q490180$D2D7F38D-0A81-4CF1-B6E9-7EEF1EF995D2",
        "coordinate_precision": 0.016666666666667,
        "retrieved_on": "2026-09-26",
        "license": "CC0-1.0",
        "source_coordinate_url": "https://www.wikidata.org/wiki/Special:EntityData/Q490180.json",
        "label_note": "Reference point: Ponte de Lima. This point does not represent the wine-region boundary."
      },
      "geometry": {
        "type": "Point",
        "coordinates": [
          -8.5833333333333,
          41.766666666667
        ]
      }
    },
    {
      "type": "Feature",
      "properties": {
        "node": "n_geo_dao",
        "node_id": "n_geo_dao",
        "name": "Dão",
        "country_node_id": "n_geo_portugal",
        "parent_node_id": "n_geo_portugal",
        "point_role": "gazetteer_reference_point",
        "point_place_name": "Dão  (DOC)",
        "point_description": "wine region",
        "source_url": "https://www.wikidata.org/wiki/Q1269612",
        "wikidata_id": "Q1269612",
        "wikidata_coordinate_claim": "Q1269612$5d583dd8-0bd8-4c23-bdcf-20541fb90649",
        "coordinate_precision": 1e-05,
        "retrieved_on": "2026-09-26",
        "license": "CC0-1.0",
        "source_coordinate_url": "https://www.wikidata.org/wiki/Special:EntityData/Q1269612.json",
        "label_note": "Reference point: Dão  (DOC). This point does not represent the wine-region boundary."
      },
      "geometry": {
        "type": "Point",
        "coordinates": [
          -7.887213,
          40.5199866
        ]
      }
    },
    {
      "type": "Feature",
      "properties": {
        "node": "n_geo_bairrada",
        "node_id": "n_geo_bairrada",
        "name": "Bairrada",
        "country_node_id": "n_geo_portugal",
        "parent_node_id": "n_geo_portugal",
        "point_role": "gazetteer_reference_point",
        "point_place_name": "Arrábida (IPR)",
        "point_description": "Portuguese wine region",
        "source_url": "https://www.wikidata.org/wiki/Q2879982",
        "wikidata_id": "Q2879982",
        "wikidata_coordinate_claim": "Q2879982$10c6d482-71ed-4276-b733-60fd062cbde7",
        "coordinate_precision": 1e-05,
        "retrieved_on": "2026-09-26",
        "license": "CC0-1.0",
        "source_coordinate_url": "https://www.wikidata.org/wiki/Special:EntityData/Q2879982.json",
        "label_note": "Reference point: Arrábida (IPR). This point does not represent the wine-region boundary."
      },
      "geometry": {
        "type": "Point",
        "coordinates": [
          -8.4519891,
          40.4818609
        ]
      }
    },
    {
      "type": "Feature",
      "properties": {
        "node": "n_geo_alentejo",
        "node_id": "n_geo_alentejo",
        "name": "Alentejo",
        "country_node_id": "n_geo_portugal",
        "parent_node_id": "n_geo_portugal",
        "point_role": "municipal_reference_point",
        "point_place_name": "Évora",
        "point_description": "municipality in Portugal",
        "source_url": "https://www.wikidata.org/wiki/Q179948",
        "wikidata_id": "Q179948",
        "wikidata_coordinate_claim": "q179948$8452DF40-8001-4C63-97E1-67D64A3F35B1",
        "coordinate_precision": 0.00027777777777778,
        "retrieved_on": "2026-09-26",
        "license": "CC0-1.0",
        "source_coordinate_url": "https://www.wikidata.org/wiki/Special:EntityData/Q179948.json",
        "label_note": "Reference point: Évora. This point does not represent the wine-region boundary."
      },
      "geometry": {
        "type": "Point",
        "coordinates": [
          -7.9072222222222,
          38.5725
        ]
      }
    },
    {
      "type": "Feature",
      "properties": {
        "node": "n_geo_madeira",
        "node_id": "n_geo_madeira",
        "name": "Madeira",
        "country_node_id": "n_geo_portugal",
        "parent_node_id": "n_geo_portugal",
        "point_role": "municipal_reference_point",
        "point_place_name": "Funchal",
        "point_description": "municipality in Madeira, Portugal",
        "source_url": "https://www.wikidata.org/wiki/Q25444",
        "wikidata_id": "Q25444",
        "wikidata_coordinate_claim": "q25444$C1889187-8D5A-4AB1-A1D5-75EFFAC70D8A",
        "coordinate_precision": 0.016666666666667,
        "retrieved_on": "2026-09-26",
        "license": "CC0-1.0",
        "source_coordinate_url": "https://www.wikidata.org/wiki/Special:EntityData/Q25444.json",
        "label_note": "Reference point: Funchal. This point does not represent the wine-region boundary."
      },
      "geometry": {
        "type": "Point",
        "coordinates": [
          -16.916666666667,
          32.65
        ]
      }
    },
    {
      "type": "Feature",
      "properties": {
        "node": "n_geo_tejo",
        "node_id": "n_geo_tejo",
        "name": "Tejo",
        "country_node_id": "n_geo_portugal",
        "parent_node_id": "n_geo_portugal",
        "point_role": "municipal_reference_point",
        "point_place_name": "Santarém",
        "point_description": "municipality in Portugal",
        "source_url": "https://www.wikidata.org/wiki/Q273877",
        "wikidata_id": "Q273877",
        "wikidata_coordinate_claim": "q273877$D2A69555-2F1A-44EA-AD00-A411ECB4E8FA",
        "coordinate_precision": 0.0002777777777777778,
        "retrieved_on": "2026-09-26",
        "license": "CC0-1.0",
        "source_coordinate_url": "https://www.wikidata.org/wiki/Special:EntityData/Q273877.json",
        "label_note": "Reference point: Santarém. This point does not represent the wine-region boundary."
      },
      "geometry": {
        "type": "Point",
        "coordinates": [
          -8.686944444444444,
          39.23916666666667
        ]
      }
    },
    {
      "type": "Feature",
      "properties": {
        "node": "n_geo_colares",
        "node_id": "n_geo_colares",
        "name": "Colares",
        "country_node_id": "n_geo_portugal",
        "parent_node_id": "n_geo_portugal",
        "point_role": "municipal_reference_point",
        "point_place_name": "Colares",
        "point_description": "civil parish in Sintra",
        "source_url": "https://www.wikidata.org/wiki/Q1107623",
        "wikidata_id": "Q1107623",
        "wikidata_coordinate_claim": "Q1107623$52997017-7019-4952-865D-FB7C383A5C23",
        "coordinate_precision": 1e-07,
        "retrieved_on": "2026-09-26",
        "license": "CC0-1.0",
        "source_coordinate_url": "https://www.wikidata.org/wiki/Special:EntityData/Q1107623.json",
        "label_note": "Reference point: Colares. This point does not represent the wine-region boundary."
      },
      "geometry": {
        "type": "Point",
        "coordinates": [
          -9.4469662,
          38.7991515
        ]
      }
    },
    {
      "type": "Feature",
      "properties": {
        "node": "n_geo_setubal",
        "node_id": "n_geo_setubal",
        "name": "Setúbal",
        "country_node_id": "n_geo_portugal",
        "parent_node_id": "n_geo_portugal",
        "point_role": "municipal_reference_point",
        "point_place_name": "Setúbal",
        "point_description": "municipality in Portugal",
        "source_url": "https://www.wikidata.org/wiki/Q173699",
        "wikidata_id": "Q173699",
        "wikidata_coordinate_claim": "q173699$A5AF0FBD-D8FA-4FB8-B638-4B2799AA46CB",
        "coordinate_precision": 2.777777777777778e-05,
        "retrieved_on": "2026-09-26",
        "license": "CC0-1.0",
        "source_coordinate_url": "https://www.wikidata.org/wiki/Special:EntityData/Q173699.json",
        "label_note": "Reference point: Setúbal. This point does not represent the wine-region boundary."
      },
      "geometry": {
        "type": "Point",
        "coordinates": [
          -8.892611111111112,
          38.52430555555556
        ]
      }
    },
    {
      "type": "Feature",
      "properties": {
        "node": "n_geo_pico",
        "node_id": "n_geo_pico",
        "name": "Pico",
        "country_node_id": "n_geo_portugal",
        "parent_node_id": "n_geo_portugal",
        "point_role": "municipal_reference_point",
        "point_place_name": "Madalena",
        "point_description": "municipality of Azores, Portugal",
        "source_url": "https://www.wikidata.org/wiki/Q1002565",
        "wikidata_id": "Q1002565",
        "wikidata_coordinate_claim": "Q1002565$2F928CB8-452B-4E3E-9C5C-93B5982785CF",
        "coordinate_precision": 1e-05,
        "retrieved_on": "2026-09-26",
        "license": "CC0-1.0",
        "source_coordinate_url": "https://www.wikidata.org/wiki/Special:EntityData/Q1002565.json",
        "label_note": "Reference point: Madalena. This point does not represent the wine-region boundary."
      },
      "geometry": {
        "type": "Point",
        "coordinates": [
          -28.52343,
          38.53559
        ]
      }
    },
    {
      "type": "Feature",
      "properties": {
        "node": "n_geo_baixo_corgo",
        "node_id": "n_geo_baixo_corgo",
        "name": "Baixo Corgo",
        "country_node_id": "n_geo_portugal",
        "parent_node_id": "n_geo_douro",
        "point_role": "municipal_reference_point",
        "point_place_name": "Peso da Régua",
        "point_description": "municipality in Portugal",
        "source_url": "https://www.wikidata.org/wiki/Q757858",
        "wikidata_id": "Q757858",
        "wikidata_coordinate_claim": "q757858$76C6320E-F019-47D8-ADCB-109246D02892",
        "coordinate_precision": 1e-06,
        "retrieved_on": "2026-09-26",
        "license": "CC0-1.0",
        "source_coordinate_url": "https://www.wikidata.org/wiki/Special:EntityData/Q757858.json",
        "label_note": "Reference point: Peso da Régua. This point does not represent the wine-region boundary."
      },
      "geometry": {
        "type": "Point",
        "coordinates": [
          -7.789014,
          41.163176
        ]
      }
    },
    {
      "type": "Feature",
      "properties": {
        "node": "n_geo_cima_corgo",
        "node_id": "n_geo_cima_corgo",
        "name": "Cima Corgo",
        "country_node_id": "n_geo_portugal",
        "parent_node_id": "n_geo_douro",
        "point_role": "municipal_reference_point",
        "point_place_name": "Pinhão",
        "point_description": "civil parish in Portugal",
        "source_url": "https://www.wikidata.org/wiki/Q1019773",
        "wikidata_id": "Q1019773",
        "wikidata_coordinate_claim": "q1019773$69EACC16-59F1-4EE7-A441-5648C2B43B17",
        "coordinate_precision": 2.7777777777778e-05,
        "retrieved_on": "2026-09-26",
        "license": "CC0-1.0",
        "source_coordinate_url": "https://www.wikidata.org/wiki/Special:EntityData/Q1019773.json",
        "label_note": "Reference point: Pinhão. This point does not represent the wine-region boundary."
      },
      "geometry": {
        "type": "Point",
        "coordinates": [
          -7.5450277777778,
          41.190638888889
        ]
      }
    },
    {
      "type": "Feature",
      "properties": {
        "node": "n_geo_douro_superior",
        "node_id": "n_geo_douro_superior",
        "name": "Douro Superior",
        "country_node_id": "n_geo_portugal",
        "parent_node_id": "n_geo_douro",
        "point_role": "municipal_reference_point",
        "point_place_name": "Vila Nova de Foz Côa",
        "point_description": "municipality in Portugal",
        "source_url": "https://www.wikidata.org/wiki/Q537471",
        "wikidata_id": "Q537471",
        "wikidata_coordinate_claim": "q537471$7D849A70-94AF-4C2B-A273-5AC9A3F72C39",
        "coordinate_precision": 0.016666666666667,
        "retrieved_on": "2026-09-26",
        "license": "CC0-1.0",
        "source_coordinate_url": "https://www.wikidata.org/wiki/Special:EntityData/Q537471.json",
        "label_note": "Reference point: Vila Nova de Foz Côa. This point does not represent the wine-region boundary."
      },
      "geometry": {
        "type": "Point",
        "coordinates": [
          -7.1333333333333,
          41.083333333333
        ]
      }
    },
    {
      "type": "Feature",
      "properties": {
        "node": "n_geo_moncao_melgaco",
        "node_id": "n_geo_moncao_melgaco",
        "name": "Monção e Melgaço",
        "country_node_id": "n_geo_portugal",
        "parent_node_id": "n_geo_vinho_verde",
        "point_role": "municipal_reference_point",
        "point_place_name": "Monção",
        "point_description": "municipality of Portugal",
        "source_url": "https://www.wikidata.org/wiki/Q425738",
        "wikidata_id": "Q425738",
        "wikidata_coordinate_claim": "q425738$B10EEAAF-31AE-4ABB-A37F-2EF4379A693F",
        "coordinate_precision": 0.00027777777777778,
        "retrieved_on": "2026-09-26",
        "license": "CC0-1.0",
        "source_coordinate_url": "https://www.wikidata.org/wiki/Special:EntityData/Q425738.json",
        "label_note": "Reference point: Monção. This point does not represent the wine-region boundary."
      },
      "geometry": {
        "type": "Point",
        "coordinates": [
          -8.48,
          42.073333333333
        ]
      }
    },
    {
      "type": "Feature",
      "properties": {
        "node": "n_geo_lima",
        "node_id": "n_geo_lima",
        "name": "Lima",
        "country_node_id": "n_geo_portugal",
        "parent_node_id": "n_geo_vinho_verde",
        "point_role": "municipal_reference_point",
        "point_place_name": "Ponte de Lima",
        "point_description": "municipality of Portugal",
        "source_url": "https://www.wikidata.org/wiki/Q490180",
        "wikidata_id": "Q490180",
        "wikidata_coordinate_claim": "q490180$D2D7F38D-0A81-4CF1-B6E9-7EEF1EF995D2",
        "coordinate_precision": 0.016666666666667,
        "retrieved_on": "2026-09-26",
        "license": "CC0-1.0",
        "source_coordinate_url": "https://www.wikidata.org/wiki/Special:EntityData/Q490180.json",
        "label_note": "Reference point: Ponte de Lima. This point does not represent the wine-region boundary."
      },
      "geometry": {
        "type": "Point",
        "coordinates": [
          -8.5833333333333,
          41.766666666667
        ]
      }
    },
    {
      "type": "Feature",
      "properties": {
        "node": "n_geo_basto",
        "node_id": "n_geo_basto",
        "name": "Basto",
        "country_node_id": "n_geo_portugal",
        "parent_node_id": "n_geo_vinho_verde",
        "point_role": "municipal_reference_point",
        "point_place_name": "Cabeceiras de Basto",
        "point_description": "municipality of Portugal",
        "source_url": "https://www.wikidata.org/wiki/Q551048",
        "wikidata_id": "Q551048",
        "wikidata_coordinate_claim": "q551048$848BDDCE-98F5-4272-BAF5-9A960675A449",
        "coordinate_precision": 0.016666666666667,
        "retrieved_on": "2026-09-26",
        "license": "CC0-1.0",
        "source_coordinate_url": "https://www.wikidata.org/wiki/Special:EntityData/Q551048.json",
        "label_note": "Reference point: Cabeceiras de Basto. This point does not represent the wine-region boundary."
      },
      "geometry": {
        "type": "Point",
        "coordinates": [
          -8,
          41.516666666667
        ]
      }
    },
    {
      "type": "Feature",
      "properties": {
        "node": "n_geo_cavado",
        "node_id": "n_geo_cavado",
        "name": "Cávado",
        "country_node_id": "n_geo_portugal",
        "parent_node_id": "n_geo_vinho_verde",
        "point_role": "municipal_reference_point",
        "point_place_name": "Barcelos",
        "point_description": "municipality in Braga, Portugal",
        "source_url": "https://www.wikidata.org/wiki/Q213242",
        "wikidata_id": "Q213242",
        "wikidata_coordinate_claim": "q213242$BFDB0FE4-CB00-4C1C-B9D5-0819B8B23559",
        "coordinate_precision": 0.016666666666667,
        "retrieved_on": "2026-09-26",
        "license": "CC0-1.0",
        "source_coordinate_url": "https://www.wikidata.org/wiki/Special:EntityData/Q213242.json",
        "label_note": "Reference point: Barcelos. This point does not represent the wine-region boundary."
      },
      "geometry": {
        "type": "Point",
        "coordinates": [
          -8.6166666666667,
          41.533333333333
        ]
      }
    },
    {
      "type": "Feature",
      "properties": {
        "node": "n_geo_ave",
        "node_id": "n_geo_ave",
        "name": "Ave",
        "country_node_id": "n_geo_portugal",
        "parent_node_id": "n_geo_vinho_verde",
        "point_role": "municipal_reference_point",
        "point_place_name": "Guimarães",
        "point_description": "municipality in Portugal",
        "source_url": "https://www.wikidata.org/wiki/Q170903",
        "wikidata_id": "Q170903",
        "wikidata_coordinate_claim": "q170903$6D1822ED-B234-43A9-9A65-7C591980C68D",
        "coordinate_precision": 0.00027777777777778,
        "retrieved_on": "2026-09-26",
        "license": "CC0-1.0",
        "source_coordinate_url": "https://www.wikidata.org/wiki/Special:EntityData/Q170903.json",
        "label_note": "Reference point: Guimarães. This point does not represent the wine-region boundary."
      },
      "geometry": {
        "type": "Point",
        "coordinates": [
          -8.2908333333333,
          41.445
        ]
      }
    },
    {
      "type": "Feature",
      "properties": {
        "node": "n_geo_amarante",
        "node_id": "n_geo_amarante",
        "name": "Amarante",
        "country_node_id": "n_geo_portugal",
        "parent_node_id": "n_geo_vinho_verde",
        "point_role": "municipal_reference_point",
        "point_place_name": "Amarante",
        "point_description": "municipality in Portugal",
        "source_url": "https://www.wikidata.org/wiki/Q454875",
        "wikidata_id": "Q454875",
        "wikidata_coordinate_claim": "Q454875$0600DCCB-BDFD-47E2-990C-5933FAB09403",
        "coordinate_precision": 0.001,
        "retrieved_on": "2026-09-26",
        "license": "CC0-1.0",
        "source_coordinate_url": "https://www.wikidata.org/wiki/Special:EntityData/Q454875.json",
        "label_note": "Reference point: Amarante. This point does not represent the wine-region boundary."
      },
      "geometry": {
        "type": "Point",
        "coordinates": [
          -8.07836111111111,
          41.26902777777778
        ]
      }
    },
    {
      "type": "Feature",
      "properties": {
        "node": "n_geo_baiao",
        "node_id": "n_geo_baiao",
        "name": "Baião",
        "country_node_id": "n_geo_portugal",
        "parent_node_id": "n_geo_vinho_verde",
        "point_role": "municipal_reference_point",
        "point_place_name": "Baião",
        "point_description": "municipality of Portugal",
        "source_url": "https://www.wikidata.org/wiki/Q804064",
        "wikidata_id": "Q804064",
        "wikidata_coordinate_claim": "q804064$22F29F99-5EBA-426D-A2DE-090AB1112DBE",
        "coordinate_precision": 0.016666666666667,
        "retrieved_on": "2026-09-26",
        "license": "CC0-1.0",
        "source_coordinate_url": "https://www.wikidata.org/wiki/Special:EntityData/Q804064.json",
        "label_note": "Reference point: Baião. This point does not represent the wine-region boundary."
      },
      "geometry": {
        "type": "Point",
        "coordinates": [
          -8.0333333333333,
          41.166666666667
        ]
      }
    },
    {
      "type": "Feature",
      "properties": {
        "node": "n_geo_sousa",
        "node_id": "n_geo_sousa",
        "name": "Sousa",
        "country_node_id": "n_geo_portugal",
        "parent_node_id": "n_geo_vinho_verde",
        "point_role": "municipal_reference_point",
        "point_place_name": "Penafiel",
        "point_description": "municipality in Portugal",
        "source_url": "https://www.wikidata.org/wiki/Q984656",
        "wikidata_id": "Q984656",
        "wikidata_coordinate_claim": "q984656$39A4E427-AA9B-4005-A31D-37F9F1A80072",
        "coordinate_precision": 0.016666666666667,
        "retrieved_on": "2026-09-26",
        "license": "CC0-1.0",
        "source_coordinate_url": "https://www.wikidata.org/wiki/Special:EntityData/Q984656.json",
        "label_note": "Reference point: Penafiel. This point does not represent the wine-region boundary."
      },
      "geometry": {
        "type": "Point",
        "coordinates": [
          -8.2833333333333,
          41.2
        ]
      }
    },
    {
      "type": "Feature",
      "properties": {
        "node": "n_geo_paiva",
        "node_id": "n_geo_paiva",
        "name": "Paiva",
        "country_node_id": "n_geo_portugal",
        "parent_node_id": "n_geo_vinho_verde",
        "point_role": "municipal_reference_point",
        "point_place_name": "Castelo de Paiva",
        "point_description": "municipality of Portugal",
        "source_url": "https://www.wikidata.org/wiki/Q397379",
        "wikidata_id": "Q397379",
        "wikidata_coordinate_claim": "q397379$2DBDF2AC-03E5-452D-8065-D690A4A35275",
        "coordinate_precision": 0.016666666666667,
        "retrieved_on": "2026-09-26",
        "license": "CC0-1.0",
        "source_coordinate_url": "https://www.wikidata.org/wiki/Special:EntityData/Q397379.json",
        "label_note": "Reference point: Castelo de Paiva. This point does not represent the wine-region boundary."
      },
      "geometry": {
        "type": "Point",
        "coordinates": [
          -8.2666666666667,
          41.033333333333
        ]
      }
    },
    {
      "type": "Feature",
      "properties": {
        "node": "n_geo_portalegre",
        "node_id": "n_geo_portalegre",
        "name": "Portalegre",
        "country_node_id": "n_geo_portugal",
        "parent_node_id": "n_geo_alentejo",
        "point_role": "municipal_reference_point",
        "point_place_name": "Portalegre",
        "point_description": "municipality in Portugal",
        "source_url": "https://www.wikidata.org/wiki/Q622819",
        "wikidata_id": "Q622819",
        "wikidata_coordinate_claim": "q622819$A19ECF61-CDD3-45C7-AFF9-CF14575B3B2E",
        "coordinate_precision": 0.016666666666667,
        "retrieved_on": "2026-09-26",
        "license": "CC0-1.0",
        "source_coordinate_url": "https://www.wikidata.org/wiki/Special:EntityData/Q622819.json",
        "label_note": "Reference point: Portalegre. This point does not represent the wine-region boundary."
      },
      "geometry": {
        "type": "Point",
        "coordinates": [
          -7.4166666666667,
          39.316666666667
        ]
      }
    },
    {
      "type": "Feature",
      "properties": {
        "node": "n_geo_borba",
        "node_id": "n_geo_borba",
        "name": "Borba",
        "country_node_id": "n_geo_portugal",
        "parent_node_id": "n_geo_alentejo",
        "point_role": "municipal_reference_point",
        "point_place_name": "Borba",
        "point_description": "municipality in Portugal",
        "source_url": "https://www.wikidata.org/wiki/Q893339",
        "wikidata_id": "Q893339",
        "wikidata_coordinate_claim": "q893339$385A2DB2-3997-4972-A911-CF8EA05E1272",
        "coordinate_precision": 0.0166667,
        "retrieved_on": "2026-09-26",
        "license": "CC0-1.0",
        "source_coordinate_url": "https://www.wikidata.org/wiki/Special:EntityData/Q893339.json",
        "label_note": "Reference point: Borba. This point does not represent the wine-region boundary."
      },
      "geometry": {
        "type": "Point",
        "coordinates": [
          -7.45,
          38.8
        ]
      }
    },
    {
      "type": "Feature",
      "properties": {
        "node": "n_geo_redondo",
        "node_id": "n_geo_redondo",
        "name": "Redondo",
        "country_node_id": "n_geo_portugal",
        "parent_node_id": "n_geo_alentejo",
        "point_role": "municipal_reference_point",
        "point_place_name": "Redondo",
        "point_description": "municipality of Portugal",
        "source_url": "https://www.wikidata.org/wiki/Q997608",
        "wikidata_id": "Q997608",
        "wikidata_coordinate_claim": "q997608$27757748-8F39-48A7-BDD9-E8429CC74A2B",
        "coordinate_precision": 0.00027777777777778,
        "retrieved_on": "2026-09-26",
        "license": "CC0-1.0",
        "source_coordinate_url": "https://www.wikidata.org/wiki/Special:EntityData/Q997608.json",
        "label_note": "Reference point: Redondo. This point does not represent the wine-region boundary."
      },
      "geometry": {
        "type": "Point",
        "coordinates": [
          -7.5463888888889,
          38.646388888889
        ]
      }
    },
    {
      "type": "Feature",
      "properties": {
        "node": "n_geo_reguengos",
        "node_id": "n_geo_reguengos",
        "name": "Reguengos",
        "country_node_id": "n_geo_portugal",
        "parent_node_id": "n_geo_alentejo",
        "point_role": "municipal_reference_point",
        "point_place_name": "Reguengos de Monsaraz",
        "point_description": "municipality in Portugal",
        "source_url": "https://www.wikidata.org/wiki/Q990439",
        "wikidata_id": "Q990439",
        "wikidata_coordinate_claim": "q990439$A9D9415D-898D-4BFA-8CAB-BF7489D40E36",
        "coordinate_precision": 0.00027777777777778,
        "retrieved_on": "2026-09-26",
        "license": "CC0-1.0",
        "source_coordinate_url": "https://www.wikidata.org/wiki/Special:EntityData/Q990439.json",
        "label_note": "Reference point: Reguengos de Monsaraz. This point does not represent the wine-region boundary."
      },
      "geometry": {
        "type": "Point",
        "coordinates": [
          -7.5333333333333,
          38.416666666667
        ]
      }
    },
    {
      "type": "Feature",
      "properties": {
        "node": "n_geo_evora",
        "node_id": "n_geo_evora",
        "name": "Évora",
        "country_node_id": "n_geo_portugal",
        "parent_node_id": "n_geo_alentejo",
        "point_role": "municipal_reference_point",
        "point_place_name": "Évora",
        "point_description": "municipality in Portugal",
        "source_url": "https://www.wikidata.org/wiki/Q179948",
        "wikidata_id": "Q179948",
        "wikidata_coordinate_claim": "q179948$8452DF40-8001-4C63-97E1-67D64A3F35B1",
        "coordinate_precision": 0.00027777777777778,
        "retrieved_on": "2026-09-26",
        "license": "CC0-1.0",
        "source_coordinate_url": "https://www.wikidata.org/wiki/Special:EntityData/Q179948.json",
        "label_note": "Reference point: Évora. This point does not represent the wine-region boundary."
      },
      "geometry": {
        "type": "Point",
        "coordinates": [
          -7.9072222222222,
          38.5725
        ]
      }
    },
    {
      "type": "Feature",
      "properties": {
        "node": "n_geo_vidigueira",
        "node_id": "n_geo_vidigueira",
        "name": "Vidigueira",
        "country_node_id": "n_geo_portugal",
        "parent_node_id": "n_geo_alentejo",
        "point_role": "municipal_reference_point",
        "point_place_name": "Vidigueira",
        "point_description": "municipality of Portugal",
        "source_url": "https://www.wikidata.org/wiki/Q551672",
        "wikidata_id": "Q551672",
        "wikidata_coordinate_claim": "q551672$2199C948-FE9E-4BBB-9A52-E0C7C321B29C",
        "coordinate_precision": 0.0166667,
        "retrieved_on": "2026-09-26",
        "license": "CC0-1.0",
        "source_coordinate_url": "https://www.wikidata.org/wiki/Special:EntityData/Q551672.json",
        "label_note": "Reference point: Vidigueira. This point does not represent the wine-region boundary."
      },
      "geometry": {
        "type": "Point",
        "coordinates": [
          -7.8,
          38.2
        ]
      }
    },
    {
      "type": "Feature",
      "properties": {
        "node": "n_geo_moura",
        "node_id": "n_geo_moura",
        "name": "Moura",
        "country_node_id": "n_geo_portugal",
        "parent_node_id": "n_geo_alentejo",
        "point_role": "municipal_reference_point",
        "point_place_name": "Moura",
        "point_description": "municipality in Beja, Portugal",
        "source_url": "https://www.wikidata.org/wiki/Q551662",
        "wikidata_id": "Q551662",
        "wikidata_coordinate_claim": "q551662$72CA2947-0A46-4ED4-A90E-5D74094CFE4A",
        "coordinate_precision": 2.7777777777778e-05,
        "retrieved_on": "2026-09-26",
        "license": "CC0-1.0",
        "source_coordinate_url": "https://www.wikidata.org/wiki/Special:EntityData/Q551662.json",
        "label_note": "Reference point: Moura. This point does not represent the wine-region boundary."
      },
      "geometry": {
        "type": "Point",
        "coordinates": [
          -7.4504722222222,
          38.139694444444
        ]
      }
    },
    {
      "type": "Feature",
      "properties": {
        "node": "n_geo_granja_amareleja",
        "node_id": "n_geo_granja_amareleja",
        "name": "Granja-Amareleja",
        "country_node_id": "n_geo_portugal",
        "parent_node_id": "n_geo_alentejo",
        "point_role": "municipal_reference_point",
        "point_place_name": "Amareleja",
        "point_description": "civil parish in Moura",
        "source_url": "https://www.wikidata.org/wiki/Q454971",
        "wikidata_id": "Q454971",
        "wikidata_coordinate_claim": "Q454971$3C0B25F1-21D8-4AA1-9A09-6BA89B6F2F60",
        "coordinate_precision": 1e-05,
        "retrieved_on": "2026-09-26",
        "license": "CC0-1.0",
        "source_coordinate_url": "https://www.wikidata.org/wiki/Special:EntityData/Q454971.json",
        "label_note": "Reference point: Amareleja. This point does not represent the wine-region boundary."
      },
      "geometry": {
        "type": "Point",
        "coordinates": [
          -7.22269,
          38.20993
        ]
      }
    },
    {
      "type": "Feature",
      "properties": {
        "node": "n_geo_california",
        "node_id": "n_geo_california",
        "name": "California",
        "country_node_id": "n_geo_united_states",
        "parent_node_id": "n_geo_united_states",
        "point_role": "gazetteer_reference_point",
        "point_place_name": "California",
        "point_description": "state of the United States of America",
        "source_url": "https://www.wikidata.org/wiki/Q99",
        "wikidata_id": "Q99",
        "wikidata_coordinate_claim": "q99$CE7FCBFB-051A-4583-AC8F-33932047758B",
        "coordinate_precision": 1,
        "retrieved_on": "2026-09-26",
        "license": "CC0-1.0",
        "source_coordinate_url": "https://www.wikidata.org/wiki/Special:EntityData/Q99.json",
        "label_note": "Reference point: California. This point does not represent the wine-region boundary."
      },
      "geometry": {
        "type": "Point",
        "coordinates": [
          -120,
          37
        ]
      }
    },
    {
      "type": "Feature",
      "properties": {
        "node": "n_geo_oregon",
        "node_id": "n_geo_oregon",
        "name": "Oregon",
        "country_node_id": "n_geo_united_states",
        "parent_node_id": "n_geo_united_states",
        "point_role": "gazetteer_reference_point",
        "point_place_name": "Oregon",
        "point_description": "state of the United States of America",
        "source_url": "https://www.wikidata.org/wiki/Q824",
        "wikidata_id": "Q824",
        "wikidata_coordinate_claim": "q824$3FDB7CF4-870D-4CD0-B28D-A799896DE3BC",
        "coordinate_precision": 0.0002777777777777778,
        "retrieved_on": "2026-09-26",
        "license": "CC0-1.0",
        "source_coordinate_url": "https://www.wikidata.org/wiki/Special:EntityData/Q824.json",
        "label_note": "Reference point: Oregon. This point does not represent the wine-region boundary."
      },
      "geometry": {
        "type": "Point",
        "coordinates": [
          -120.575,
          43.935833333333335
        ]
      }
    },
    {
      "type": "Feature",
      "properties": {
        "node": "n_geo_washington",
        "node_id": "n_geo_washington",
        "name": "Washington",
        "country_node_id": "n_geo_united_states",
        "parent_node_id": "n_geo_united_states",
        "point_role": "gazetteer_reference_point",
        "point_place_name": "Washington",
        "point_description": "state of the United States of America",
        "source_url": "https://www.wikidata.org/wiki/Q1223",
        "wikidata_id": "Q1223",
        "wikidata_coordinate_claim": "q1223$dc810fb2-4468-4195-a6ea-e0d017d3e2aa",
        "coordinate_precision": 0.1,
        "retrieved_on": "2026-09-26",
        "license": "CC0-1.0",
        "source_coordinate_url": "https://www.wikidata.org/wiki/Special:EntityData/Q1223.json",
        "label_note": "Reference point: Washington. This point does not represent the wine-region boundary."
      },
      "geometry": {
        "type": "Point",
        "coordinates": [
          -120.5,
          47.5
        ]
      }
    },
    {
      "type": "Feature",
      "properties": {
        "node": "n_geo_napa_valley",
        "node_id": "n_geo_napa_valley",
        "name": "Napa Valley",
        "country_node_id": "n_geo_united_states",
        "parent_node_id": "n_geo_california",
        "point_role": "gazetteer_reference_point",
        "point_place_name": "Napa Valley AVA",
        "point_description": "wine region",
        "source_url": "https://www.wikidata.org/wiki/Q1151105",
        "wikidata_id": "Q1151105",
        "wikidata_coordinate_claim": "Q1151105$0DD942D9-84F1-4780-9FBD-A38721EE03BC",
        "coordinate_precision": 0.1,
        "retrieved_on": "2026-09-26",
        "license": "CC0-1.0",
        "source_coordinate_url": "https://www.wikidata.org/wiki/Special:EntityData/Q1151105.json",
        "label_note": "Reference point: Napa Valley AVA. This point does not represent the wine-region boundary."
      },
      "geometry": {
        "type": "Point",
        "coordinates": [
          -122.35,
          38.3867
        ]
      }
    },
    {
      "type": "Feature",
      "properties": {
        "node": "n_geo_sonoma_coast",
        "node_id": "n_geo_sonoma_coast",
        "name": "Sonoma Coast",
        "country_node_id": "n_geo_united_states",
        "parent_node_id": "n_geo_california",
        "point_role": "gazetteer_reference_point",
        "point_place_name": "Sonoma Coast AVA",
        "point_description": "American wine region",
        "source_url": "https://www.wikidata.org/wiki/Q1764996",
        "wikidata_id": "Q1764996",
        "wikidata_coordinate_claim": "q1764996$4811D0C6-3A6D-4908-B75E-38BB6BE727C1",
        "coordinate_precision": 0.1,
        "retrieved_on": "2026-09-26",
        "license": "CC0-1.0",
        "source_coordinate_url": "https://www.wikidata.org/wiki/Special:EntityData/Q1764996.json",
        "label_note": "Reference point: Sonoma Coast AVA. This point does not represent the wine-region boundary."
      },
      "geometry": {
        "type": "Point",
        "coordinates": [
          -123,
          38.4
        ]
      }
    },
    {
      "type": "Feature",
      "properties": {
        "node": "n_geo_russian_river_valley",
        "node_id": "n_geo_russian_river_valley",
        "name": "Russian River Valley",
        "country_node_id": "n_geo_united_states",
        "parent_node_id": "n_geo_california",
        "point_role": "gazetteer_reference_point",
        "point_place_name": "Russian River Valley AVA",
        "point_description": "American wine region",
        "source_url": "https://www.wikidata.org/wiki/Q2177011",
        "wikidata_id": "Q2177011",
        "wikidata_coordinate_claim": "q2177011$184B6ECC-55A5-42ED-B7EF-90A575963E54",
        "coordinate_precision": 0.0001,
        "retrieved_on": "2026-09-26",
        "license": "CC0-1.0",
        "source_coordinate_url": "https://www.wikidata.org/wiki/Special:EntityData/Q2177011.json",
        "label_note": "Reference point: Russian River Valley AVA. This point does not represent the wine-region boundary."
      },
      "geometry": {
        "type": "Point",
        "coordinates": [
          -122.817,
          38.4833
        ]
      }
    },
    {
      "type": "Feature",
      "properties": {
        "node": "n_geo_dry_creek_valley",
        "node_id": "n_geo_dry_creek_valley",
        "name": "Dry Creek Valley",
        "country_node_id": "n_geo_united_states",
        "parent_node_id": "n_geo_california",
        "point_role": "gazetteer_reference_point",
        "point_place_name": "Dry Creek Valley AVA",
        "point_description": "California wine region",
        "source_url": "https://www.wikidata.org/wiki/Q1261546",
        "wikidata_id": "Q1261546",
        "wikidata_coordinate_claim": "q1261546$52CBBE2D-64A9-4FCA-A45D-ADF3217A44D3",
        "coordinate_precision": 0.1,
        "retrieved_on": "2026-09-26",
        "license": "CC0-1.0",
        "source_coordinate_url": "https://www.wikidata.org/wiki/Special:EntityData/Q1261546.json",
        "label_note": "Reference point: Dry Creek Valley AVA. This point does not represent the wine-region boundary."
      },
      "geometry": {
        "type": "Point",
        "coordinates": [
          -122.967,
          38.7
        ]
      }
    },
    {
      "type": "Feature",
      "properties": {
        "node": "n_geo_alexander_valley",
        "node_id": "n_geo_alexander_valley",
        "name": "Alexander Valley",
        "country_node_id": "n_geo_united_states",
        "parent_node_id": "n_geo_california",
        "point_role": "gazetteer_reference_point",
        "point_place_name": "Alexander Valley AVA",
        "point_description": "wine region in California",
        "source_url": "https://www.wikidata.org/wiki/Q1669449",
        "wikidata_id": "Q1669449",
        "wikidata_coordinate_claim": "q1669449$FB85ACE9-3DB9-4E91-9556-33994D913A7B",
        "coordinate_precision": 0.01,
        "retrieved_on": "2026-09-26",
        "license": "CC0-1.0",
        "source_coordinate_url": "https://www.wikidata.org/wiki/Special:EntityData/Q1669449.json",
        "label_note": "Reference point: Alexander Valley AVA. This point does not represent the wine-region boundary."
      },
      "geometry": {
        "type": "Point",
        "coordinates": [
          -122.9,
          38.75
        ]
      }
    },
    {
      "type": "Feature",
      "properties": {
        "node": "n_geo_central_coast",
        "node_id": "n_geo_central_coast",
        "name": "Central Coast (California)",
        "country_node_id": "n_geo_united_states",
        "parent_node_id": "n_geo_california",
        "point_role": "gazetteer_reference_point",
        "point_place_name": "Central Coast AVA",
        "point_description": "winemaking region",
        "source_url": "https://www.wikidata.org/wiki/Q1053730",
        "wikidata_id": "Q1053730",
        "wikidata_coordinate_claim": "q1053730$AB8F2A30-A71D-4F3D-A460-3CB1ACA4E677",
        "coordinate_precision": 0.0166667,
        "retrieved_on": "2026-09-26",
        "license": "CC0-1.0",
        "source_coordinate_url": "https://www.wikidata.org/wiki/Special:EntityData/Q1053730.json",
        "label_note": "Reference point: Central Coast AVA. This point does not represent the wine-region boundary."
      },
      "geometry": {
        "type": "Point",
        "coordinates": [
          -121.2,
          36
        ]
      }
    },
    {
      "type": "Feature",
      "properties": {
        "node": "n_geo_paso_robles",
        "node_id": "n_geo_paso_robles",
        "name": "Paso Robles",
        "country_node_id": "n_geo_united_states",
        "parent_node_id": "n_geo_central_coast",
        "point_role": "municipal_reference_point",
        "point_place_name": "Paso Robles",
        "point_description": "city in San Luis Obispo County, California, United States",
        "source_url": "https://www.wikidata.org/wiki/Q586528",
        "wikidata_id": "Q586528",
        "wikidata_coordinate_claim": "q586528$DCBB789F-4F51-408C-B977-98725B5774B6",
        "coordinate_precision": 0.00027777777777778,
        "retrieved_on": "2026-09-26",
        "license": "CC0-1.0",
        "source_coordinate_url": "https://www.wikidata.org/wiki/Special:EntityData/Q586528.json",
        "label_note": "Reference point: Paso Robles. This point does not represent the wine-region boundary."
      },
      "geometry": {
        "type": "Point",
        "coordinates": [
          -120.66,
          35.63
        ]
      }
    },
    {
      "type": "Feature",
      "properties": {
        "node": "n_geo_santa_ynez_valley",
        "node_id": "n_geo_santa_ynez_valley",
        "name": "Santa Ynez Valley",
        "country_node_id": "n_geo_united_states",
        "parent_node_id": "n_geo_central_coast",
        "point_role": "gazetteer_reference_point",
        "point_place_name": "Santa Ynez Valley AVA",
        "point_description": "wine region",
        "source_url": "https://www.wikidata.org/wiki/Q2223286",
        "wikidata_id": "Q2223286",
        "wikidata_coordinate_claim": "Q2223286$c043c770-0666-43be-9d29-4c76b839996d",
        "coordinate_precision": 1e-05,
        "retrieved_on": "2026-09-26",
        "license": "CC0-1.0",
        "source_coordinate_url": "https://www.wikidata.org/wiki/Special:EntityData/Q2223286.json",
        "label_note": "Reference point: Santa Ynez Valley AVA. This point does not represent the wine-region boundary."
      },
      "geometry": {
        "type": "Point",
        "coordinates": [
          -120.10352,
          34.58867
        ]
      }
    },
    {
      "type": "Feature",
      "properties": {
        "node": "n_geo_sta_rita_hills",
        "node_id": "n_geo_sta_rita_hills",
        "name": "Sta. Rita Hills",
        "country_node_id": "n_geo_united_states",
        "parent_node_id": "n_geo_santa_ynez_valley",
        "point_role": "gazetteer_reference_point",
        "point_place_name": "Sta. Rita Hills AVA",
        "point_description": "winemaking region",
        "source_url": "https://www.wikidata.org/wiki/Q7595677",
        "wikidata_id": "Q7595677",
        "wikidata_coordinate_claim": "Q7595677$d1025808-c6d0-444f-ba02-3293a5a6f005",
        "coordinate_precision": 1e-05,
        "retrieved_on": "2026-09-26",
        "license": "CC0-1.0",
        "source_coordinate_url": "https://www.wikidata.org/wiki/Special:EntityData/Q7595677.json",
        "label_note": "Reference point: Sta. Rita Hills AVA. This point does not represent the wine-region boundary."
      },
      "geometry": {
        "type": "Point",
        "coordinates": [
          -120.28818,
          34.63406
        ]
      }
    },
    {
      "type": "Feature",
      "properties": {
        "node": "n_geo_santa_maria_valley",
        "node_id": "n_geo_santa_maria_valley",
        "name": "Santa Maria Valley",
        "country_node_id": "n_geo_united_states",
        "parent_node_id": "n_geo_central_coast",
        "point_role": "municipal_reference_point",
        "point_place_name": "Santa Maria",
        "point_description": "city in southern California, United States",
        "source_url": "https://www.wikidata.org/wiki/Q643953",
        "wikidata_id": "Q643953",
        "wikidata_coordinate_claim": "q643953$04dec26c-4bc9-a15b-df88-7e4db799cd0d",
        "coordinate_precision": 0.00027777777777778,
        "retrieved_on": "2026-09-26",
        "license": "CC0-1.0",
        "source_coordinate_url": "https://www.wikidata.org/wiki/Special:EntityData/Q643953.json",
        "label_note": "Reference point: Santa Maria. This point does not represent the wine-region boundary."
      },
      "geometry": {
        "type": "Point",
        "coordinates": [
          -120.43333333333,
          34.951388888889
        ]
      }
    },
    {
      "type": "Feature",
      "properties": {
        "node": "n_geo_santa_lucia_highlands",
        "node_id": "n_geo_santa_lucia_highlands",
        "name": "Santa Lucia Highlands",
        "country_node_id": "n_geo_united_states",
        "parent_node_id": "n_geo_central_coast",
        "point_role": "gazetteer_reference_point",
        "point_place_name": "Santa Lucia Highlands AVA",
        "point_description": "appelation that designates wine in Monterey County, CA",
        "source_url": "https://www.wikidata.org/wiki/Q2222992",
        "wikidata_id": "Q2222992",
        "wikidata_coordinate_claim": "Q2222992$8faf496d-9f39-4cb9-ba92-79052890bdbf",
        "coordinate_precision": 1e-05,
        "retrieved_on": "2026-09-26",
        "license": "CC0-1.0",
        "source_coordinate_url": "https://www.wikidata.org/wiki/Special:EntityData/Q2222992.json",
        "label_note": "Reference point: Santa Lucia Highlands AVA. This point does not represent the wine-region boundary."
      },
      "geometry": {
        "type": "Point",
        "coordinates": [
          -121.42023745,
          36.43358975
        ]
      }
    },
    {
      "type": "Feature",
      "properties": {
        "node": "n_geo_oakville",
        "node_id": "n_geo_oakville",
        "name": "Oakville",
        "country_node_id": "n_geo_united_states",
        "parent_node_id": "n_geo_napa_valley",
        "point_role": "gazetteer_reference_point",
        "point_place_name": "Oakville AVA",
        "point_description": "American Viticultural Area",
        "source_url": "https://www.wikidata.org/wiki/Q1748339",
        "wikidata_id": "Q1748339",
        "wikidata_coordinate_claim": "Q1748339$c23efb08-de9a-439e-920a-a9aab7ea623f",
        "coordinate_precision": 1e-05,
        "retrieved_on": "2026-09-26",
        "license": "CC0-1.0",
        "source_coordinate_url": "https://www.wikidata.org/wiki/Special:EntityData/Q1748339.json",
        "label_note": "Reference point: Oakville AVA. This point does not represent the wine-region boundary."
      },
      "geometry": {
        "type": "Point",
        "coordinates": [
          -122.402468,
          38.4384007
        ]
      }
    },
    {
      "type": "Feature",
      "properties": {
        "node": "n_geo_rutherford",
        "node_id": "n_geo_rutherford",
        "name": "Rutherford",
        "country_node_id": "n_geo_united_states",
        "parent_node_id": "n_geo_napa_valley",
        "point_role": "municipal_reference_point",
        "point_place_name": "Rutherford AVA",
        "point_description": "American Viticultural Area centered on the town of Rutherford, California",
        "source_url": "https://www.wikidata.org/wiki/Q1512490",
        "wikidata_id": "Q1512490",
        "wikidata_coordinate_claim": "Q1512490$83196f83-0f6b-484b-b018-052365fe54b7",
        "coordinate_precision": 1e-05,
        "retrieved_on": "2026-09-26",
        "license": "CC0-1.0",
        "source_coordinate_url": "https://www.wikidata.org/wiki/Special:EntityData/Q1512490.json",
        "label_note": "Reference point: Rutherford AVA. This point does not represent the wine-region boundary."
      },
      "geometry": {
        "type": "Point",
        "coordinates": [
          -122.4233325,
          38.45865239
        ]
      }
    },
    {
      "type": "Feature",
      "properties": {
        "node": "n_geo_st_helena",
        "node_id": "n_geo_st_helena",
        "name": "St. Helena",
        "country_node_id": "n_geo_united_states",
        "parent_node_id": "n_geo_napa_valley",
        "point_role": "gazetteer_reference_point",
        "point_place_name": "St. Helena AVA",
        "point_description": "California wine region in Napa Valley",
        "source_url": "https://www.wikidata.org/wiki/Q1765190",
        "wikidata_id": "Q1765190",
        "wikidata_coordinate_claim": "Q1765190$6fedcc17-8453-4391-b60e-af2dfc814ae1",
        "coordinate_precision": 1e-05,
        "retrieved_on": "2026-09-26",
        "license": "CC0-1.0",
        "source_coordinate_url": "https://www.wikidata.org/wiki/Special:EntityData/Q1765190.json",
        "label_note": "Reference point: St. Helena AVA. This point does not represent the wine-region boundary."
      },
      "geometry": {
        "type": "Point",
        "coordinates": [
          -122.50899,
          38.51489
        ]
      }
    },
    {
      "type": "Feature",
      "properties": {
        "node": "n_geo_calistoga",
        "node_id": "n_geo_calistoga",
        "name": "Calistoga",
        "country_node_id": "n_geo_united_states",
        "parent_node_id": "n_geo_napa_valley",
        "point_role": "gazetteer_reference_point",
        "point_place_name": "Calistoga AVA",
        "point_description": "an American Viticultural Area: a designated wine grape-growing region in the United States",
        "source_url": "https://www.wikidata.org/wiki/Q5021434",
        "wikidata_id": "Q5021434",
        "wikidata_coordinate_claim": "Q5021434$09f6b93e-e80d-437d-a95e-3f0654935f13",
        "coordinate_precision": 1e-05,
        "retrieved_on": "2026-09-26",
        "license": "CC0-1.0",
        "source_coordinate_url": "https://www.wikidata.org/wiki/Special:EntityData/Q5021434.json",
        "label_note": "Reference point: Calistoga AVA. This point does not represent the wine-region boundary."
      },
      "geometry": {
        "type": "Point",
        "coordinates": [
          -122.5542888,
          38.5705306
        ]
      }
    },
    {
      "type": "Feature",
      "properties": {
        "node": "n_geo_los_carneros",
        "node_id": "n_geo_los_carneros",
        "name": "Los Carneros",
        "country_node_id": "n_geo_united_states",
        "parent_node_id": "n_geo_california",
        "point_role": "gazetteer_reference_point",
        "point_place_name": "Los Carneros AVA",
        "point_description": "wine region in California",
        "source_url": "https://www.wikidata.org/wiki/Q1870486",
        "wikidata_id": "Q1870486",
        "wikidata_coordinate_claim": "Q1870486$a014a5ac-db3f-4d55-ae2d-65c48449aa05",
        "coordinate_precision": 1e-05,
        "retrieved_on": "2026-09-26",
        "license": "CC0-1.0",
        "source_coordinate_url": "https://www.wikidata.org/wiki/Special:EntityData/Q1870486.json",
        "label_note": "Reference point: Los Carneros AVA. This point does not represent the wine-region boundary."
      },
      "geometry": {
        "type": "Point",
        "coordinates": [
          -122.40296,
          38.25347
        ]
      }
    },
    {
      "type": "Feature",
      "properties": {
        "node": "n_geo_willamette_valley",
        "node_id": "n_geo_willamette_valley",
        "name": "Willamette Valley",
        "country_node_id": "n_geo_united_states",
        "parent_node_id": "n_geo_oregon",
        "point_role": "municipal_reference_point",
        "point_place_name": "McMinnville",
        "point_description": "city in and county seat of Yamhill County, Oregon, United States",
        "source_url": "https://www.wikidata.org/wiki/Q852693",
        "wikidata_id": "Q852693",
        "wikidata_coordinate_claim": "q852693$0D4B5458-69FE-4D85-B44E-1A56CDBAEBE9",
        "coordinate_precision": 0.00027777777777778,
        "retrieved_on": "2026-09-26",
        "license": "CC0-1.0",
        "source_coordinate_url": "https://www.wikidata.org/wiki/Special:EntityData/Q852693.json",
        "label_note": "Reference point: McMinnville. This point does not represent the wine-region boundary."
      },
      "geometry": {
        "type": "Point",
        "coordinates": [
          -123.19722222222,
          45.211666666667
        ]
      }
    },
    {
      "type": "Feature",
      "properties": {
        "node": "n_geo_dundee_hills",
        "node_id": "n_geo_dundee_hills",
        "name": "Dundee Hills",
        "country_node_id": "n_geo_united_states",
        "parent_node_id": "n_geo_willamette_valley",
        "point_role": "gazetteer_reference_point",
        "point_place_name": "Dundee Hills AVA",
        "point_description": "American Viticultural Area in Oregon",
        "source_url": "https://www.wikidata.org/wiki/Q251411",
        "wikidata_id": "Q251411",
        "wikidata_coordinate_claim": "Q251411$ba03b092-9fe9-4bd0-87e5-b7a7a94a5b4f",
        "coordinate_precision": 0.0001,
        "retrieved_on": "2026-09-26",
        "license": "CC0-1.0",
        "source_coordinate_url": "https://www.wikidata.org/wiki/Special:EntityData/Q251411.json",
        "label_note": "Reference point: Dundee Hills AVA. This point does not represent the wine-region boundary."
      },
      "geometry": {
        "type": "Point",
        "coordinates": [
          -123.0438,
          45.2586
        ]
      }
    },
    {
      "type": "Feature",
      "properties": {
        "node": "n_geo_eola_amity_hills",
        "node_id": "n_geo_eola_amity_hills",
        "name": "Eola-Amity Hills",
        "country_node_id": "n_geo_united_states",
        "parent_node_id": "n_geo_willamette_valley",
        "point_role": "gazetteer_reference_point",
        "point_place_name": "Eola-Amity Hills AVA",
        "point_description": "Oregon wine region",
        "source_url": "https://www.wikidata.org/wiki/Q1346283",
        "wikidata_id": "Q1346283",
        "wikidata_coordinate_claim": "q1346283$531D58BC-746F-4683-96DE-7A65AB14A27C",
        "coordinate_precision": 0.001,
        "retrieved_on": "2026-09-26",
        "license": "CC0-1.0",
        "source_coordinate_url": "https://www.wikidata.org/wiki/Special:EntityData/Q1346283.json",
        "label_note": "Reference point: Eola-Amity Hills AVA. This point does not represent the wine-region boundary."
      },
      "geometry": {
        "type": "Point",
        "coordinates": [
          -123.116,
          45.056
        ]
      }
    },
    {
      "type": "Feature",
      "properties": {
        "node": "n_geo_chehalem_mountains",
        "node_id": "n_geo_chehalem_mountains",
        "name": "Chehalem Mountains",
        "country_node_id": "n_geo_united_states",
        "parent_node_id": "n_geo_willamette_valley",
        "point_role": "gazetteer_reference_point",
        "point_place_name": "Chehalem Mountains AVA",
        "point_description": "American Viticultural Area",
        "source_url": "https://www.wikidata.org/wiki/Q1068966",
        "wikidata_id": "Q1068966",
        "wikidata_coordinate_claim": "q1068966$B638AEEB-D930-4D1C-8AF1-8A9EAACF75D2",
        "coordinate_precision": 0.0001,
        "retrieved_on": "2026-09-26",
        "license": "CC0-1.0",
        "source_coordinate_url": "https://www.wikidata.org/wiki/Special:EntityData/Q1068966.json",
        "label_note": "Reference point: Chehalem Mountains AVA. This point does not represent the wine-region boundary."
      },
      "geometry": {
        "type": "Point",
        "coordinates": [
          -122.967,
          45.4333
        ]
      }
    },
    {
      "type": "Feature",
      "properties": {
        "node": "n_geo_ribbon_ridge",
        "node_id": "n_geo_ribbon_ridge",
        "name": "Ribbon Ridge",
        "country_node_id": "n_geo_united_states",
        "parent_node_id": "n_geo_chehalem_mountains",
        "point_role": "gazetteer_reference_point",
        "point_place_name": "Ribbon Ridge AVA",
        "point_description": "Oregon wine region in Yamhill County",
        "source_url": "https://www.wikidata.org/wiki/Q178467",
        "wikidata_id": "Q178467",
        "wikidata_coordinate_claim": "q178467$020E94B7-221B-4732-8CBA-C8257F8288A6",
        "coordinate_precision": 0.01,
        "retrieved_on": "2026-09-26",
        "license": "CC0-1.0",
        "source_coordinate_url": "https://www.wikidata.org/wiki/Special:EntityData/Q178467.json",
        "label_note": "Reference point: Ribbon Ridge AVA. This point does not represent the wine-region boundary."
      },
      "geometry": {
        "type": "Point",
        "coordinates": [
          -123.067,
          45.35
        ]
      }
    },
    {
      "type": "Feature",
      "properties": {
        "node": "n_geo_columbia_valley",
        "node_id": "n_geo_columbia_valley",
        "name": "Columbia Valley",
        "country_node_id": "n_geo_united_states",
        "parent_node_id": "n_geo_united_states",
        "point_role": "gazetteer_reference_point",
        "point_place_name": "Columbia Valley AVA",
        "point_description": "American Viticultural Area in Washington and Oregon",
        "source_url": "https://www.wikidata.org/wiki/Q2984578",
        "wikidata_id": "Q2984578",
        "wikidata_coordinate_claim": "q2984578$CBD56E37-BC0B-4DF2-BFEE-D40AF54E781D",
        "coordinate_precision": 0.0001,
        "retrieved_on": "2026-09-26",
        "license": "CC0-1.0",
        "source_coordinate_url": "https://www.wikidata.org/wiki/Special:EntityData/Q2984578.json",
        "label_note": "Reference point: Columbia Valley AVA. This point does not represent the wine-region boundary."
      },
      "geometry": {
        "type": "Point",
        "coordinates": [
          -119.288,
          47.1211
        ]
      }
    },
    {
      "type": "Feature",
      "properties": {
        "node": "n_geo_yakima_valley",
        "node_id": "n_geo_yakima_valley",
        "name": "Yakima Valley",
        "country_node_id": "n_geo_united_states",
        "parent_node_id": "n_geo_columbia_valley",
        "point_role": "gazetteer_reference_point",
        "point_place_name": "Yakima Valley AVA",
        "point_description": "American Viticultural Area in Washington state",
        "source_url": "https://www.wikidata.org/wiki/Q1570385",
        "wikidata_id": "Q1570385",
        "wikidata_coordinate_claim": "q1570385$65BA5E08-337E-4A07-8D67-11FB56866DF6",
        "coordinate_precision": null,
        "retrieved_on": "2026-09-26",
        "license": "CC0-1.0",
        "source_coordinate_url": "https://www.wikidata.org/wiki/Special:EntityData/Q1570385.json",
        "label_note": "Reference point: Yakima Valley AVA. This point does not represent the wine-region boundary."
      },
      "geometry": {
        "type": "Point",
        "coordinates": [
          -120.266,
          46.3472
        ]
      }
    },
    {
      "type": "Feature",
      "properties": {
        "node": "n_geo_red_mountain",
        "node_id": "n_geo_red_mountain",
        "name": "Red Mountain",
        "country_node_id": "n_geo_united_states",
        "parent_node_id": "n_geo_yakima_valley",
        "point_role": "gazetteer_reference_point",
        "point_place_name": "Red Mountain AVA",
        "point_description": "US viticultural area",
        "source_url": "https://www.wikidata.org/wiki/Q1572683",
        "wikidata_id": "Q1572683",
        "wikidata_coordinate_claim": "q1572683$D3BD46BD-8F4A-44AD-B4C2-1AEEFAE020A1",
        "coordinate_precision": null,
        "retrieved_on": "2026-09-26",
        "license": "CC0-1.0",
        "source_coordinate_url": "https://www.wikidata.org/wiki/Special:EntityData/Q1572683.json",
        "label_note": "Reference point: Red Mountain AVA. This point does not represent the wine-region boundary."
      },
      "geometry": {
        "type": "Point",
        "coordinates": [
          -119.454,
          46.2761
        ]
      }
    },
    {
      "type": "Feature",
      "properties": {
        "node": "n_geo_walla_walla_valley",
        "node_id": "n_geo_walla_walla_valley",
        "name": "Walla Walla Valley",
        "country_node_id": "n_geo_united_states",
        "parent_node_id": "n_geo_columbia_valley",
        "point_role": "gazetteer_reference_point",
        "point_place_name": "Walla Walla Valley AVA",
        "point_description": "wine region in the Walla Walla Valley",
        "source_url": "https://www.wikidata.org/wiki/Q7962694",
        "wikidata_id": "Q7962694",
        "wikidata_coordinate_claim": "q7962694$AC9107B8-9DCB-4CCD-BEE4-DB0A5024DD2D",
        "coordinate_precision": 1,
        "retrieved_on": "2026-09-26",
        "license": "CC0-1.0",
        "source_coordinate_url": "https://www.wikidata.org/wiki/Special:EntityData/Q7962694.json",
        "label_note": "Reference point: Walla Walla Valley AVA. This point does not represent the wine-region boundary."
      },
      "geometry": {
        "type": "Point",
        "coordinates": [
          -118,
          46
        ]
      }
    },
    {
      "type": "Feature",
      "properties": {
        "node": "n_geo_ontario",
        "node_id": "n_geo_ontario",
        "name": "Ontario",
        "country_node_id": "n_geo_canada",
        "parent_node_id": "n_geo_canada",
        "point_role": "gazetteer_reference_point",
        "point_place_name": "Ontario",
        "point_description": "province of Canada",
        "source_url": "https://www.wikidata.org/wiki/Q1904",
        "wikidata_id": "Q1904",
        "wikidata_coordinate_claim": "q1904$F6BE8E1B-ED50-4DC9-B1C6-47531C2CEBF9",
        "coordinate_precision": 1,
        "retrieved_on": "2026-09-26",
        "license": "CC0-1.0",
        "source_coordinate_url": "https://www.wikidata.org/wiki/Special:EntityData/Q1904.json",
        "label_note": "Reference point: Ontario. This point does not represent the wine-region boundary."
      },
      "geometry": {
        "type": "Point",
        "coordinates": [
          -85,
          50
        ]
      }
    },
    {
      "type": "Feature",
      "properties": {
        "node": "n_geo_niagara_peninsula",
        "node_id": "n_geo_niagara_peninsula",
        "name": "Niagara Peninsula",
        "country_node_id": "n_geo_canada",
        "parent_node_id": "n_geo_ontario",
        "point_role": "gazetteer_reference_point",
        "point_place_name": "Niagara Peninsula",
        "point_description": "peninsula in Ontario, Canada",
        "source_url": "https://www.wikidata.org/wiki/Q1147919",
        "wikidata_id": "Q1147919",
        "wikidata_coordinate_claim": "q1147919$5B5B3D7D-BDFC-43AC-B22D-1587DFB32B94",
        "coordinate_precision": 0.0166667,
        "retrieved_on": "2026-09-26",
        "license": "CC0-1.0",
        "source_coordinate_url": "https://www.wikidata.org/wiki/Special:EntityData/Q1147919.json",
        "label_note": "Reference point: Niagara Peninsula. This point does not represent the wine-region boundary."
      },
      "geometry": {
        "type": "Point",
        "coordinates": [
          -79.5,
          43
        ]
      }
    },
    {
      "type": "Feature",
      "properties": {
        "node": "n_geo_lake_erie_north_shore",
        "node_id": "n_geo_lake_erie_north_shore",
        "name": "Lake Erie North Shore",
        "country_node_id": "n_geo_canada",
        "parent_node_id": "n_geo_ontario",
        "point_role": "municipal_reference_point",
        "point_place_name": "Kingsville",
        "point_description": "town in Essex County, Ontario, Canada",
        "source_url": "https://www.wikidata.org/wiki/Q3085326",
        "wikidata_id": "Q3085326",
        "wikidata_coordinate_claim": "q3085326$7B2E0D68-3EB8-4676-881A-0F94E837F971",
        "coordinate_precision": 0.0001,
        "retrieved_on": "2026-09-26",
        "license": "CC0-1.0",
        "source_coordinate_url": "https://www.wikidata.org/wiki/Special:EntityData/Q3085326.json",
        "label_note": "Reference point: Kingsville. This point does not represent the wine-region boundary."
      },
      "geometry": {
        "type": "Point",
        "coordinates": [
          -82.7395,
          42.0378
        ]
      }
    },
    {
      "type": "Feature",
      "properties": {
        "node": "n_geo_prince_edward_county",
        "node_id": "n_geo_prince_edward_county",
        "name": "Prince Edward County",
        "country_node_id": "n_geo_canada",
        "parent_node_id": "n_geo_ontario",
        "point_role": "municipal_reference_point",
        "point_place_name": "Prince Edward County",
        "point_description": "municipality in Ontario, Canada",
        "source_url": "https://www.wikidata.org/wiki/Q385085",
        "wikidata_id": "Q385085",
        "wikidata_coordinate_claim": "q385085$3465178C-151C-4EC8-AB1C-D03ACA8022AA",
        "coordinate_precision": 0.0166667,
        "retrieved_on": "2026-09-26",
        "license": "CC0-1.0",
        "source_coordinate_url": "https://www.wikidata.org/wiki/Special:EntityData/Q385085.json",
        "label_note": "Reference point: Prince Edward County. This point does not represent the wine-region boundary."
      },
      "geometry": {
        "type": "Point",
        "coordinates": [
          -77.25,
          44
        ]
      }
    },
    {
      "type": "Feature",
      "properties": {
        "node": "n_geo_british_columbia",
        "node_id": "n_geo_british_columbia",
        "name": "British Columbia",
        "country_node_id": "n_geo_canada",
        "parent_node_id": "n_geo_canada",
        "point_role": "gazetteer_reference_point",
        "point_place_name": "British Columbia",
        "point_description": "province of Canada",
        "source_url": "https://www.wikidata.org/wiki/Q1973",
        "wikidata_id": "Q1973",
        "wikidata_coordinate_claim": "Q1973$61E6E604-63ED-45A5-B535-F05F16179EEE",
        "coordinate_precision": 0.1,
        "retrieved_on": "2026-09-26",
        "license": "CC0-1.0",
        "source_coordinate_url": "https://www.wikidata.org/wiki/Special:EntityData/Q1973.json",
        "label_note": "Reference point: British Columbia. This point does not represent the wine-region boundary."
      },
      "geometry": {
        "type": "Point",
        "coordinates": [
          -124.5,
          54.5
        ]
      }
    },
    {
      "type": "Feature",
      "properties": {
        "node": "n_geo_okanagan_valley",
        "node_id": "n_geo_okanagan_valley",
        "name": "Okanagan Valley",
        "country_node_id": "n_geo_canada",
        "parent_node_id": "n_geo_british_columbia",
        "point_role": "gazetteer_reference_point",
        "point_place_name": "Okanagan",
        "point_description": "geographic region of British Columbia, Canada",
        "source_url": "https://www.wikidata.org/wiki/Q1812222",
        "wikidata_id": "Q1812222",
        "wikidata_coordinate_claim": "q1812222$B6A35570-56B2-4B91-9665-998F26DD5DC7",
        "coordinate_precision": null,
        "retrieved_on": "2026-09-26",
        "license": "CC0-1.0",
        "source_coordinate_url": "https://www.wikidata.org/wiki/Special:EntityData/Q1812222.json",
        "label_note": "Reference point: Okanagan. This point does not represent the wine-region boundary."
      },
      "geometry": {
        "type": "Point",
        "coordinates": [
          -119.71722222222,
          49.747777777778
        ]
      }
    },
    {
      "type": "Feature",
      "properties": {
        "node": "n_geo_similkameen_valley",
        "node_id": "n_geo_similkameen_valley",
        "name": "Similkameen Valley",
        "country_node_id": "n_geo_canada",
        "parent_node_id": "n_geo_british_columbia",
        "point_role": "municipal_reference_point",
        "point_place_name": "Keremeos",
        "point_description": "village in British Columbia, Canada",
        "source_url": "https://www.wikidata.org/wiki/Q2957131",
        "wikidata_id": "Q2957131",
        "wikidata_coordinate_claim": "q2957131$41B39428-9DCE-477D-8877-AE39DF795299",
        "coordinate_precision": null,
        "retrieved_on": "2026-09-26",
        "license": "CC0-1.0",
        "source_coordinate_url": "https://www.wikidata.org/wiki/Special:EntityData/Q2957131.json",
        "label_note": "Reference point: Keremeos. This point does not represent the wine-region boundary."
      },
      "geometry": {
        "type": "Point",
        "coordinates": [
          -119.829,
          49.2025
        ]
      }
    },
    {
      "type": "Feature",
      "properties": {
        "node": "n_geo_golden_mile_bench",
        "node_id": "n_geo_golden_mile_bench",
        "name": "Golden Mile Bench",
        "country_node_id": "n_geo_canada",
        "parent_node_id": "n_geo_okanagan_valley",
        "point_role": "municipal_reference_point",
        "point_place_name": "Oliver",
        "point_description": "town in British Columbia, Canada",
        "source_url": "https://www.wikidata.org/wiki/Q3350642",
        "wikidata_id": "Q3350642",
        "wikidata_coordinate_claim": "q3350642$28BDF708-E21F-4C90-B4D9-539EBCF58C57",
        "coordinate_precision": null,
        "retrieved_on": "2026-09-26",
        "license": "CC0-1.0",
        "source_coordinate_url": "https://www.wikidata.org/wiki/Special:EntityData/Q3350642.json",
        "label_note": "Reference point: Oliver. This point does not represent the wine-region boundary."
      },
      "geometry": {
        "type": "Point",
        "coordinates": [
          -119.551,
          49.1828
        ]
      }
    },
    {
      "type": "Feature",
      "properties": {
        "node": "n_geo_coquimbo_wine",
        "node_id": "n_geo_coquimbo_wine",
        "name": "Coquimbo (wine region)",
        "country_node_id": "n_geo_chile",
        "parent_node_id": "n_geo_chile",
        "point_role": "municipal_reference_point",
        "point_place_name": "La Serena",
        "point_description": "city in Chile",
        "source_url": "https://www.wikidata.org/wiki/Q14467",
        "wikidata_id": "Q14467",
        "wikidata_coordinate_claim": "q14467$CED630D0-02E8-4EF1-B857-7309742A8CD8",
        "coordinate_precision": 0.0001,
        "retrieved_on": "2026-09-26",
        "license": "CC0-1.0",
        "source_coordinate_url": "https://www.wikidata.org/wiki/Special:EntityData/Q14467.json",
        "label_note": "Reference point: La Serena. This point does not represent the wine-region boundary."
      },
      "geometry": {
        "type": "Point",
        "coordinates": [
          -71.252,
          -29.9027
        ]
      }
    },
    {
      "type": "Feature",
      "properties": {
        "node": "n_geo_aconcagua_wine",
        "node_id": "n_geo_aconcagua_wine",
        "name": "Aconcagua (wine region)",
        "country_node_id": "n_geo_chile",
        "parent_node_id": "n_geo_chile",
        "point_role": "municipal_reference_point",
        "point_place_name": "San Felipe",
        "point_description": "city in Chile",
        "source_url": "https://www.wikidata.org/wiki/Q187802",
        "wikidata_id": "Q187802",
        "wikidata_coordinate_claim": "q187802$D35E590F-8A33-4F25-9875-751A96DFB78B",
        "coordinate_precision": 0.0001,
        "retrieved_on": "2026-09-26",
        "license": "CC0-1.0",
        "source_coordinate_url": "https://www.wikidata.org/wiki/Special:EntityData/Q187802.json",
        "label_note": "Reference point: San Felipe. This point does not represent the wine-region boundary."
      },
      "geometry": {
        "type": "Point",
        "coordinates": [
          -70.7251,
          -32.7507
        ]
      }
    },
    {
      "type": "Feature",
      "properties": {
        "node": "n_geo_central_valley_chile",
        "node_id": "n_geo_central_valley_chile",
        "name": "Central Valley (Chile)",
        "country_node_id": "n_geo_chile",
        "parent_node_id": "n_geo_chile",
        "point_role": "municipal_reference_point",
        "point_place_name": "San Fernando",
        "point_description": "city in Chile",
        "source_url": "https://www.wikidata.org/wiki/Q187807",
        "wikidata_id": "Q187807",
        "wikidata_coordinate_claim": "q187807$A95D0D16-A6CF-4F63-86A3-1B12D832691E",
        "coordinate_precision": 0.0001,
        "retrieved_on": "2026-09-26",
        "license": "CC0-1.0",
        "source_coordinate_url": "https://www.wikidata.org/wiki/Special:EntityData/Q187807.json",
        "label_note": "Reference point: San Fernando. This point does not represent the wine-region boundary."
      },
      "geometry": {
        "type": "Point",
        "coordinates": [
          -70.9891,
          -34.5839
        ]
      }
    },
    {
      "type": "Feature",
      "properties": {
        "node": "n_geo_southern_chile",
        "node_id": "n_geo_southern_chile",
        "name": "Southern Region (Chile)",
        "country_node_id": "n_geo_chile",
        "parent_node_id": "n_geo_chile",
        "point_role": "municipal_reference_point",
        "point_place_name": "Chillán",
        "point_description": "city in the Ñuble Region, Chile",
        "source_url": "https://www.wikidata.org/wiki/Q3774",
        "wikidata_id": "Q3774",
        "wikidata_coordinate_claim": "q3774$8A215973-1EC0-4B25-8F7F-CBFE84936B9D",
        "coordinate_precision": 0.0001,
        "retrieved_on": "2026-09-26",
        "license": "CC0-1.0",
        "source_coordinate_url": "https://www.wikidata.org/wiki/Special:EntityData/Q3774.json",
        "label_note": "Reference point: Chillán. This point does not represent the wine-region boundary."
      },
      "geometry": {
        "type": "Point",
        "coordinates": [
          -72.1033,
          -36.6067
        ]
      }
    },
    {
      "type": "Feature",
      "properties": {
        "node": "n_geo_elqui",
        "node_id": "n_geo_elqui",
        "name": "Elqui Valley",
        "country_node_id": "n_geo_chile",
        "parent_node_id": "n_geo_coquimbo_wine",
        "point_role": "gazetteer_reference_point",
        "point_place_name": "Elqui Province",
        "point_description": "province of Chile",
        "source_url": "https://www.wikidata.org/wiki/Q721224",
        "wikidata_id": "Q721224",
        "wikidata_coordinate_claim": "q721224$6F4151A0-3E9C-4F01-911D-67FF60FC721B",
        "coordinate_precision": 0.016666666666667,
        "retrieved_on": "2026-09-26",
        "license": "CC0-1.0",
        "source_coordinate_url": "https://www.wikidata.org/wiki/Special:EntityData/Q721224.json",
        "label_note": "Reference point: Elqui Province. This point does not represent the wine-region boundary."
      },
      "geometry": {
        "type": "Point",
        "coordinates": [
          -70.55,
          -29.666666666667
        ]
      }
    },
    {
      "type": "Feature",
      "properties": {
        "node": "n_geo_limari",
        "node_id": "n_geo_limari",
        "name": "Limarí Valley",
        "country_node_id": "n_geo_chile",
        "parent_node_id": "n_geo_coquimbo_wine",
        "point_role": "gazetteer_reference_point",
        "point_place_name": "Limarí Province",
        "point_description": "province of Chile",
        "source_url": "https://www.wikidata.org/wiki/Q63774",
        "wikidata_id": "Q63774",
        "wikidata_coordinate_claim": "q63774$C98FB2B9-41FF-490B-BDB1-45656D6B2B7E",
        "coordinate_precision": 0.016666666666667,
        "retrieved_on": "2026-09-26",
        "license": "CC0-1.0",
        "source_coordinate_url": "https://www.wikidata.org/wiki/Special:EntityData/Q63774.json",
        "label_note": "Reference point: Limarí Province. This point does not represent the wine-region boundary."
      },
      "geometry": {
        "type": "Point",
        "coordinates": [
          -71,
          -30.5
        ]
      }
    },
    {
      "type": "Feature",
      "properties": {
        "node": "n_geo_choapa",
        "node_id": "n_geo_choapa",
        "name": "Choapa Valley",
        "country_node_id": "n_geo_chile",
        "parent_node_id": "n_geo_coquimbo_wine",
        "point_role": "gazetteer_reference_point",
        "point_place_name": "Choapa Province",
        "point_description": "province of Chile",
        "source_url": "https://www.wikidata.org/wiki/Q63916",
        "wikidata_id": "Q63916",
        "wikidata_coordinate_claim": "q63916$ACDCBC9C-3D21-4E6B-B7D1-C2612B751D60",
        "coordinate_precision": 0.016666666666667,
        "retrieved_on": "2026-09-26",
        "license": "CC0-1.0",
        "source_coordinate_url": "https://www.wikidata.org/wiki/Special:EntityData/Q63916.json",
        "label_note": "Reference point: Choapa Province. This point does not represent the wine-region boundary."
      },
      "geometry": {
        "type": "Point",
        "coordinates": [
          -71,
          -31.666666666667
        ]
      }
    },
    {
      "type": "Feature",
      "properties": {
        "node": "n_geo_aconcagua_valley",
        "node_id": "n_geo_aconcagua_valley",
        "name": "Aconcagua Valley",
        "country_node_id": "n_geo_chile",
        "parent_node_id": "n_geo_aconcagua_wine",
        "point_role": "municipal_reference_point",
        "point_place_name": "San Felipe",
        "point_description": "city in Chile",
        "source_url": "https://www.wikidata.org/wiki/Q187802",
        "wikidata_id": "Q187802",
        "wikidata_coordinate_claim": "q187802$D35E590F-8A33-4F25-9875-751A96DFB78B",
        "coordinate_precision": 0.0001,
        "retrieved_on": "2026-09-26",
        "license": "CC0-1.0",
        "source_coordinate_url": "https://www.wikidata.org/wiki/Special:EntityData/Q187802.json",
        "label_note": "Reference point: San Felipe. This point does not represent the wine-region boundary."
      },
      "geometry": {
        "type": "Point",
        "coordinates": [
          -70.7251,
          -32.7507
        ]
      }
    },
    {
      "type": "Feature",
      "properties": {
        "node": "n_geo_casablanca",
        "node_id": "n_geo_casablanca",
        "name": "Casablanca Valley",
        "country_node_id": "n_geo_chile",
        "parent_node_id": "n_geo_aconcagua_wine",
        "point_role": "gazetteer_reference_point",
        "point_place_name": "Casablanca",
        "point_description": "Chilean commune",
        "source_url": "https://www.wikidata.org/wiki/Q3742",
        "wikidata_id": "Q3742",
        "wikidata_coordinate_claim": "q3742$9CA971E9-B3B0-4669-99CA-61567EB70390",
        "coordinate_precision": 0.016666666666667,
        "retrieved_on": "2026-09-26",
        "license": "CC0-1.0",
        "source_coordinate_url": "https://www.wikidata.org/wiki/Special:EntityData/Q3742.json",
        "label_note": "Reference point: Casablanca. This point does not represent the wine-region boundary."
      },
      "geometry": {
        "type": "Point",
        "coordinates": [
          -71.416666666667,
          -33.316666666667
        ]
      }
    },
    {
      "type": "Feature",
      "properties": {
        "node": "n_geo_san_antonio_valley",
        "node_id": "n_geo_san_antonio_valley",
        "name": "San Antonio Valley",
        "country_node_id": "n_geo_chile",
        "parent_node_id": "n_geo_aconcagua_wine",
        "point_role": "municipal_reference_point",
        "point_place_name": "San Antonio",
        "point_description": "city in Chile",
        "source_url": "https://www.wikidata.org/wiki/Q56135",
        "wikidata_id": "Q56135",
        "wikidata_coordinate_claim": "q56135$EDB84692-F443-40FF-A29B-156DFB179BB4",
        "coordinate_precision": 0.0001,
        "retrieved_on": "2026-09-26",
        "license": "CC0-1.0",
        "source_coordinate_url": "https://www.wikidata.org/wiki/Special:EntityData/Q56135.json",
        "label_note": "Reference point: San Antonio. This point does not represent the wine-region boundary."
      },
      "geometry": {
        "type": "Point",
        "coordinates": [
          -71.6132,
          -33.5809
        ]
      }
    },
    {
      "type": "Feature",
      "properties": {
        "node": "n_geo_leyda",
        "node_id": "n_geo_leyda",
        "name": "Leyda Valley",
        "country_node_id": "n_geo_chile",
        "parent_node_id": "n_geo_san_antonio_valley",
        "point_role": "municipal_reference_point",
        "point_place_name": "Santo Domingo",
        "point_description": "city and commune in Chile",
        "source_url": "https://www.wikidata.org/wiki/Q188011",
        "wikidata_id": "Q188011",
        "wikidata_coordinate_claim": "q188011$8DC187BB-5A09-40AB-BB27-ED27A1B874DC",
        "coordinate_precision": 0.016666666666667,
        "retrieved_on": "2026-09-26",
        "license": "CC0-1.0",
        "source_coordinate_url": "https://www.wikidata.org/wiki/Special:EntityData/Q188011.json",
        "label_note": "Reference point: Santo Domingo. This point does not represent the wine-region boundary."
      },
      "geometry": {
        "type": "Point",
        "coordinates": [
          -71.65,
          -33.633333333333
        ]
      }
    },
    {
      "type": "Feature",
      "properties": {
        "node": "n_geo_maipo",
        "node_id": "n_geo_maipo",
        "name": "Maipo Valley",
        "country_node_id": "n_geo_chile",
        "parent_node_id": "n_geo_central_valley_chile",
        "point_role": "gazetteer_reference_point",
        "point_place_name": "Maipo Province",
        "point_description": "province of Chile",
        "source_url": "https://www.wikidata.org/wiki/Q721450",
        "wikidata_id": "Q721450",
        "wikidata_coordinate_claim": "q721450$5E1FA3F4-2BE9-40DF-8A2B-ED73DB3246AB",
        "coordinate_precision": 0.016666666666667,
        "retrieved_on": "2026-09-26",
        "license": "CC0-1.0",
        "source_coordinate_url": "https://www.wikidata.org/wiki/Special:EntityData/Q721450.json",
        "label_note": "Reference point: Maipo Province. This point does not represent the wine-region boundary."
      },
      "geometry": {
        "type": "Point",
        "coordinates": [
          -70.766666666667,
          -33.75
        ]
      }
    },
    {
      "type": "Feature",
      "properties": {
        "node": "n_geo_rapel",
        "node_id": "n_geo_rapel",
        "name": "Rapel Valley",
        "country_node_id": "n_geo_chile",
        "parent_node_id": "n_geo_central_valley_chile",
        "point_role": "municipal_reference_point",
        "point_place_name": "Rengo",
        "point_description": "Chilean city",
        "source_url": "https://www.wikidata.org/wiki/Q56120",
        "wikidata_id": "Q56120",
        "wikidata_coordinate_claim": "q56120$4505759F-7A40-476D-A6F1-C700DA32CF9A",
        "coordinate_precision": 0.0002777777777777778,
        "retrieved_on": "2026-09-26",
        "license": "CC0-1.0",
        "source_coordinate_url": "https://www.wikidata.org/wiki/Special:EntityData/Q56120.json",
        "label_note": "Reference point: Rengo. This point does not represent the wine-region boundary."
      },
      "geometry": {
        "type": "Point",
        "coordinates": [
          -70.8625,
          -34.40694444444444
        ]
      }
    },
    {
      "type": "Feature",
      "properties": {
        "node": "n_geo_cachapoal",
        "node_id": "n_geo_cachapoal",
        "name": "Cachapoal Valley",
        "country_node_id": "n_geo_chile",
        "parent_node_id": "n_geo_rapel",
        "point_role": "gazetteer_reference_point",
        "point_place_name": "Cachapoal Province",
        "point_description": "province of Chile",
        "source_url": "https://www.wikidata.org/wiki/Q201144",
        "wikidata_id": "Q201144",
        "wikidata_coordinate_claim": "q201144$8799D8D5-D6AF-42BD-873D-AF8F996D4F89",
        "coordinate_precision": 0.016666666666667,
        "retrieved_on": "2026-09-26",
        "license": "CC0-1.0",
        "source_coordinate_url": "https://www.wikidata.org/wiki/Special:EntityData/Q201144.json",
        "label_note": "Reference point: Cachapoal Province. This point does not represent the wine-region boundary."
      },
      "geometry": {
        "type": "Point",
        "coordinates": [
          -70.783333333333,
          -34.216666666667
        ]
      }
    },
    {
      "type": "Feature",
      "properties": {
        "node": "n_geo_colchagua",
        "node_id": "n_geo_colchagua",
        "name": "Colchagua Valley",
        "country_node_id": "n_geo_chile",
        "parent_node_id": "n_geo_rapel",
        "point_role": "gazetteer_reference_point",
        "point_place_name": "Colchagua Province",
        "point_description": "province of Chile",
        "source_url": "https://www.wikidata.org/wiki/Q201304",
        "wikidata_id": "Q201304",
        "wikidata_coordinate_claim": "q201304$A50AF5D1-E37F-448A-B7BD-07825BF994A6",
        "coordinate_precision": 0.016666666666667,
        "retrieved_on": "2026-09-26",
        "license": "CC0-1.0",
        "source_coordinate_url": "https://www.wikidata.org/wiki/Special:EntityData/Q201304.json",
        "label_note": "Reference point: Colchagua Province. This point does not represent the wine-region boundary."
      },
      "geometry": {
        "type": "Point",
        "coordinates": [
          -71.15,
          -34.683333333333
        ]
      }
    },
    {
      "type": "Feature",
      "properties": {
        "node": "n_geo_curico",
        "node_id": "n_geo_curico",
        "name": "Curicó Valley",
        "country_node_id": "n_geo_chile",
        "parent_node_id": "n_geo_central_valley_chile",
        "point_role": "gazetteer_reference_point",
        "point_place_name": "Curicó Province",
        "point_description": "province of Chile",
        "source_url": "https://www.wikidata.org/wiki/Q201338",
        "wikidata_id": "Q201338",
        "wikidata_coordinate_claim": "q201338$56B571DE-D6C5-4A5A-866A-D5A5FDB7687B",
        "coordinate_precision": 0.016666666666667,
        "retrieved_on": "2026-09-26",
        "license": "CC0-1.0",
        "source_coordinate_url": "https://www.wikidata.org/wiki/Special:EntityData/Q201338.json",
        "label_note": "Reference point: Curicó Province. This point does not represent the wine-region boundary."
      },
      "geometry": {
        "type": "Point",
        "coordinates": [
          -71.1,
          -34.95
        ]
      }
    },
    {
      "type": "Feature",
      "properties": {
        "node": "n_geo_maule",
        "node_id": "n_geo_maule",
        "name": "Maule Valley",
        "country_node_id": "n_geo_chile",
        "parent_node_id": "n_geo_central_valley_chile",
        "point_role": "gazetteer_reference_point",
        "point_place_name": "Maule Región",
        "point_description": "administrative division of Chile",
        "source_url": "https://www.wikidata.org/wiki/Q2166",
        "wikidata_id": "Q2166",
        "wikidata_coordinate_claim": "q2166$0B65317E-3683-4F3A-A55F-C56560E91D39",
        "coordinate_precision": 1,
        "retrieved_on": "2026-09-26",
        "license": "CC0-1.0",
        "source_coordinate_url": "https://www.wikidata.org/wiki/Special:EntityData/Q2166.json",
        "label_note": "Reference point: Maule Región. This point does not represent the wine-region boundary."
      },
      "geometry": {
        "type": "Point",
        "coordinates": [
          -71.671666666667,
          -35.426666666667
        ]
      }
    },
    {
      "type": "Feature",
      "properties": {
        "node": "n_geo_itata",
        "node_id": "n_geo_itata",
        "name": "Itata Valley",
        "country_node_id": "n_geo_chile",
        "parent_node_id": "n_geo_southern_chile",
        "point_role": "gazetteer_reference_point",
        "point_place_name": "Itata Province",
        "point_description": "province of Chile",
        "source_url": "https://www.wikidata.org/wiki/Q25916660",
        "wikidata_id": "Q25916660",
        "wikidata_coordinate_claim": "Q25916660$1928ae14-4ffd-5706-e600-df06ea2c3749",
        "coordinate_precision": 1e-06,
        "retrieved_on": "2026-09-26",
        "license": "CC0-1.0",
        "source_coordinate_url": "https://www.wikidata.org/wiki/Special:EntityData/Q25916660.json",
        "label_note": "Reference point: Itata Province. This point does not represent the wine-region boundary."
      },
      "geometry": {
        "type": "Point",
        "coordinates": [
          -72.667196,
          -36.211661
        ]
      }
    },
    {
      "type": "Feature",
      "properties": {
        "node": "n_geo_bio_bio",
        "node_id": "n_geo_bio_bio",
        "name": "Bío Bío Valley",
        "country_node_id": "n_geo_chile",
        "parent_node_id": "n_geo_southern_chile",
        "point_role": "municipal_reference_point",
        "point_place_name": "Los Ángeles",
        "point_description": "city in Chile",
        "source_url": "https://www.wikidata.org/wiki/Q16910",
        "wikidata_id": "Q16910",
        "wikidata_coordinate_claim": "q16910$E88391C8-9ED2-4E02-98E4-B6B8120F2753",
        "coordinate_precision": 0.0001,
        "retrieved_on": "2026-09-26",
        "license": "CC0-1.0",
        "source_coordinate_url": "https://www.wikidata.org/wiki/Special:EntityData/Q16910.json",
        "label_note": "Reference point: Los Ángeles. This point does not represent the wine-region boundary."
      },
      "geometry": {
        "type": "Point",
        "coordinates": [
          -72.3517,
          -37.4707
        ]
      }
    },
    {
      "type": "Feature",
      "properties": {
        "node": "n_geo_malleco",
        "node_id": "n_geo_malleco",
        "name": "Malleco Valley",
        "country_node_id": "n_geo_chile",
        "parent_node_id": "n_geo_southern_chile",
        "point_role": "gazetteer_reference_point",
        "point_place_name": "Malleco Province",
        "point_description": "province of Chile",
        "source_url": "https://www.wikidata.org/wiki/Q721462",
        "wikidata_id": "Q721462",
        "wikidata_coordinate_claim": "q721462$41E234B0-3FD6-4F38-85D2-BDF5135585D8",
        "coordinate_precision": 0.016666666666667,
        "retrieved_on": "2026-09-26",
        "license": "CC0-1.0",
        "source_coordinate_url": "https://www.wikidata.org/wiki/Special:EntityData/Q721462.json",
        "label_note": "Reference point: Malleco Province. This point does not represent the wine-region boundary."
      },
      "geometry": {
        "type": "Point",
        "coordinates": [
          -72.25,
          -38.25
        ]
      }
    },
    {
      "type": "Feature",
      "properties": {
        "node": "n_geo_mendoza",
        "node_id": "n_geo_mendoza",
        "name": "Mendoza",
        "country_node_id": "n_geo_argentina",
        "parent_node_id": "n_geo_argentina",
        "point_role": "gazetteer_reference_point",
        "point_place_name": "Mendoza Province",
        "point_description": "province of Argentina",
        "source_url": "https://www.wikidata.org/wiki/Q44797",
        "wikidata_id": "Q44797",
        "wikidata_coordinate_claim": "Q44797$b8a7b918-43e2-bc10-7dcd-16b026a601d6",
        "coordinate_precision": 0.0002777777777777778,
        "retrieved_on": "2026-09-26",
        "license": "CC0-1.0",
        "source_coordinate_url": "https://www.wikidata.org/wiki/Special:EntityData/Q44797.json",
        "label_note": "Reference point: Mendoza Province. This point does not represent the wine-region boundary."
      },
      "geometry": {
        "type": "Point",
        "coordinates": [
          -68.8463888888889,
          -32.89861111111111
        ]
      }
    },
    {
      "type": "Feature",
      "properties": {
        "node": "n_geo_salta",
        "node_id": "n_geo_salta",
        "name": "Salta",
        "country_node_id": "n_geo_argentina",
        "parent_node_id": "n_geo_argentina",
        "point_role": "gazetteer_reference_point",
        "point_place_name": "Salta Province",
        "point_description": "province of Argentina",
        "source_url": "https://www.wikidata.org/wiki/Q44803",
        "wikidata_id": "Q44803",
        "wikidata_coordinate_claim": "q44803$4DFC2444-21DD-4002-9B32-BBF04B5E2506",
        "coordinate_precision": 0.016666666666667,
        "retrieved_on": "2026-09-26",
        "license": "CC0-1.0",
        "source_coordinate_url": "https://www.wikidata.org/wiki/Special:EntityData/Q44803.json",
        "label_note": "Reference point: Salta Province. This point does not represent the wine-region boundary."
      },
      "geometry": {
        "type": "Point",
        "coordinates": [
          -65.416666666667,
          -24.783333333333
        ]
      }
    },
    {
      "type": "Feature",
      "properties": {
        "node": "n_geo_rio_negro",
        "node_id": "n_geo_rio_negro",
        "name": "Río Negro",
        "country_node_id": "n_geo_argentina",
        "parent_node_id": "n_geo_argentina",
        "point_role": "gazetteer_reference_point",
        "point_place_name": "Río Negro Province",
        "point_description": "province of Argentina",
        "source_url": "https://www.wikidata.org/wiki/Q44802",
        "wikidata_id": "Q44802",
        "wikidata_coordinate_claim": "q44802$A246450D-FF00-4D7E-8E85-327752B98337",
        "coordinate_precision": 0.016666666666667,
        "retrieved_on": "2026-09-26",
        "license": "CC0-1.0",
        "source_coordinate_url": "https://www.wikidata.org/wiki/Special:EntityData/Q44802.json",
        "label_note": "Reference point: Río Negro Province. This point does not represent the wine-region boundary."
      },
      "geometry": {
        "type": "Point",
        "coordinates": [
          -63,
          -40.8
        ]
      }
    },
    {
      "type": "Feature",
      "properties": {
        "node": "n_geo_neuquen",
        "node_id": "n_geo_neuquen",
        "name": "Neuquén",
        "country_node_id": "n_geo_argentina",
        "parent_node_id": "n_geo_argentina",
        "point_role": "gazetteer_reference_point",
        "point_place_name": "Neuquén Province",
        "point_description": "province of Argentina",
        "source_url": "https://www.wikidata.org/wiki/Q44800",
        "wikidata_id": "Q44800",
        "wikidata_coordinate_claim": "q44800$DD2662AE-2051-430D-A619-EB7067FCEDC0",
        "coordinate_precision": 1,
        "retrieved_on": "2026-09-26",
        "license": "CC0-1.0",
        "source_coordinate_url": "https://www.wikidata.org/wiki/Special:EntityData/Q44800.json",
        "label_note": "Reference point: Neuquén Province. This point does not represent the wine-region boundary."
      },
      "geometry": {
        "type": "Point",
        "coordinates": [
          -68.074444444444,
          -38.951666666667
        ]
      }
    },
    {
      "type": "Feature",
      "properties": {
        "node": "n_geo_lujan_de_cuyo",
        "node_id": "n_geo_lujan_de_cuyo",
        "name": "Luján de Cuyo",
        "country_node_id": "n_geo_argentina",
        "parent_node_id": "n_geo_mendoza",
        "point_role": "municipal_reference_point",
        "point_place_name": "Luján de Cuyo",
        "point_description": "human settlement",
        "source_url": "https://www.wikidata.org/wiki/Q583524",
        "wikidata_id": "Q583524",
        "wikidata_coordinate_claim": "q583524$2D217248-EBA5-4BF8-8C5E-48B1696C0756",
        "coordinate_precision": 1e-08,
        "retrieved_on": "2026-09-26",
        "license": "CC0-1.0",
        "source_coordinate_url": "https://www.wikidata.org/wiki/Special:EntityData/Q583524.json",
        "label_note": "Reference point: Luján de Cuyo. This point does not represent the wine-region boundary."
      },
      "geometry": {
        "type": "Point",
        "coordinates": [
          -68.88499971840281,
          -32.993470683907866
        ]
      }
    },
    {
      "type": "Feature",
      "properties": {
        "node": "n_geo_maipu",
        "node_id": "n_geo_maipu",
        "name": "Maipú",
        "country_node_id": "n_geo_argentina",
        "parent_node_id": "n_geo_mendoza",
        "point_role": "municipal_reference_point",
        "point_place_name": "Maipú",
        "point_description": "city in Mendoza Province, Argentina",
        "source_url": "https://www.wikidata.org/wiki/Q3117688",
        "wikidata_id": "Q3117688",
        "wikidata_coordinate_claim": "q3117688$4EE19AE5-C4FB-4C16-ABA8-6E83B4E3C541",
        "coordinate_precision": 0.016666666666667,
        "retrieved_on": "2026-09-26",
        "license": "CC0-1.0",
        "source_coordinate_url": "https://www.wikidata.org/wiki/Special:EntityData/Q3117688.json",
        "label_note": "Reference point: Maipú. This point does not represent the wine-region boundary."
      },
      "geometry": {
        "type": "Point",
        "coordinates": [
          -68.75,
          -32.966666666667
        ]
      }
    },
    {
      "type": "Feature",
      "properties": {
        "node": "n_geo_cafayate",
        "node_id": "n_geo_cafayate",
        "name": "Valle de Cafayate",
        "country_node_id": "n_geo_argentina",
        "parent_node_id": "n_geo_salta",
        "point_role": "municipal_reference_point",
        "point_place_name": "Cafayate",
        "point_description": "human settlement in Argentina",
        "source_url": "https://www.wikidata.org/wiki/Q1025501",
        "wikidata_id": "Q1025501",
        "wikidata_coordinate_claim": "q1025501$7BB865B5-2506-4F18-868D-1D73343E3904",
        "coordinate_precision": 0.0002777777777777778,
        "retrieved_on": "2026-09-26",
        "license": "CC0-1.0",
        "source_coordinate_url": "https://www.wikidata.org/wiki/Special:EntityData/Q1025501.json",
        "label_note": "Reference point: Cafayate. This point does not represent the wine-region boundary."
      },
      "geometry": {
        "type": "Point",
        "coordinates": [
          -65.98,
          -26.07
        ]
      }
    },
    {
      "type": "Feature",
      "properties": {
        "node": "n_geo_tupungato",
        "node_id": "n_geo_tupungato",
        "name": "Tupungato",
        "country_node_id": "n_geo_argentina",
        "parent_node_id": "n_geo_uco_valley",
        "point_role": "gazetteer_reference_point",
        "point_place_name": "Tupungato Department",
        "point_description": "department of Argentina",
        "source_url": "https://www.wikidata.org/wiki/Q2317932",
        "wikidata_id": "Q2317932",
        "wikidata_coordinate_claim": "q2317932$8649E39D-C57E-4CCB-8454-F3ACE8C4D010",
        "coordinate_precision": 0.016666666666667,
        "retrieved_on": "2026-09-26",
        "license": "CC0-1.0",
        "source_coordinate_url": "https://www.wikidata.org/wiki/Special:EntityData/Q2317932.json",
        "label_note": "Reference point: Tupungato Department. This point does not represent the wine-region boundary."
      },
      "geometry": {
        "type": "Point",
        "coordinates": [
          -69.25,
          -33.25
        ]
      }
    },
    {
      "type": "Feature",
      "properties": {
        "node": "n_geo_tunuyan",
        "node_id": "n_geo_tunuyan",
        "name": "Tunuyán",
        "country_node_id": "n_geo_argentina",
        "parent_node_id": "n_geo_uco_valley",
        "point_role": "gazetteer_reference_point",
        "point_place_name": "Tunuyán Department",
        "point_description": "department of Argentina",
        "source_url": "https://www.wikidata.org/wiki/Q1191226",
        "wikidata_id": "Q1191226",
        "wikidata_coordinate_claim": "q1191226$8C8DFB95-480E-4A02-BED8-2FAA58C6F162",
        "coordinate_precision": 0.00027777777777778,
        "retrieved_on": "2026-09-26",
        "license": "CC0-1.0",
        "source_coordinate_url": "https://www.wikidata.org/wiki/Special:EntityData/Q1191226.json",
        "label_note": "Reference point: Tunuyán Department. This point does not represent the wine-region boundary."
      },
      "geometry": {
        "type": "Point",
        "coordinates": [
          -69.026388888889,
          -33.568888888889
        ]
      }
    },
    {
      "type": "Feature",
      "properties": {
        "node": "n_geo_san_carlos_mendoza",
        "node_id": "n_geo_san_carlos_mendoza",
        "name": "San Carlos (Mendoza)",
        "country_node_id": "n_geo_argentina",
        "parent_node_id": "n_geo_uco_valley",
        "point_role": "gazetteer_reference_point",
        "point_place_name": "San Carlos Department",
        "point_description": "in Mendoza Province, Argentina",
        "source_url": "https://www.wikidata.org/wiki/Q1191066",
        "wikidata_id": "Q1191066",
        "wikidata_coordinate_claim": "q1191066$75F7E553-4587-497C-BA68-F9400A9E9393",
        "coordinate_precision": 0.016666666666667,
        "retrieved_on": "2026-09-26",
        "license": "CC0-1.0",
        "source_coordinate_url": "https://www.wikidata.org/wiki/Special:EntityData/Q1191066.json",
        "label_note": "Reference point: San Carlos Department. This point does not represent the wine-region boundary."
      },
      "geometry": {
        "type": "Point",
        "coordinates": [
          -69.033333333333,
          -33.766666666667
        ]
      }
    },
    {
      "type": "Feature",
      "properties": {
        "node": "n_geo_uco_valley",
        "node_id": "n_geo_uco_valley",
        "name": "Uco Valley",
        "country_node_id": "n_geo_argentina",
        "parent_node_id": "n_geo_mendoza",
        "point_role": "municipal_reference_point",
        "point_place_name": "Uco Valley",
        "point_description": "human settlement in Argentina",
        "source_url": "https://www.wikidata.org/wiki/Q7876801",
        "wikidata_id": "Q7876801",
        "wikidata_coordinate_claim": "Q7876801$D0CE66DD-8680-4BCE-853E-001A042FC53E",
        "coordinate_precision": 0.21574412388498,
        "retrieved_on": "2026-09-26",
        "license": "CC0-1.0",
        "source_coordinate_url": "https://www.wikidata.org/wiki/Special:EntityData/Q7876801.json",
        "label_note": "Reference point: Uco Valley. This point does not represent the wine-region boundary."
      },
      "geometry": {
        "type": "Point",
        "coordinates": [
          -69.1333,
          -33.6167
        ]
      }
    },
    {
      "type": "Feature",
      "properties": {
        "node": "n_geo_paraje_altamira",
        "node_id": "n_geo_paraje_altamira",
        "name": "Paraje Altamira",
        "country_node_id": "n_geo_argentina",
        "parent_node_id": "n_geo_san_carlos_mendoza",
        "point_role": "municipal_reference_point",
        "point_place_name": "La Consulta",
        "point_description": "town in Mendoza province, Argentina",
        "source_url": "https://www.wikidata.org/wiki/Q1246763",
        "wikidata_id": "Q1246763",
        "wikidata_coordinate_claim": "q1246763$98D81999-70C9-4619-84D5-17EFDC6F3089",
        "coordinate_precision": 0.00027777777777778,
        "retrieved_on": "2026-09-26",
        "license": "CC0-1.0",
        "source_coordinate_url": "https://www.wikidata.org/wiki/Special:EntityData/Q1246763.json",
        "label_note": "Reference point: La Consulta. This point does not represent the wine-region boundary."
      },
      "geometry": {
        "type": "Point",
        "coordinates": [
          -69.1179,
          -33.7331
        ]
      }
    },
    {
      "type": "Feature",
      "properties": {
        "node": "n_geo_south_australia",
        "node_id": "n_geo_south_australia",
        "name": "South Australia",
        "country_node_id": "n_geo_australia",
        "parent_node_id": "n_geo_australia",
        "point_role": "gazetteer_reference_point",
        "point_place_name": "South Australia",
        "point_description": "state of Australia",
        "source_url": "https://www.wikidata.org/wiki/Q35715",
        "wikidata_id": "Q35715",
        "wikidata_coordinate_claim": "q35715$8C289E0A-8E1E-4A1D-87D8-38C333B0E4DF",
        "coordinate_precision": 1,
        "retrieved_on": "2026-09-26",
        "license": "CC0-1.0",
        "source_coordinate_url": "https://www.wikidata.org/wiki/Special:EntityData/Q35715.json",
        "label_note": "Reference point: South Australia. This point does not represent the wine-region boundary."
      },
      "geometry": {
        "type": "Point",
        "coordinates": [
          135,
          -30
        ]
      }
    },
    {
      "type": "Feature",
      "properties": {
        "node": "n_geo_victoria",
        "node_id": "n_geo_victoria",
        "name": "Victoria",
        "country_node_id": "n_geo_australia",
        "parent_node_id": "n_geo_australia",
        "point_role": "gazetteer_reference_point",
        "point_place_name": "Victoria",
        "point_description": "state of Australia",
        "source_url": "https://www.wikidata.org/wiki/Q36687",
        "wikidata_id": "Q36687",
        "wikidata_coordinate_claim": "q36687$FD63153D-11ED-4C17-B7D1-48FEBD667653",
        "coordinate_precision": 0.0002777777777777778,
        "retrieved_on": "2026-09-26",
        "license": "CC0-1.0",
        "source_coordinate_url": "https://www.wikidata.org/wiki/Special:EntityData/Q36687.json",
        "label_note": "Reference point: Victoria. This point does not represent the wine-region boundary."
      },
      "geometry": {
        "type": "Point",
        "coordinates": [
          144.2811111111111,
          -36.854166666666664
        ]
      }
    },
    {
      "type": "Feature",
      "properties": {
        "node": "n_geo_western_australia",
        "node_id": "n_geo_western_australia",
        "name": "Western Australia",
        "country_node_id": "n_geo_australia",
        "parent_node_id": "n_geo_australia",
        "point_role": "gazetteer_reference_point",
        "point_place_name": "Western Australia",
        "point_description": "state of Australia",
        "source_url": "https://www.wikidata.org/wiki/Q3206",
        "wikidata_id": "Q3206",
        "wikidata_coordinate_claim": "q3206$2327A65A-DC0F-4999-82B1-F1AB22090528",
        "coordinate_precision": 1,
        "retrieved_on": "2026-09-26",
        "license": "CC0-1.0",
        "source_coordinate_url": "https://www.wikidata.org/wiki/Special:EntityData/Q3206.json",
        "label_note": "Reference point: Western Australia. This point does not represent the wine-region boundary."
      },
      "geometry": {
        "type": "Point",
        "coordinates": [
          121,
          -26
        ]
      }
    },
    {
      "type": "Feature",
      "properties": {
        "node": "n_geo_barossa_zone",
        "node_id": "n_geo_barossa_zone",
        "name": "Barossa (zone)",
        "country_node_id": "n_geo_australia",
        "parent_node_id": "n_geo_south_australia",
        "point_role": "municipal_reference_point",
        "point_place_name": "Angaston",
        "point_description": "town in South Australia",
        "source_url": "https://www.wikidata.org/wiki/Q530643",
        "wikidata_id": "Q530643",
        "wikidata_coordinate_claim": "q530643$E9B7DCF9-D450-46B7-8CEB-AF8D563F00C1",
        "coordinate_precision": 0.1,
        "retrieved_on": "2026-09-26",
        "license": "CC0-1.0",
        "source_coordinate_url": "https://www.wikidata.org/wiki/Special:EntityData/Q530643.json",
        "label_note": "Reference point: Angaston. This point does not represent the wine-region boundary."
      },
      "geometry": {
        "type": "Point",
        "coordinates": [
          139.05,
          -34.5
        ]
      }
    },
    {
      "type": "Feature",
      "properties": {
        "node": "n_geo_mount_lofty_ranges",
        "node_id": "n_geo_mount_lofty_ranges",
        "name": "Mount Lofty Ranges (zone)",
        "country_node_id": "n_geo_australia",
        "parent_node_id": "n_geo_south_australia",
        "point_role": "municipal_reference_point",
        "point_place_name": "Mount Barker",
        "point_description": "city in South Australia",
        "source_url": "https://www.wikidata.org/wiki/Q1010639",
        "wikidata_id": "Q1010639",
        "wikidata_coordinate_claim": "q1010639$20F811C7-235F-4B59-9BDE-F2ACED1ECDAC",
        "coordinate_precision": 0.0001,
        "retrieved_on": "2026-09-26",
        "license": "CC0-1.0",
        "source_coordinate_url": "https://www.wikidata.org/wiki/Special:EntityData/Q1010639.json",
        "label_note": "Reference point: Mount Barker. This point does not represent the wine-region boundary."
      },
      "geometry": {
        "type": "Point",
        "coordinates": [
          138.85,
          -35.0667
        ]
      }
    },
    {
      "type": "Feature",
      "properties": {
        "node": "n_geo_limestone_coast",
        "node_id": "n_geo_limestone_coast",
        "name": "Limestone Coast (zone)",
        "country_node_id": "n_geo_australia",
        "parent_node_id": "n_geo_south_australia",
        "point_role": "municipal_reference_point",
        "point_place_name": "Penola",
        "point_description": "town in South Australia",
        "source_url": "https://www.wikidata.org/wiki/Q958646",
        "wikidata_id": "Q958646",
        "wikidata_coordinate_claim": "q958646$68854A54-183B-4E81-941B-DAE3BDDF77BA",
        "coordinate_precision": 0.00027777777777778,
        "retrieved_on": "2026-09-26",
        "license": "CC0-1.0",
        "source_coordinate_url": "https://www.wikidata.org/wiki/Special:EntityData/Q958646.json",
        "label_note": "Reference point: Penola. This point does not represent the wine-region boundary."
      },
      "geometry": {
        "type": "Point",
        "coordinates": [
          140.83333333333,
          -37.366666666667
        ]
      }
    },
    {
      "type": "Feature",
      "properties": {
        "node": "n_geo_port_phillip",
        "node_id": "n_geo_port_phillip",
        "name": "Port Phillip (zone)",
        "country_node_id": "n_geo_australia",
        "parent_node_id": "n_geo_victoria",
        "point_role": "municipal_reference_point",
        "point_place_name": "Geelong",
        "point_description": "city in Victoria, Australia",
        "source_url": "https://www.wikidata.org/wiki/Q231765",
        "wikidata_id": "Q231765",
        "wikidata_coordinate_claim": "q231765$7F4D006F-D6FE-44C5-A4B0-77AA4BD7B35F",
        "coordinate_precision": 0.0166667,
        "retrieved_on": "2026-09-26",
        "license": "CC0-1.0",
        "source_coordinate_url": "https://www.wikidata.org/wiki/Special:EntityData/Q231765.json",
        "label_note": "Reference point: Geelong. This point does not represent the wine-region boundary."
      },
      "geometry": {
        "type": "Point",
        "coordinates": [
          144.35,
          -38.15
        ]
      }
    },
    {
      "type": "Feature",
      "properties": {
        "node": "n_geo_barossa_valley",
        "node_id": "n_geo_barossa_valley",
        "name": "Barossa Valley",
        "country_node_id": "n_geo_australia",
        "parent_node_id": "n_geo_barossa_zone",
        "point_role": "gazetteer_reference_point",
        "point_place_name": "Barossa Valley",
        "point_description": "wine region in South Australia",
        "source_url": "https://www.wikidata.org/wiki/Q4863063",
        "wikidata_id": "Q4863063",
        "wikidata_coordinate_claim": "q4863063$E416E55E-58DD-4DAA-8767-51590C363929",
        "coordinate_precision": 0.0001,
        "retrieved_on": "2026-09-26",
        "license": "CC0-1.0",
        "source_coordinate_url": "https://www.wikidata.org/wiki/Special:EntityData/Q4863063.json",
        "label_note": "Reference point: Barossa Valley. This point does not represent the wine-region boundary."
      },
      "geometry": {
        "type": "Point",
        "coordinates": [
          138.88,
          -34.5167
        ]
      }
    },
    {
      "type": "Feature",
      "properties": {
        "node": "n_geo_eden_valley",
        "node_id": "n_geo_eden_valley",
        "name": "Eden Valley",
        "country_node_id": "n_geo_australia",
        "parent_node_id": "n_geo_barossa_zone",
        "point_role": "municipal_reference_point",
        "point_place_name": "Eden Valley",
        "point_description": "town in South Australia",
        "source_url": "https://www.wikidata.org/wiki/Q5336950",
        "wikidata_id": "Q5336950",
        "wikidata_coordinate_claim": "q5336950$75D9425B-E2C4-45D6-AD55-6F890180A253",
        "coordinate_precision": 0.01,
        "retrieved_on": "2026-09-26",
        "license": "CC0-1.0",
        "source_coordinate_url": "https://www.wikidata.org/wiki/Special:EntityData/Q5336950.json",
        "label_note": "Reference point: Eden Valley. This point does not represent the wine-region boundary."
      },
      "geometry": {
        "type": "Point",
        "coordinates": [
          139.1,
          -34.65
        ]
      }
    },
    {
      "type": "Feature",
      "properties": {
        "node": "n_geo_high_eden",
        "node_id": "n_geo_high_eden",
        "name": "High Eden",
        "country_node_id": "n_geo_australia",
        "parent_node_id": "n_geo_eden_valley",
        "point_role": "gazetteer_reference_point",
        "point_place_name": "High Eden",
        "point_description": "",
        "source_url": "https://www.wikidata.org/wiki/Q5755353",
        "wikidata_id": "Q5755353",
        "wikidata_coordinate_claim": "Q5755353$AC773ACC-C065-49A4-9873-EEC259B53C77",
        "coordinate_precision": 0.00027777777777778,
        "retrieved_on": "2026-09-26",
        "license": "CC0-1.0",
        "source_coordinate_url": "https://www.wikidata.org/wiki/Special:EntityData/Q5755353.json",
        "label_note": "Reference point: High Eden. This point does not represent the wine-region boundary."
      },
      "geometry": {
        "type": "Point",
        "coordinates": [
          139.021291,
          -34.667119
        ]
      }
    },
    {
      "type": "Feature",
      "properties": {
        "node": "n_geo_clare_valley",
        "node_id": "n_geo_clare_valley",
        "name": "Clare Valley",
        "country_node_id": "n_geo_australia",
        "parent_node_id": "n_geo_mount_lofty_ranges",
        "point_role": "gazetteer_reference_point",
        "point_place_name": "Clare Valley",
        "point_description": "region of South Australia",
        "source_url": "https://www.wikidata.org/wiki/Q1612687",
        "wikidata_id": "Q1612687",
        "wikidata_coordinate_claim": "q1612687$CF07B513-8311-45D6-811B-C4720095BD38",
        "coordinate_precision": 0.0001,
        "retrieved_on": "2026-09-26",
        "license": "CC0-1.0",
        "source_coordinate_url": "https://www.wikidata.org/wiki/Special:EntityData/Q1612687.json",
        "label_note": "Reference point: Clare Valley. This point does not represent the wine-region boundary."
      },
      "geometry": {
        "type": "Point",
        "coordinates": [
          138.6,
          -33.8833
        ]
      }
    },
    {
      "type": "Feature",
      "properties": {
        "node": "n_geo_adelaide_hills",
        "node_id": "n_geo_adelaide_hills",
        "name": "Adelaide Hills",
        "country_node_id": "n_geo_australia",
        "parent_node_id": "n_geo_mount_lofty_ranges",
        "point_role": "municipal_reference_point",
        "point_place_name": "Lobethal",
        "point_description": "town in South Australia",
        "source_url": "https://www.wikidata.org/wiki/Q744821",
        "wikidata_id": "Q744821",
        "wikidata_coordinate_claim": "q744821$84021A5D-4EDD-4299-B395-CD9A246D782E",
        "coordinate_precision": 0.1,
        "retrieved_on": "2026-09-26",
        "license": "CC0-1.0",
        "source_coordinate_url": "https://www.wikidata.org/wiki/Special:EntityData/Q744821.json",
        "label_note": "Reference point: Lobethal. This point does not represent the wine-region boundary."
      },
      "geometry": {
        "type": "Point",
        "coordinates": [
          138.867,
          -34.9
        ]
      }
    },
    {
      "type": "Feature",
      "properties": {
        "node": "n_geo_mclaren_vale",
        "node_id": "n_geo_mclaren_vale",
        "name": "McLaren Vale",
        "country_node_id": "n_geo_australia",
        "parent_node_id": "n_geo_south_australia",
        "point_role": "municipal_reference_point",
        "point_place_name": "McLaren Vale",
        "point_description": "town in South Australia",
        "source_url": "https://www.wikidata.org/wiki/Q6802084",
        "wikidata_id": "Q6802084",
        "wikidata_coordinate_claim": "q6802084$5BA63C32-BEEA-444B-A434-4A6AF4F71673",
        "coordinate_precision": 0.0001,
        "retrieved_on": "2026-09-26",
        "license": "CC0-1.0",
        "source_coordinate_url": "https://www.wikidata.org/wiki/Special:EntityData/Q6802084.json",
        "label_note": "Reference point: McLaren Vale. This point does not represent the wine-region boundary."
      },
      "geometry": {
        "type": "Point",
        "coordinates": [
          138.533,
          -35.2333
        ]
      }
    },
    {
      "type": "Feature",
      "properties": {
        "node": "n_geo_coonawarra",
        "node_id": "n_geo_coonawarra",
        "name": "Coonawarra",
        "country_node_id": "n_geo_australia",
        "parent_node_id": "n_geo_limestone_coast",
        "point_role": "gazetteer_reference_point",
        "point_place_name": "Coonawarra",
        "point_description": "Australian Geographical Indication",
        "source_url": "https://www.wikidata.org/wiki/Q1129760",
        "wikidata_id": "Q1129760",
        "wikidata_coordinate_claim": "q1129760$38C30F3F-D912-4BDE-B129-430E0DC7C622",
        "coordinate_precision": 0.01,
        "retrieved_on": "2026-09-26",
        "license": "CC0-1.0",
        "source_coordinate_url": "https://www.wikidata.org/wiki/Special:EntityData/Q1129760.json",
        "label_note": "Reference point: Coonawarra. This point does not represent the wine-region boundary."
      },
      "geometry": {
        "type": "Point",
        "coordinates": [
          140.838,
          -37.29
        ]
      }
    },
    {
      "type": "Feature",
      "properties": {
        "node": "n_geo_yarra_valley",
        "node_id": "n_geo_yarra_valley",
        "name": "Yarra Valley",
        "country_node_id": "n_geo_australia",
        "parent_node_id": "n_geo_port_phillip",
        "point_role": "municipal_reference_point",
        "point_place_name": "Healesville",
        "point_description": "town in Victoria, Australia",
        "source_url": "https://www.wikidata.org/wiki/Q1015813",
        "wikidata_id": "Q1015813",
        "wikidata_coordinate_claim": "q1015813$06DA7429-6FFD-4F3F-AF7D-787F0E8E8812",
        "coordinate_precision": 0.0001,
        "retrieved_on": "2026-09-26",
        "license": "CC0-1.0",
        "source_coordinate_url": "https://www.wikidata.org/wiki/Special:EntityData/Q1015813.json",
        "label_note": "Reference point: Healesville. This point does not represent the wine-region boundary."
      },
      "geometry": {
        "type": "Point",
        "coordinates": [
          145.514,
          -37.6561
        ]
      }
    },
    {
      "type": "Feature",
      "properties": {
        "node": "n_geo_mornington_peninsula",
        "node_id": "n_geo_mornington_peninsula",
        "name": "Mornington Peninsula",
        "country_node_id": "n_geo_australia",
        "parent_node_id": "n_geo_port_phillip",
        "point_role": "municipal_reference_point",
        "point_place_name": "Mornington",
        "point_description": "suburb of Melbourne, Victoria, Australia",
        "source_url": "https://www.wikidata.org/wiki/Q6913013",
        "wikidata_id": "Q6913013",
        "wikidata_coordinate_claim": "q6913013$CCE2822D-3FC5-4990-B676-CCEE5FA7A506",
        "coordinate_precision": 0.001,
        "retrieved_on": "2026-09-26",
        "license": "CC0-1.0",
        "source_coordinate_url": "https://www.wikidata.org/wiki/Special:EntityData/Q6913013.json",
        "label_note": "Reference point: Mornington. This point does not represent the wine-region boundary."
      },
      "geometry": {
        "type": "Point",
        "coordinates": [
          145.062,
          -38.228
        ]
      }
    },
    {
      "type": "Feature",
      "properties": {
        "node": "n_geo_margaret_river",
        "node_id": "n_geo_margaret_river",
        "name": "Margaret River",
        "country_node_id": "n_geo_australia",
        "parent_node_id": "n_geo_western_australia",
        "point_role": "municipal_reference_point",
        "point_place_name": "Margaret River",
        "point_description": "town in Western Australia",
        "source_url": "https://www.wikidata.org/wiki/Q74033",
        "wikidata_id": "Q74033",
        "wikidata_coordinate_claim": "q74033$CEC9D89D-1C85-489C-9838-5BC391BFD22E",
        "coordinate_precision": null,
        "retrieved_on": "2026-09-26",
        "license": "CC0-1.0",
        "source_coordinate_url": "https://www.wikidata.org/wiki/Special:EntityData/Q74033.json",
        "label_note": "Reference point: Margaret River. This point does not represent the wine-region boundary."
      },
      "geometry": {
        "type": "Point",
        "coordinates": [
          115.075,
          -33.955
        ]
      }
    },
    {
      "type": "Feature",
      "properties": {
        "node": "n_geo_great_southern",
        "node_id": "n_geo_great_southern",
        "name": "Great Southern",
        "country_node_id": "n_geo_australia",
        "parent_node_id": "n_geo_western_australia",
        "point_role": "municipal_reference_point",
        "point_place_name": "Mount Barker",
        "point_description": "town in Western Australia",
        "source_url": "https://www.wikidata.org/wiki/Q1950380",
        "wikidata_id": "Q1950380",
        "wikidata_coordinate_claim": "q1950380$19F4A702-8874-4601-9954-E2193E50661C",
        "coordinate_precision": 0.01,
        "retrieved_on": "2026-09-26",
        "license": "CC0-1.0",
        "source_coordinate_url": "https://www.wikidata.org/wiki/Special:EntityData/Q1950380.json",
        "label_note": "Reference point: Mount Barker. This point does not represent the wine-region boundary."
      },
      "geometry": {
        "type": "Point",
        "coordinates": [
          117.667,
          -34.63
        ]
      }
    },
    {
      "type": "Feature",
      "properties": {
        "node": "n_geo_hunter",
        "node_id": "n_geo_hunter",
        "name": "Hunter",
        "country_node_id": "n_geo_australia",
        "parent_node_id": "n_geo_australia",
        "point_role": "gazetteer_reference_point",
        "point_place_name": "Hunter Valley wine",
        "point_description": "wine region in Australia",
        "source_url": "https://www.wikidata.org/wiki/Q5944605",
        "wikidata_id": "Q5944605",
        "wikidata_coordinate_claim": "q5944605$2BA51C51-EF74-4F96-BE63-2CB3B73C4651",
        "coordinate_precision": 0.0002777777777777778,
        "retrieved_on": "2026-09-26",
        "license": "CC0-1.0",
        "source_coordinate_url": "https://www.wikidata.org/wiki/Special:EntityData/Q5944605.json",
        "label_note": "Reference point: Hunter Valley wine. This point does not represent the wine-region boundary."
      },
      "geometry": {
        "type": "Point",
        "coordinates": [
          151.2975,
          -32.7825
        ]
      }
    },
    {
      "type": "Feature",
      "properties": {
        "node": "n_geo_tasmania",
        "node_id": "n_geo_tasmania",
        "name": "Tasmania",
        "country_node_id": "n_geo_australia",
        "parent_node_id": "n_geo_australia",
        "point_role": "gazetteer_reference_point",
        "point_place_name": "Tasmania",
        "point_description": "state of Australia",
        "source_url": "https://www.wikidata.org/wiki/Q34366",
        "wikidata_id": "Q34366",
        "wikidata_coordinate_claim": "q34366$B5742451-D336-475B-96E3-83BA432EAD99",
        "coordinate_precision": 1,
        "retrieved_on": "2026-09-26",
        "license": "CC0-1.0",
        "source_coordinate_url": "https://www.wikidata.org/wiki/Special:EntityData/Q34366.json",
        "label_note": "Reference point: Tasmania. This point does not represent the wine-region boundary."
      },
      "geometry": {
        "type": "Point",
        "coordinates": [
          147,
          -42
        ]
      }
    },
    {
      "type": "Feature",
      "properties": {
        "node": "n_geo_marlborough",
        "node_id": "n_geo_marlborough",
        "name": "Marlborough",
        "country_node_id": "n_geo_new_zealand",
        "parent_node_id": "n_geo_new_zealand",
        "point_role": "municipal_reference_point",
        "point_place_name": "Blenheim",
        "point_description": "town in New Zealand",
        "source_url": "https://www.wikidata.org/wiki/Q883831",
        "wikidata_id": "Q883831",
        "wikidata_coordinate_claim": "q883831$66A531BC-5CF1-49C8-893E-31B617462DE4",
        "coordinate_precision": 0.016666666666667,
        "retrieved_on": "2026-09-26",
        "license": "CC0-1.0",
        "source_coordinate_url": "https://www.wikidata.org/wiki/Special:EntityData/Q883831.json",
        "label_note": "Reference point: Blenheim. This point does not represent the wine-region boundary."
      },
      "geometry": {
        "type": "Point",
        "coordinates": [
          173.95,
          -41.516666666667
        ]
      }
    },
    {
      "type": "Feature",
      "properties": {
        "node": "n_geo_central_otago",
        "node_id": "n_geo_central_otago",
        "name": "Central Otago",
        "country_node_id": "n_geo_new_zealand",
        "parent_node_id": "n_geo_new_zealand",
        "point_role": "municipal_reference_point",
        "point_place_name": "Cromwell",
        "point_description": "town in Central Otago District, Otago Region, New Zealand",
        "source_url": "https://www.wikidata.org/wiki/Q973355",
        "wikidata_id": "Q973355",
        "wikidata_coordinate_claim": "q973355$FEEAEF5D-3B20-467E-9591-B9E0DFED0B4F",
        "coordinate_precision": 0.01,
        "retrieved_on": "2026-09-26",
        "license": "CC0-1.0",
        "source_coordinate_url": "https://www.wikidata.org/wiki/Special:EntityData/Q973355.json",
        "label_note": "Reference point: Cromwell. This point does not represent the wine-region boundary."
      },
      "geometry": {
        "type": "Point",
        "coordinates": [
          169.2,
          -45.04
        ]
      }
    },
    {
      "type": "Feature",
      "properties": {
        "node": "n_geo_hawkes_bay",
        "node_id": "n_geo_hawkes_bay",
        "name": "Hawke’s Bay",
        "country_node_id": "n_geo_new_zealand",
        "parent_node_id": "n_geo_new_zealand",
        "point_role": "municipal_reference_point",
        "point_place_name": "Hastings",
        "point_description": "city in Hawke's Bay, New Zealand",
        "source_url": "https://www.wikidata.org/wiki/Q1015690",
        "wikidata_id": "Q1015690",
        "wikidata_coordinate_claim": "q1015690$4DF17972-DA5B-42E7-AD0D-A6C9F1723A43",
        "coordinate_precision": null,
        "retrieved_on": "2026-09-26",
        "license": "CC0-1.0",
        "source_coordinate_url": "https://www.wikidata.org/wiki/Special:EntityData/Q1015690.json",
        "label_note": "Reference point: Hastings. This point does not represent the wine-region boundary."
      },
      "geometry": {
        "type": "Point",
        "coordinates": [
          176.83333333333,
          -39.65
        ]
      }
    },
    {
      "type": "Feature",
      "properties": {
        "node": "n_geo_wairarapa",
        "node_id": "n_geo_wairarapa",
        "name": "Wairarapa",
        "country_node_id": "n_geo_new_zealand",
        "parent_node_id": "n_geo_new_zealand",
        "point_role": "gazetteer_reference_point",
        "point_place_name": "Wairarapa",
        "point_description": "region in New Zealand",
        "source_url": "https://www.wikidata.org/wiki/Q692895",
        "wikidata_id": "Q692895",
        "wikidata_coordinate_claim": "Q692895$41222f81-43ec-eb8c-26cc-9deba9451c40",
        "coordinate_precision": 0.001,
        "retrieved_on": "2026-09-26",
        "license": "CC0-1.0",
        "source_coordinate_url": "https://www.wikidata.org/wiki/Special:EntityData/Q692895.json",
        "label_note": "Reference point: Wairarapa. This point does not represent the wine-region boundary."
      },
      "geometry": {
        "type": "Point",
        "coordinates": [
          175.785,
          -40.945
        ]
      }
    },
    {
      "type": "Feature",
      "properties": {
        "node": "n_geo_martinborough",
        "node_id": "n_geo_martinborough",
        "name": "Martinborough",
        "country_node_id": "n_geo_new_zealand",
        "parent_node_id": "n_geo_wairarapa",
        "point_role": "municipal_reference_point",
        "point_place_name": "Martinborough",
        "point_description": "town in New Zealand",
        "source_url": "https://www.wikidata.org/wiki/Q1905554",
        "wikidata_id": "Q1905554",
        "wikidata_coordinate_claim": "q1905554$3CEA4C94-6282-448D-8E77-32821F3D2BBB",
        "coordinate_precision": 0.00027777777777778,
        "retrieved_on": "2026-09-26",
        "license": "CC0-1.0",
        "source_coordinate_url": "https://www.wikidata.org/wiki/Special:EntityData/Q1905554.json",
        "label_note": "Reference point: Martinborough. This point does not represent the wine-region boundary."
      },
      "geometry": {
        "type": "Point",
        "coordinates": [
          175.45906944444,
          -41.218838888889
        ]
      }
    },
    {
      "type": "Feature",
      "properties": {
        "node": "n_geo_gisborne",
        "node_id": "n_geo_gisborne",
        "name": "Gisborne",
        "country_node_id": "n_geo_new_zealand",
        "parent_node_id": "n_geo_new_zealand",
        "point_role": "municipal_reference_point",
        "point_place_name": "Gisborne",
        "point_description": "city in New Zealand",
        "source_url": "https://www.wikidata.org/wiki/Q233467",
        "wikidata_id": "Q233467",
        "wikidata_coordinate_claim": "q233467$4756B023-0358-4DB1-88F2-FD973698F29F",
        "coordinate_precision": 0.00027777777777778,
        "retrieved_on": "2026-09-26",
        "license": "CC0-1.0",
        "source_coordinate_url": "https://www.wikidata.org/wiki/Special:EntityData/Q233467.json",
        "label_note": "Reference point: Gisborne. This point does not represent the wine-region boundary."
      },
      "geometry": {
        "type": "Point",
        "coordinates": [
          178.01777777778,
          -38.6625
        ]
      }
    },
    {
      "type": "Feature",
      "properties": {
        "node": "n_geo_nelson",
        "node_id": "n_geo_nelson",
        "name": "Nelson",
        "country_node_id": "n_geo_new_zealand",
        "parent_node_id": "n_geo_new_zealand",
        "point_role": "municipal_reference_point",
        "point_place_name": "Nelson",
        "point_description": "Urban area on the South Island of New Zealand; \"City of Nelson\" prior to 1989 local government reforms",
        "source_url": "https://www.wikidata.org/wiki/Q206687",
        "wikidata_id": "Q206687",
        "wikidata_coordinate_claim": "q206687$80FF9E99-93F1-4258-9C74-058B88886912",
        "coordinate_precision": 1e-05,
        "retrieved_on": "2026-09-26",
        "license": "CC0-1.0",
        "source_coordinate_url": "https://www.wikidata.org/wiki/Special:EntityData/Q206687.json",
        "label_note": "Reference point: Nelson. This point does not represent the wine-region boundary."
      },
      "geometry": {
        "type": "Point",
        "coordinates": [
          173.238056,
          -41.293056
        ]
      }
    },
    {
      "type": "Feature",
      "properties": {
        "node": "n_geo_north_canterbury",
        "node_id": "n_geo_north_canterbury",
        "name": "North Canterbury",
        "country_node_id": "n_geo_new_zealand",
        "parent_node_id": "n_geo_new_zealand",
        "point_role": "municipal_reference_point",
        "point_place_name": "Amberley",
        "point_description": "town in New Zealand",
        "source_url": "https://www.wikidata.org/wiki/Q457210",
        "wikidata_id": "Q457210",
        "wikidata_coordinate_claim": "q457210$EF21E4D6-F2B8-4087-A5C7-A386CD5B457F",
        "coordinate_precision": null,
        "retrieved_on": "2026-09-26",
        "license": "CC0-1.0",
        "source_coordinate_url": "https://www.wikidata.org/wiki/Special:EntityData/Q457210.json",
        "label_note": "Reference point: Amberley. This point does not represent the wine-region boundary."
      },
      "geometry": {
        "type": "Point",
        "coordinates": [
          172.73055555556,
          -43.155555555556
        ]
      }
    },
    {
      "type": "Feature",
      "properties": {
        "node": "n_geo_waipara_valley",
        "node_id": "n_geo_waipara_valley",
        "name": "Waipara Valley",
        "country_node_id": "n_geo_new_zealand",
        "parent_node_id": "n_geo_north_canterbury",
        "point_role": "municipal_reference_point",
        "point_place_name": "Waipara",
        "point_description": "locality in Hurunui District, Canterbury Region, New Zealand",
        "source_url": "https://www.wikidata.org/wiki/Q985544",
        "wikidata_id": "Q985544",
        "wikidata_coordinate_claim": "Q985544$394eb574-4e2a-0a9d-17d9-623d0053c3f4",
        "coordinate_precision": 0.001,
        "retrieved_on": "2026-09-26",
        "license": "CC0-1.0",
        "source_coordinate_url": "https://www.wikidata.org/wiki/Special:EntityData/Q985544.json",
        "label_note": "Reference point: Waipara. This point does not represent the wine-region boundary."
      },
      "geometry": {
        "type": "Point",
        "coordinates": [
          172.759,
          -43.056
        ]
      }
    },
    {
      "type": "Feature",
      "properties": {
        "node": "n_geo_bannockburn",
        "node_id": "n_geo_bannockburn",
        "name": "Bannockburn",
        "country_node_id": "n_geo_new_zealand",
        "parent_node_id": "n_geo_central_otago",
        "point_role": "municipal_reference_point",
        "point_place_name": "Bannockburn",
        "point_description": "locality in Otago Region, New Zealand",
        "source_url": "https://www.wikidata.org/wiki/Q15196557",
        "wikidata_id": "Q15196557",
        "wikidata_coordinate_claim": "Q15196557$728DAB4D-4490-4E94-830E-B2DFCFDD8924",
        "coordinate_precision": 0.001,
        "retrieved_on": "2026-09-26",
        "license": "CC0-1.0",
        "source_coordinate_url": "https://www.wikidata.org/wiki/Special:EntityData/Q15196557.json",
        "label_note": "Reference point: Bannockburn. This point does not represent the wine-region boundary."
      },
      "geometry": {
        "type": "Point",
        "coordinates": [
          169.158,
          -45.089
        ]
      }
    },
    {
      "type": "Feature",
      "properties": {
        "node": "n_geo_western_cape",
        "node_id": "n_geo_western_cape",
        "name": "Western Cape",
        "country_node_id": "n_geo_south_africa",
        "parent_node_id": "n_geo_south_africa",
        "point_role": "gazetteer_reference_point",
        "point_place_name": "Western Cape",
        "point_description": "province of South Africa",
        "source_url": "https://www.wikidata.org/wiki/Q127167",
        "wikidata_id": "Q127167",
        "wikidata_coordinate_claim": "q127167$A1A635FE-63BE-4CD8-8E01-5A308346C19D",
        "coordinate_precision": 1,
        "retrieved_on": "2026-09-26",
        "license": "CC0-1.0",
        "source_coordinate_url": "https://www.wikidata.org/wiki/Special:EntityData/Q127167.json",
        "label_note": "Reference point: Western Cape. This point does not represent the wine-region boundary."
      },
      "geometry": {
        "type": "Point",
        "coordinates": [
          20,
          -34
        ]
      }
    },
    {
      "type": "Feature",
      "properties": {
        "node": "n_geo_coastal_region",
        "node_id": "n_geo_coastal_region",
        "name": "Coastal Region",
        "country_node_id": "n_geo_south_africa",
        "parent_node_id": "n_geo_western_cape",
        "point_role": "municipal_reference_point",
        "point_place_name": "Stellenbosch",
        "point_description": "town in the Western Cape, South Africa",
        "source_url": "https://www.wikidata.org/wiki/Q5460",
        "wikidata_id": "Q5460",
        "wikidata_coordinate_claim": "q5460$D62C87B1-5FDE-42CC-8951-BC56FFD940C9",
        "coordinate_precision": 0.00027777777777778,
        "retrieved_on": "2026-09-26",
        "license": "CC0-1.0",
        "source_coordinate_url": "https://www.wikidata.org/wiki/Special:EntityData/Q5460.json",
        "label_note": "Reference point: Stellenbosch. This point does not represent the wine-region boundary."
      },
      "geometry": {
        "type": "Point",
        "coordinates": [
          18.861388888889,
          -33.936666666667
        ]
      }
    },
    {
      "type": "Feature",
      "properties": {
        "node": "n_geo_cape_south_coast",
        "node_id": "n_geo_cape_south_coast",
        "name": "Cape South Coast",
        "country_node_id": "n_geo_south_africa",
        "parent_node_id": "n_geo_western_cape",
        "point_role": "municipal_reference_point",
        "point_place_name": "Hermanus",
        "point_description": "town in the Western Cape, South Africa",
        "source_url": "https://www.wikidata.org/wiki/Q1613480",
        "wikidata_id": "Q1613480",
        "wikidata_coordinate_claim": "q1613480$AD160FF4-8B58-4F70-BC79-3032AF8B5B45",
        "coordinate_precision": 1e-05,
        "retrieved_on": "2026-09-26",
        "license": "CC0-1.0",
        "source_coordinate_url": "https://www.wikidata.org/wiki/Special:EntityData/Q1613480.json",
        "label_note": "Reference point: Hermanus. This point does not represent the wine-region boundary."
      },
      "geometry": {
        "type": "Point",
        "coordinates": [
          19.3,
          -34.416667
        ]
      }
    },
    {
      "type": "Feature",
      "properties": {
        "node": "n_geo_stellenbosch",
        "node_id": "n_geo_stellenbosch",
        "name": "Stellenbosch",
        "country_node_id": "n_geo_south_africa",
        "parent_node_id": "n_geo_coastal_region",
        "point_role": "municipal_reference_point",
        "point_place_name": "Stellenbosch",
        "point_description": "town in the Western Cape, South Africa",
        "source_url": "https://www.wikidata.org/wiki/Q5460",
        "wikidata_id": "Q5460",
        "wikidata_coordinate_claim": "q5460$D62C87B1-5FDE-42CC-8951-BC56FFD940C9",
        "coordinate_precision": 0.00027777777777778,
        "retrieved_on": "2026-09-26",
        "license": "CC0-1.0",
        "source_coordinate_url": "https://www.wikidata.org/wiki/Special:EntityData/Q5460.json",
        "label_note": "Reference point: Stellenbosch. This point does not represent the wine-region boundary."
      },
      "geometry": {
        "type": "Point",
        "coordinates": [
          18.861388888889,
          -33.936666666667
        ]
      }
    },
    {
      "type": "Feature",
      "properties": {
        "node": "n_geo_paarl",
        "node_id": "n_geo_paarl",
        "name": "Paarl",
        "country_node_id": "n_geo_south_africa",
        "parent_node_id": "n_geo_coastal_region",
        "point_role": "municipal_reference_point",
        "point_place_name": "Paarl",
        "point_description": "town in the Western Cape, South Africa",
        "source_url": "https://www.wikidata.org/wiki/Q1018144",
        "wikidata_id": "Q1018144",
        "wikidata_coordinate_claim": "q1018144$237E503E-91AB-4BE7-8424-2C0AFA938057",
        "coordinate_precision": 1e-05,
        "retrieved_on": "2026-09-26",
        "license": "CC0-1.0",
        "source_coordinate_url": "https://www.wikidata.org/wiki/Special:EntityData/Q1018144.json",
        "label_note": "Reference point: Paarl. This point does not represent the wine-region boundary."
      },
      "geometry": {
        "type": "Point",
        "coordinates": [
          18.955833,
          -33.724167
        ]
      }
    },
    {
      "type": "Feature",
      "properties": {
        "node": "n_geo_swartland",
        "node_id": "n_geo_swartland",
        "name": "Swartland",
        "country_node_id": "n_geo_south_africa",
        "parent_node_id": "n_geo_coastal_region",
        "point_role": "gazetteer_reference_point",
        "point_place_name": "Swartland",
        "point_description": "region in South Africa",
        "source_url": "https://www.wikidata.org/wiki/Q7653942",
        "wikidata_id": "Q7653942",
        "wikidata_coordinate_claim": "Q7653942$EA502881-4A92-400D-BCC8-D23A4078D876",
        "coordinate_precision": 0.010756107169149,
        "retrieved_on": "2026-09-26",
        "license": "CC0-1.0",
        "source_coordinate_url": "https://www.wikidata.org/wiki/Special:EntityData/Q7653942.json",
        "label_note": "Reference point: Swartland. This point does not represent the wine-region boundary."
      },
      "geometry": {
        "type": "Point",
        "coordinates": [
          18.7833,
          -33.3667
        ]
      }
    },
    {
      "type": "Feature",
      "properties": {
        "node": "n_geo_constantia",
        "node_id": "n_geo_constantia",
        "name": "Constantia",
        "country_node_id": "n_geo_south_africa",
        "parent_node_id": "n_geo_coastal_region",
        "point_role": "municipal_reference_point",
        "point_place_name": "Constantia",
        "point_description": "suburb of Cape Town, South Africa",
        "source_url": "https://www.wikidata.org/wiki/Q1127739",
        "wikidata_id": "Q1127739",
        "wikidata_coordinate_claim": "q1127739$3AEED496-E4EF-4945-823B-01F7F9AF712E",
        "coordinate_precision": 0.00027777777777778,
        "retrieved_on": "2026-09-26",
        "license": "CC0-1.0",
        "source_coordinate_url": "https://www.wikidata.org/wiki/Special:EntityData/Q1127739.json",
        "label_note": "Reference point: Constantia. This point does not represent the wine-region boundary."
      },
      "geometry": {
        "type": "Point",
        "coordinates": [
          18.418333333333,
          -34.031388888889
        ]
      }
    },
    {
      "type": "Feature",
      "properties": {
        "node": "n_geo_walker_bay",
        "node_id": "n_geo_walker_bay",
        "name": "Walker Bay",
        "country_node_id": "n_geo_south_africa",
        "parent_node_id": "n_geo_cape_south_coast",
        "point_role": "municipal_reference_point",
        "point_place_name": "Hermanus",
        "point_description": "town in the Western Cape, South Africa",
        "source_url": "https://www.wikidata.org/wiki/Q1613480",
        "wikidata_id": "Q1613480",
        "wikidata_coordinate_claim": "q1613480$AD160FF4-8B58-4F70-BC79-3032AF8B5B45",
        "coordinate_precision": 1e-05,
        "retrieved_on": "2026-09-26",
        "license": "CC0-1.0",
        "source_coordinate_url": "https://www.wikidata.org/wiki/Special:EntityData/Q1613480.json",
        "label_note": "Reference point: Hermanus. This point does not represent the wine-region boundary."
      },
      "geometry": {
        "type": "Point",
        "coordinates": [
          19.3,
          -34.416667
        ]
      }
    },
    {
      "type": "Feature",
      "properties": {
        "node": "n_geo_elgin",
        "node_id": "n_geo_elgin",
        "name": "Elgin",
        "country_node_id": "n_geo_south_africa",
        "parent_node_id": "n_geo_cape_south_coast",
        "point_role": "municipal_reference_point",
        "point_place_name": "Grabouw",
        "point_description": "town in the Western Cape, South Africa",
        "source_url": "https://www.wikidata.org/wiki/Q1540958",
        "wikidata_id": "Q1540958",
        "wikidata_coordinate_claim": "q1540958$B6E2AFC8-7B39-4970-8684-65D24BCE79C2",
        "coordinate_precision": 0.016666666666667,
        "retrieved_on": "2026-09-26",
        "license": "CC0-1.0",
        "source_coordinate_url": "https://www.wikidata.org/wiki/Special:EntityData/Q1540958.json",
        "label_note": "Reference point: Grabouw. This point does not represent the wine-region boundary."
      },
      "geometry": {
        "type": "Point",
        "coordinates": [
          19.016666666667,
          -34.15
        ]
      }
    },
    {
      "type": "Feature",
      "properties": {
        "node": "n_geo_hemel_en_aarde_valley",
        "node_id": "n_geo_hemel_en_aarde_valley",
        "name": "Hemel-en-Aarde Valley",
        "country_node_id": "n_geo_south_africa",
        "parent_node_id": "n_geo_walker_bay",
        "point_role": "gazetteer_reference_point",
        "point_place_name": "Hemel-en-Aarde Valley",
        "point_description": "wine region",
        "source_url": "https://www.wikidata.org/wiki/Q31919666",
        "wikidata_id": "Q31919666",
        "wikidata_coordinate_claim": "Q31919666$8A73A107-324B-4408-904B-73E8F72E7B34",
        "coordinate_precision": 1e-05,
        "retrieved_on": "2026-09-26",
        "license": "CC0-1.0",
        "source_coordinate_url": "https://www.wikidata.org/wiki/Special:EntityData/Q31919666.json",
        "label_note": "Reference point: Hemel-en-Aarde Valley. This point does not represent the wine-region boundary."
      },
      "geometry": {
        "type": "Point",
        "coordinates": [
          19.22012,
          -34.39455
        ]
      }
    },
    {
      "type": "Feature",
      "properties": {
        "node": "n_geo_kakheti",
        "node_id": "n_geo_kakheti",
        "name": "Kakheti",
        "country_node_id": "n_geo_georgia",
        "parent_node_id": "n_geo_georgia",
        "point_role": "gazetteer_reference_point",
        "point_place_name": "Kakheti",
        "point_description": "region (mkhare) of Georgia",
        "source_url": "https://www.wikidata.org/wiki/Q169674",
        "wikidata_id": "Q169674",
        "wikidata_coordinate_claim": "q169674$E6A2007B-F635-4CCB-BD09-BCC33CE8711A",
        "coordinate_precision": 0.016666666666667,
        "retrieved_on": "2026-09-26",
        "license": "CC0-1.0",
        "source_coordinate_url": "https://www.wikidata.org/wiki/Special:EntityData/Q169674.json",
        "label_note": "Reference point: Kakheti. This point does not represent the wine-region boundary."
      },
      "geometry": {
        "type": "Point",
        "coordinates": [
          45.716666666667,
          41.75
        ]
      }
    },
    {
      "type": "Feature",
      "properties": {
        "node": "n_geo_kartli",
        "node_id": "n_geo_kartli",
        "name": "Kartli",
        "country_node_id": "n_geo_georgia",
        "parent_node_id": "n_geo_georgia",
        "point_role": "gazetteer_reference_point",
        "point_place_name": "Kartli",
        "point_description": "historical region in central-to-eastern Georgia",
        "source_url": "https://www.wikidata.org/wiki/Q459875",
        "wikidata_id": "Q459875",
        "wikidata_coordinate_claim": "Q459875$D1A47FE5-DEA2-4D57-875F-2449628AE0AF",
        "coordinate_precision": 0.011951276506649,
        "retrieved_on": "2026-09-26",
        "license": "CC0-1.0",
        "source_coordinate_url": "https://www.wikidata.org/wiki/Special:EntityData/Q459875.json",
        "label_note": "Reference point: Kartli. This point does not represent the wine-region boundary."
      },
      "geometry": {
        "type": "Point",
        "coordinates": [
          44.1152,
          41.9861
        ]
      }
    },
    {
      "type": "Feature",
      "properties": {
        "node": "n_geo_imereti",
        "node_id": "n_geo_imereti",
        "name": "Imereti",
        "country_node_id": "n_geo_georgia",
        "parent_node_id": "n_geo_georgia",
        "point_role": "gazetteer_reference_point",
        "point_place_name": "Imereti",
        "point_description": "region of Georgia",
        "source_url": "https://www.wikidata.org/wiki/Q200045",
        "wikidata_id": "Q200045",
        "wikidata_coordinate_claim": "q200045$306D2C6E-0598-4606-8024-C8661FBAFD6F",
        "coordinate_precision": 0.016666666666667,
        "retrieved_on": "2026-09-26",
        "license": "CC0-1.0",
        "source_coordinate_url": "https://www.wikidata.org/wiki/Special:EntityData/Q200045.json",
        "label_note": "Reference point: Imereti. This point does not represent the wine-region boundary."
      },
      "geometry": {
        "type": "Point",
        "coordinates": [
          42.983333333333,
          42.166666666667
        ]
      }
    },
    {
      "type": "Feature",
      "properties": {
        "node": "n_geo_bekaa_valley",
        "node_id": "n_geo_bekaa_valley",
        "name": "Bekaa Valley",
        "country_node_id": "n_geo_lebanon",
        "parent_node_id": "n_geo_lebanon",
        "point_role": "gazetteer_reference_point",
        "point_place_name": "Beqaa Valley",
        "point_description": "valley in eastern Lebanon",
        "source_url": "https://www.wikidata.org/wiki/Q202322",
        "wikidata_id": "Q202322",
        "wikidata_coordinate_claim": "q202322$3F55F5A2-F4D1-4BCE-A3CB-248BB4BE67A7",
        "coordinate_precision": 0.00027777777777778,
        "retrieved_on": "2026-09-26",
        "license": "CC0-1.0",
        "source_coordinate_url": "https://www.wikidata.org/wiki/Special:EntityData/Q202322.json",
        "label_note": "Reference point: Beqaa Valley. This point does not represent the wine-region boundary."
      },
      "geometry": {
        "type": "Point",
        "coordinates": [
          36.145277777778,
          34.008888888889
        ]
      }
    },
    {
      "type": "Feature",
      "properties": {
        "node": "n_geo_batroun",
        "node_id": "n_geo_batroun",
        "name": "Batroun",
        "country_node_id": "n_geo_lebanon",
        "parent_node_id": "n_geo_lebanon",
        "point_role": "gazetteer_reference_point",
        "point_place_name": "Batroun District",
        "point_description": "district in North Governorate, Lebanon",
        "source_url": "https://www.wikidata.org/wiki/Q26781",
        "wikidata_id": "Q26781",
        "wikidata_coordinate_claim": "q26781$459B4B4B-A7FA-40CB-B024-958194BBE624",
        "coordinate_precision": 0.016666666666667,
        "retrieved_on": "2026-09-26",
        "license": "CC0-1.0",
        "source_coordinate_url": "https://www.wikidata.org/wiki/Special:EntityData/Q26781.json",
        "label_note": "Reference point: Batroun District. This point does not represent the wine-region boundary."
      },
      "geometry": {
        "type": "Point",
        "coordinates": [
          35.65,
          34.25
        ]
      }
    },
    {
      "type": "Feature",
      "properties": {
        "node": "n_geo_mount_lebanon",
        "node_id": "n_geo_mount_lebanon",
        "name": "Mount Lebanon",
        "country_node_id": "n_geo_lebanon",
        "parent_node_id": "n_geo_lebanon",
        "point_role": "gazetteer_reference_point",
        "point_place_name": "Mount Lebanon Governorate",
        "point_description": "governorate of Lebanon",
        "source_url": "https://www.wikidata.org/wiki/Q216945",
        "wikidata_id": "Q216945",
        "wikidata_coordinate_claim": "q216945$FC23EE48-6482-4CC6-BF32-5E4DA61BDF6E",
        "coordinate_precision": 0.016666666666667,
        "retrieved_on": "2026-09-26",
        "license": "CC0-1.0",
        "source_coordinate_url": "https://www.wikidata.org/wiki/Special:EntityData/Q216945.json",
        "label_note": "Reference point: Mount Lebanon Governorate. This point does not represent the wine-region boundary."
      },
      "geometry": {
        "type": "Point",
        "coordinates": [
          35.533333333333,
          33.833333333333
        ]
      }
    }
  ]
}
